{
  "config": {
    "model_path": "teacher_mixed_blur_training/dinov3-vitl16-pretrain-lvd1689m_blur01/best_teacher_blur_model.pth",
    "blur_mode": "both",
    "batch_size": 256
  },
  "results": {
    "cyclegan": {
      "no_blur": {
        "dataset_name": "cyclegan",
        "blur_mode": "no_blur",
        "accuracy": 0.8160484481453444,
        "precision": 0.9105211406096362,
        "recall": 0.7009841029523088,
        "f1_score": 0.7921300256629598,
        "confusion_matrix": [
          [
            1230,
            91
          ],
          [
            395,
            926
          ]
        ],
        "total_samples": 2642,
        "time_seconds": 11.784695148468018
      },
      "global": {
        "dataset_name": "cyclegan",
        "blur_mode": "global",
        "accuracy": 0.5662376987130961,
        "precision": 0.609511889862328,
        "recall": 0.36866010598031795,
        "f1_score": 0.45943396226415095,
        "confusion_matrix": [
          [
            1009,
            312
          ],
          [
            834,
            487
          ]
        ],
        "total_samples": 2642,
        "time_seconds": 16.848506450653076
      }
    },
    "progan": {
      "no_blur": {
        "dataset_name": "progan",
        "blur_mode": "no_blur",
        "accuracy": 0.829,
        "precision": 0.7636217948717948,
        "recall": 0.953,
        "f1_score": 0.847864768683274,
        "confusion_matrix": [
          [
            2820,
            1180
          ],
          [
            188,
            3812
          ]
        ],
        "total_samples": 8000,
        "time_seconds": 12.80076813697815
      },
      "global": {
        "dataset_name": "progan",
        "blur_mode": "global",
        "accuracy": 0.66975,
        "precision": 0.685215493726132,
        "recall": 0.628,
        "f1_score": 0.6553613357683277,
        "confusion_matrix": [
          [
            2846,
            1154
          ],
          [
            1488,
            2512
          ]
        ],
        "total_samples": 8000,
        "time_seconds": 29.71066164970398
      }
    },
    "stylegan2": {
      "no_blur": {
        "dataset_name": "stylegan2",
        "blur_mode": "no_blur",
        "accuracy": 0.6770155232849274,
        "precision": 0.7422892392049348,
        "recall": 0.542313470205308,
        "f1_score": 0.6267361111111112,
        "confusion_matrix": [
          [
            6484,
            1504
          ],
          [
            3656,
            4332
          ]
        ],
        "total_samples": 15976,
        "time_seconds": 27.658998489379883
      },
      "global": {
        "dataset_name": "stylegan2",
        "blur_mode": "global",
        "accuracy": 0.5149599399098648,
        "precision": 0.5347889374090248,
        "recall": 0.2299699549323986,
        "f1_score": 0.3216317955003064,
        "confusion_matrix": [
          [
            6390,
            1598
          ],
          [
            6151,
            1837
          ]
        ],
        "total_samples": 15976,
        "time_seconds": 71.08118915557861
      }
    },
    "stylegan": {
      "no_blur": {
        "dataset_name": "stylegan",
        "blur_mode": "no_blur",
        "accuracy": 0.6512268402603906,
        "precision": 0.7425053533190579,
        "recall": 0.4630278751460524,
        "f1_score": 0.5703711319008944,
        "confusion_matrix": [
          [
            5029,
            962
          ],
          [
            3217,
            2774
          ]
        ],
        "total_samples": 11982,
        "time_seconds": 21.986849546432495
      },
      "global": {
        "dataset_name": "stylegan",
        "blur_mode": "global",
        "accuracy": 0.5236187614755466,
        "precision": 0.5708562844266399,
        "recall": 0.19028542814221333,
        "f1_score": 0.28542814221331997,
        "confusion_matrix": [
          [
            5134,
            857
          ],
          [
            4851,
            1140
          ]
        ],
        "total_samples": 11982,
        "time_seconds": 44.187318563461304
      }
    },
    "adm": {
      "no_blur": {
        "dataset_name": "adm",
        "blur_mode": "no_blur",
        "accuracy": 0.6463333333333333,
        "precision": 0.9412060301507538,
        "recall": 0.31216666666666665,
        "f1_score": 0.4688360450563204,
        "confusion_matrix": [
          [
            5883,
            117
          ],
          [
            4127,
            1873
          ]
        ],
        "total_samples": 12000,
        "time_seconds": 20.58688735961914
      },
      "global": {
        "dataset_name": "adm",
        "blur_mode": "global",
        "accuracy": 0.53175,
        "precision": 0.5927007299270073,
        "recall": 0.203,
        "f1_score": 0.30242085661080076,
        "confusion_matrix": [
          [
            5163,
            837
          ],
          [
            4782,
            1218
          ]
        ],
        "total_samples": 12000,
        "time_seconds": 57.60914945602417
      }
    },
    "vqdm": {
      "no_blur": {
        "dataset_name": "vqdm",
        "blur_mode": "no_blur",
        "accuracy": 0.84775,
        "precision": 0.971738638932851,
        "recall": 0.7163333333333334,
        "f1_score": 0.8247145735392881,
        "confusion_matrix": [
          [
            5875,
            125
          ],
          [
            1702,
            4298
          ]
        ],
        "total_samples": 12000,
        "time_seconds": 19.7649564743042
      },
      "global": {
        "dataset_name": "vqdm",
        "blur_mode": "global",
        "accuracy": 0.6369166666666667,
        "precision": 0.7434074074074074,
        "recall": 0.4181666666666667,
        "f1_score": 0.5352533333333334,
        "confusion_matrix": [
          [
            5134,
            866
          ],
          [
            3491,
            2509
          ]
        ],
        "total_samples": 12000,
        "time_seconds": 88.97620010375977
      }
    },
    "sdv14": {
      "no_blur": {
        "dataset_name": "sdv14",
        "blur_mode": "no_blur",
        "accuracy": 0.986,
        "precision": 0.9824619457313037,
        "recall": 0.9896666666666667,
        "f1_score": 0.986051145798738,
        "confusion_matrix": [
          [
            5894,
            106
          ],
          [
            62,
            5938
          ]
        ],
        "total_samples": 12000,
        "time_seconds": 27.481346368789673
      },
      "global": {
        "dataset_name": "sdv14",
        "blur_mode": "global",
        "accuracy": 0.90375,
        "precision": 0.8706962509563887,
        "recall": 0.9483333333333334,
        "f1_score": 0.9078579976067013,
        "confusion_matrix": [
          [
            5155,
            845
          ],
          [
            310,
            5690
          ]
        ],
        "total_samples": 12000,
        "time_seconds": 47.72237753868103
      }
    },
    "sdv15": {
      "no_blur": {
        "dataset_name": "sdv15",
        "blur_mode": "no_blur",
        "accuracy": 0.984375,
        "precision": 0.9804116042648153,
        "recall": 0.9885,
        "f1_score": 0.9844391883480642,
        "confusion_matrix": [
          [
            7842,
            158
          ],
          [
            92,
            7908
          ]
        ],
        "total_samples": 16000,
        "time_seconds": 35.67749333381653
      },
      "global": {
        "dataset_name": "sdv15",
        "blur_mode": "global",
        "accuracy": 0.9001875,
        "precision": 0.8701583998150075,
        "recall": 0.94075,
        "f1_score": 0.9040783230224038,
        "confusion_matrix": [
          [
            6877,
            1123
          ],
          [
            474,
            7526
          ]
        ],
        "total_samples": 16000,
        "time_seconds": 66.48445057868958
      }
    },