platform,label,path,size_bytes,mtime_ns,sha256
reddit,0,reddit/0_real/0000.jpg,2290847,1710328160000000000,b6e518c46f4e6003bc84f1796746c54fd7f31e92e954a1483e7ac52fe5bfb421
reddit,0,reddit/0_real/0001.jpg,241220,1710328154000000000,df93ac24aecda85d4b1add425c9f09b43b9ba4167a6ae0e78988d069baa094fe
reddit,0,reddit/0_real/0002.jpg,3513851,1710328144000000000,1b8528ce12df7453c4d9794962c8f89d9c7f799c4b94a6c652ac480372f66694
reddit,0,reddit/0_real/0003.jpg,224822,1710328150000000000,02c2af1b391c3b2b9c8d0312a1f643bdb42a9d618db12b2a4c47d49f13435fd0
reddit,0,reddit/0_real/0004.jpg,151758,1710328148000000000,da6d37651ad449825ca7919d88eebec6cb6506d5e317342c39894f19d526da1c
reddit,0,reddit/0_real/0005.jpg,150074,1710328146000000000,5bf1c28297d564eece8e1c977310d4b9a16c02c52eef5a425fba02fe26e0922c
reddit,0,reddit/0_real/0006.jpg,44457,1710328162000000000,51cd6aab08cb0b1618f3362a125abc4ea12ef020ab0605e5c23cf7f284416755
reddit,0,reddit/0_real/0007.jpg,160969,1710328152000000000,763aac24b52980b1f554de63a6b9f37f5aeff098ed842f541839a6098cebdbcc
reddit,0,reddit/0_real/0008.jpg,28500,1710328158000000000,60a027c552f1e86cb8dbdb9b34da3a0c172beac44ab965dd38f2209288b9b0d2
reddit,0,reddit/0_real/0009.jpg,229710,1710328150000000000,927bca0e09d1e0df0b6bf147eb7c66fafa6d5a7c528c4e2bfd248e855f096fde
reddit,0,reddit/0_real/0010.jpg,1093651,1710328140000000000,f78b1cd202c137fafe340b965d96f43d8f88cc591f80bc2917f40d39761979ac
reddit,0,reddit/0_real/0011.jpg,14663,1710328152000000000,887b5389c504401855cabcec2c07b2fb904bd3f45558a69379212e5f5db58a90
reddit,0,reddit/0_real/0012.jpg,58160,1710328144000000000,1e3b6303c198707d871ea0c0be2a37dd7277cd924140e12a667758f7a0949302
reddit,0,reddit/0_real/0013.jpg,90170,1710328140000000000,90740fb7636dc6082ffe58714a1809c74e067a4c71589201f5df82092c219ba1
reddit,0,reddit/0_real/0014.jpg,595424,1710328158000000000,b80bfd8a3b569680f112530ef4333cc1aec7fdaa7f1df368d376f9d966e22cc0
reddit,0,reddit/0_real/0015.jpg,1909440,1710328156000000000,a3e227afc9dd4e4fb984b7c764d4f007aa333265f7a82fe4e2303de7d4bfccb4
reddit,0,reddit/0_real/0016.jpg,1995141,1710328152000000000,f4ce31ea5c9d9270f7299139f34eb7c795cd6d1348a2e36d675f4b35146fe6b8
reddit,0,reddit/0_real/0017.jpg,101641,1710328152000000000,5f3db4d7252f18661e543920a00c4fe652ef378752053cf347fe27782463f124
reddit,0,reddit/0_real/0018.jpg,665552,1710328140000000000,aeb193720007923dd2dd6a39ff3b8075b36292286497940d06cca87999c8a568
reddit,0,reddit/0_real/0019.jpg,976907,1710328154000000000,d2edbda131ea9e706c6ea2a18a8d9e76d3085713ce427d48543e5fc02cf968fa
reddit,0,reddit/0_real/0020.jpg,728322,1710328154000000000,252539a4b685d4c8904399a8f62ce0bee28946eedc22a0b3ee6e38e357966ace
reddit,0,reddit/0_real/0021.jpg,559962,1710328148000000000,de9a4c1cdb8344023df6e777b19979c6b8f3b9b200199a19bc6046bc9ff78327
reddit,0,reddit/0_real/0022.jpg,1347349,1710328150000000000,bf240958dc7bde823309a31a2578d01bbdfe162ad4330792ae6488e903eaf6db
reddit,0,reddit/0_real/0023.jpg,515372,1710328148000000000,7d0fae6f0dfaaa54745a810c569f0750fbffc5d7011864a7c094eb3acecd59f4
reddit,0,reddit/0_real/0024.jpg,178857,1710328150000000000,80749ff5d8ed31339d1727c0e97f37d8c8c1e11bc229a708b201027ea7beaa51
reddit,0,reddit/0_real/0025.jpg,1431008,1710328156000000000,76a24066f28899110f662d38848591a1d5711281eff063e3c6643e767e194f48
reddit,0,reddit/0_real/0026.jpg,50217,1710328158000000000,d24b45da60077350925146161a7e92108f189e59deffd5476904d9e90e732adf
reddit,0,reddit/0_real/0027.jpg,420084,1710328142000000000,7a3a244ed681bcca400f355a32c881c62a68915305f25654af759ecdcd12575d
reddit,0,reddit/0_real/0028.jpg,1245370,1710328152000000000,b6bfdc61e392b17763fbd13464ebd1e1c5b7fedaf9f03b59a453694659aa1395
reddit,0,reddit/0_real/0029.jpg,311798,1710328150000000000,8a575cf1fcae8d091ee855b86d9491bb8030293a6390c9348bb43b0a7dc319eb
reddit,0,reddit/0_real/0030.jpg,1337363,1710328154000000000,fbb3b9333d1a859cdc713988ce0f95430c8dd02d4e6fa47819f994179b061040
reddit,0,reddit/0_real/0031.jpg,2470090,1710328158000000000,8d2dbde3744f967eb0a96612a057662e2852fe485a70f2788cf53819288632ca
reddit,0,reddit/0_real/0032.png,848602,1710328156000000000,63eac80abf8439a5ea73ccdeb220d1f300e9e00ada0f22fcdd3440d7ad450c73
reddit,0,reddit/0_real/0033.png,2514866,1710328146000000000,6a2bc5f3935ba6398c58ba5c06ec7abea946ca0ee75cfca354eec9cc88c5b822
reddit,0,reddit/0_real/0034.jpg,303398,1710328148000000000,cbf53288677371d824b20a3d97f865876ac7b2eb36089b24b56b1c84cf4890dd
reddit,0,reddit/0_real/0035.jpg,1187005,1710328140000000000,4e986ecf45df00fdec9763b3356d1244cdf23e1fe3826070889954a2008b068e
reddit,0,reddit/0_real/0036.jpg,1608675,1710328152000000000,cd9eaf1b970bdcb44ca339a5a532186c1f967e2b173221935f15efd6910c2dd7
reddit,0,reddit/0_real/0037.jpg,1272859,1710328154000000000,89c3b63d1b27c6fcc992087f49d74b5e305a74c2c7214358bed6936b6f2fc874
reddit,0,reddit/0_real/0038.jpg,61735,1710328152000000000,65f89361e7c69964eecb13b048855a50c8145ebcfbf41fb2ef67c500a4b1d55f
reddit,0,reddit/0_real/0039.jpg,47995,1710328156000000000,5b4426f425f15ef285ee5c7b2d0637cceac40799706c1aea60a36ea9321eb0e2
reddit,0,reddit/0_real/0040.jpg,15374,1710328142000000000,466febbf7a3dcf81be6dc52c2ef4005e14f9986b9a01568a14b14f1a47975c05
reddit,0,reddit/0_real/0041.jpg,173218,1710328162000000000,8a9b70e49d902dc7968735b4d2452297c5c33d56e787da6b43fd58b977c245e9
reddit,0,reddit/0_real/0042.jpg,138080,1710328146000000000,2d9fdfaec07c6d22f87f98ba2342ebb8d2af44dfe4295a08d79673e3c4953dfa
reddit,0,reddit/0_real/0043.jpg,72818,1710328158000000000,f9182ef492191d6dd9feee255225d203c2719caa879b4859bce78f5222af9def
reddit,0,reddit/0_real/0044.jpg,102339,1710328156000000000,3ca5a4933ff29fb590b5b94d02fd0198e7881613553fbac070630e95128710e0
reddit,0,reddit/0_real/0045.jpg,585439,1710328150000000000,2d99e59e8d2afdfc994b7b3907338396045b78addfb4a1203f5c9371451ffb1e
reddit,0,reddit/0_real/0046.jpg,194995,1710328162000000000,4bec293ed9abfa019440062e86f7820f04658c31679e2101e577b49947fe9b81
reddit,0,reddit/0_real/0047.jpg,154847,1710328142000000000,b67c6945178e1084565c465e7ed8c07d11492c99441e66edf8fc34e36342ed06
reddit,0,reddit/0_real/0048.jpg,106886,1710328154000000000,639fec5aac878160a1e51d2606ca5c70649e62c9c1637a5a2280ed04352e43e3
reddit,0,reddit/0_real/0049.jpg,74403,1710328160000000000,9afea5c89edd91d17fca9d67f0721a9e7acb160af054f9415a3f06e27addbc34
reddit,0,reddit/0_real/0050.jpg,67420,1710328162000000000,e6184ec43ac191d389c4d993260003b3a8c0ec7027c272a8bdab718d589dbb9d
reddit,0,reddit/0_real/0051.jpg,293105,1710328148000000000,d62e1bc1d7ff3ca5fbdd058afd64da000fc05872ae5e6772c316cb035a6a433f
reddit,0,reddit/0_real/0052.jpg,32164,1710328156000000000,630ff5547b7ce9db5fa64141e8a9457c9cbb4eacfbad900f787bbffa662bd20b
reddit,0,reddit/0_real/0053.jpg,1011601,1710328140000000000,3ce6c6713ac3ac87003f159e13aa02f0f8c3b5a7f4dc3f0b500d22af4b4356c2
reddit,0,reddit/0_real/0054.jpg,322695,1710328162000000000,79186e208396bb4c57be21e5ccb67d6544bcc806102b97ecd651b5dbddee9531
reddit,0,reddit/0_real/0055.png,10302642,1710328156000000000,37cb9fb06559a684f3b29b8fc7dac808fa80962c5198c7e3f95e2352387f894a
reddit,0,reddit/0_real/0056.jpg,267026,1710328144000000000,68d368b1454e3964dfc2b3df13af69f0b1861feceae3255315cf002f3e543665
reddit,0,reddit/0_real/0057.jpg,109831,1710328144000000000,24a7c716bbfe5ce7bc85d715caa7bb3a16c9795d98ec6d9dd493441f329c7d4e
reddit,0,reddit/0_real/0058.jpg,139047,1710328146000000000,ac8f32492d7142a1ec8cee2a26edd7b2e385a250253f9f7cbb2fec0f224b5cb9
reddit,0,reddit/0_real/0059.jpg,79364,1710328154000000000,a176627ddc182b015c7538a131dfe0baa0b2d25290de5dd5453f80af72f1287e
reddit,0,reddit/0_real/0060.jpg,2991532,1710328142000000000,1e063ed35c086b753d8e7944a40c0d5fa480af4604b1c875a2eafb2de1390850
reddit,0,reddit/0_real/0061.jpg,99887,1710328150000000000,c8682855c2b09603865e3862e7a863a5c253cb6f9388a734b9e2512f1c67a0a6
reddit,0,reddit/0_real/0062.jpg,1525362,1710328148000000000,c4264be68b5dd3afa31fd4fe2c62cf0ac3cf3a401e6b11b53c4fcba8ac879c2d
reddit,0,reddit/0_real/0063.jpg,530939,1710328160000000000,ed5b417f262fb2666a75c93624cb85fff4e7c7a91a2d442e57b84155fb64a9da
reddit,0,reddit/0_real/0064.jpg,795476,1710328150000000000,a845e9c362bf43d49ac3fc3cced2d54b625f4b0ed7b75dd9e140609d8e5e2fdb
reddit,0,reddit/0_real/0065.jpg,1294492,1710328160000000000,e78c41da8d7d57ceeb51834c7a4118948f95c29b0a2a03024499326132ea3cdd
reddit,0,reddit/0_real/0066.jpg,661088,1710328154000000000,79d732271c3570c1a8781f5cbc527fe00e6b5c38e07246d7cdc8c595311bf613
reddit,0,reddit/0_real/0067.jpg,1047869,1710328160000000000,1cf3fc2cf82b26d162d503f9d5d9a35486f08a29b81dac3b2e77f97f561dbfec
reddit,0,reddit/0_real/0068.jpg,150288,1710328140000000000,b893fadaa627963f2ad9ee6a12a4ebf29b4d8893ea82234483847fc8c88ee245
reddit,0,reddit/0_real/0069.jpg,1430279,1710328150000000000,f3fc9cbaa7d2062f71559e467505f0a52626c247f6d52f1fdec92556c8c28828
reddit,0,reddit/0_real/0070.jpg,145122,1710328140000000000,b1e0de5e1f99f74e414f8657beb52efa14dccf617a6a5fa396bc06b20d4b0503
reddit,0,reddit/0_real/0071.jpg,160350,1710328144000000000,b6ea52ad68e8c8d5350c9541af753233627a983b6d7a2467944440e6abbc7a02
reddit,0,reddit/0_real/0072.jpg,75169,1710328148000000000,48ed81997ba9c5a487db0b0c71d31e6b2b0e9e1447fa96d17b4de2394b694693
reddit,0,reddit/0_real/0073.jpg,1079310,1710328154000000000,5fce45a11c12462fa89ba69a198fecd1cad7eedca5339adabdf25d872edf775c
reddit,0,reddit/0_real/0074.jpg,2566268,1710328162000000000,ad8e7fc6600d48871d7b0cf1c8740895c1ba8bde1c7bbf2a3927c61fa2bf6708
reddit,0,reddit/0_real/0075.jpg,55522,1710328140000000000,ff476c803da221da93fc418587550ef35986c8cbe24daa1622c72ccbd8801dc8
reddit,0,reddit/0_real/0076.jpg,1072379,1710328154000000000,e15234f926fd5aa447291037c1acdb314b735972b853d621cc99c25a7475365c
reddit,0,reddit/0_real/0077.jpg,137354,1710328160000000000,ce57cbe1d1b0cc5ec1abe3906dbda91f323f429ac53f388e6b18669e92883e88
reddit,0,reddit/0_real/0078.jpg,1126046,1710328152000000000,3d91b2e316cd30e57992529390f003fda6fe589998811c2f5da44bf316c08068
reddit,0,reddit/0_real/0079.jpg,1420800,1710328156000000000,91bf19b3d030eb9f011feb70dfe5aed3062efe9a052a70c46c68c86ffd4a699c
reddit,0,reddit/0_real/0080.jpg,516755,1710328160000000000,79c40fd9f08a5890f6e975dae59687dc75f124c7153405f3002c41463feb3bf3
reddit,0,reddit/0_real/0081.jpg,1076823,1710328158000000000,fc49cd805e8f4c641551f0552f1955591ca8bcc947fc092596198a99c9fe046e
reddit,0,reddit/0_real/0082.jpg,49263,1710328146000000000,762f02dcae162f77e6fe6d619f00657cc07c032db3bbbf2d14a55a8d9b3cfdf7
reddit,0,reddit/0_real/0083.jpg,1100382,1710328162000000000,0543c8b80d644f1659ba804f728582da9dee66556237cd0c0f8aa3565dc3afc7
reddit,0,reddit/0_real/0084.jpg,320054,1710328152000000000,1453553e1adb58f1e9c312a7e325185a3f5873f7ff786c127cabfea83a73ccf9
reddit,0,reddit/0_real/0085.jpg,145565,1710328148000000000,684776e39918e9678487bebf9020645a0e484598e02e00c61165875d32118604
reddit,0,reddit/0_real/0086.jpg,2628969,1710328144000000000,f3c4a71ca8eb757a02d13cb3690b88f9c0012545b3e277d4f868f7e89df6cbfa
reddit,0,reddit/0_real/0087.jpg,246352,1710328152000000000,205ce5457cb40d897346f4aa0b0636d7eba339d84276802a1f4921bbfa480106
reddit,0,reddit/0_real/0088.jpg,1552704,1710328158000000000,0f96e38dda3f396b396d630f3a8c4229ec6d83d9fc372b375b5bc85bce73bb15
reddit,0,reddit/0_real/0089.jpg,940467,1710328156000000000,09b9a077d49817a9d3ed957182195a23e395ba527bcf93498a87152f4aa5489e
reddit,0,reddit/0_real/0090.jpg,241642,1710328144000000000,b0961534b37297ebdf865abc24ab1d08bc89aafd5d130fdd7179365147d27e8d
reddit,0,reddit/0_real/0091.jpg,128004,1710328146000000000,2888a90d31e355eeccc1ad245ef4fc56e8853cc77ab01523372a8c9493deb1d0
reddit,0,reddit/0_real/0092.jpg,340865,1710328144000000000,3d8ba310647be8c5388515855767a5babc4457482197ab8f8a3b46782900edc7
reddit,0,reddit/0_real/0093.jpg,1502569,1710328154000000000,1b90ba138613cc80ee99fc299d1b18e9b3d8876b691f101a4056452d635d80e2
reddit,0,reddit/0_real/0094.jpg,721710,1710328146000000000,ad719e6b66f888715e5775f03b5d61c41c9c5657c6255c2cfba8e4698ecf88dd
reddit,0,reddit/0_real/0095.jpg,727087,1710328150000000000,801b075488ce4a7b5201bd493d81af19aef6914f33a0d8bbaaa255ed41cd0258
reddit,0,reddit/0_real/0096.jpg,1318724,1710328156000000000,649e29d899ebf649f21f26f3263dc494b61c961658f4fbbf0e43ab695a4b5f2b
reddit,0,reddit/0_real/0097.jpg,371830,1710328146000000000,5644c0935cb185783755056745785a336b643e00085d36ddf0f2f4456b42975a
reddit,0,reddit/0_real/0098.jpg,2005011,1710328154000000000,f33ceb96b1cdf608169a5ee9d656c58c65412742d843af026716ae7b07c7a295
reddit,0,reddit/0_real/0099.jpg,1794169,1710328156000000000,59afc0038ae06cf68720fd6d2aeb4aad89adb0c361bf7a2b24ff0182d4649bca
reddit,0,reddit/0_real/0100.jpg,48114,1710328156000000000,b1fd65133773fc86dcb82e7912e002a52ea395eec8d631ddb8c91b0ee538318d
reddit,0,reddit/0_real/0101.jpg,409622,1710328158000000000,0b638c75a9428ec03e35e9841a5daf675d67b86d424585caaeae9cadde7bc32e
reddit,0,reddit/0_real/0102.jpg,789449,1710328144000000000,624e88fd60efc7d2c53cd7e46b6b95522a637526a58ef92b771c8a38773b0298
reddit,0,reddit/0_real/0103.jpg,102603,1710328160000000000,700258f7a489f58207fbf539f31e6381d6b1efead54209c79834c3a3166173b2
reddit,0,reddit/0_real/0104.jpg,904624,1710328144000000000,de486733d3e811cdf3afe7848eec8ebef63a1b8d83eec3400b256d03a21b29f3
reddit,0,reddit/0_real/0105.png,993563,1710328140000000000,0722bad7949a078a044cc3336514c87d3b7be6e97bab34c867eaea1ba29e9397
reddit,0,reddit/0_real/0106.jpg,961170,1710328162000000000,6b0ed793aee0f32ccc273e143c745c60899c2f9cd981dcca6e0004288ac8c400
reddit,0,reddit/0_real/0107.jpg,89954,1710328156000000000,c626c69735a90da6425583b2bcb14bdc02949594127f19833ae15a64737c4084
reddit,0,reddit/0_real/0108.jpg,88243,1710328158000000000,684568fc84284ca36aa14fb5ff80e9e377171a98b02fd15ccc7b8275aa1037d7
reddit,0,reddit/0_real/0109.jpg,1533943,1710328140000000000,0f50c9b039f96c4881a97913a1fb37c16e2f37fe8eb3cce5e2e6a1252f13163e
reddit,0,reddit/0_real/0110.jpg,2812806,1710328152000000000,03967da294626de8a0594f46932e192e1a270e6c2c20c67432539d3c251b31d1
reddit,0,reddit/0_real/0111.jpg,907781,1710328146000000000,1261c5d047d13459bd5fac54c46792bb0086b4141a533d0decc74a34d94ada86
reddit,0,reddit/0_real/0112.jpg,650197,1710328146000000000,37979678b1b291169ddfafcd6c1ff7648d0ffc18e8ea73d4ed3ccf3ff4939852
reddit,0,reddit/0_real/0113.jpg,577455,1710328156000000000,545260b4820b7705b77385e37800980da61bc43ef0ccafda137b179410dd8793
reddit,0,reddit/0_real/0114.jpg,158005,1710328158000000000,cab4a7391cfd056632c851a0c0b6642e88f9f055eaba92477f782660e8203b1f
reddit,0,reddit/0_real/0115.jpg,511943,1710328142000000000,47138500c260eb5cfd5fecc3f23b70e8e336d40680e9b6f9840deb823859d8ff
reddit,0,reddit/0_real/0116.png,668674,1710328158000000000,454f3a5d1ec94daa67e9022a125e84d59886d278cbeeb93fc76e730e5ec6815a
reddit,0,reddit/0_real/0117.jpg,774860,1710328144000000000,acf180af4887c649f4d50254e39620a9eae5eba2fc1de78c8e1feeb9484866c0
reddit,0,reddit/0_real/0118.jpg,1762774,1710328154000000000,68eed61f16c9b513e8489d7eb97c69c315926da6c4a378a6e0e5d7b18d203317
reddit,0,reddit/0_real/0119.jpg,478386,1710328154000000000,50cc163d1e235cfad15aac2d8f52bf1dc61355934355c8d029adf2cd0c070d33
reddit,0,reddit/0_real/0120.jpg,436916,1710328156000000000,8c63abe7de002d38b0771b46dd6e2a72f4152d91ef847d2ca8a1bf4b1b307bd3
reddit,0,reddit/0_real/0121.jpg,3073797,1710328156000000000,ee9619be39c9f214f99d01b59e6e209fb307abdd3e349b51e031827d276aed0b
reddit,0,reddit/0_real/0122.jpg,1294025,1710328154000000000,63191b8cf49ec83f179dc417613be722885e7695b465f32aed7cef5ff3a4dfcf
reddit,0,reddit/0_real/0123.jpg,1058604,1710328150000000000,5309ec06e121cfbdf0ceaa6c6530d62c83c3d86695d03a22bd207a8dd75e2a3a
reddit,0,reddit/0_real/0124.png,1912189,1710328142000000000,66ebf66425190fba0b8a0669e72f491865114f5276e44b03b88fc7f197ef9b4b
reddit,0,reddit/0_real/0125.jpg,34703,1710328160000000000,b0471193bca86ff8c751b3c5c8b5006ba0be853c4b93fdb495a0138f50e70138
reddit,0,reddit/0_real/0126.jpg,1746828,1710328142000000000,d8c7238529903eb278210b95d767bb5ed39bfbcfd821492d72c985515ad54cea
reddit,0,reddit/0_real/0127.jpg,1633069,1710328156000000000,fcbca937d812f12a3f6bdc87ffa996748b4ffafe602b9abe44b8d8a6aa98142b
reddit,0,reddit/0_real/0128.jpg,486386,1710328148000000000,97030bf0154df21a3bf54859dc4e203769b876e93bea6185616f1962e92f30e1
reddit,0,reddit/0_real/0129.jpg,277975,1710328142000000000,6f3117a5a45600c5a076b29082189e22f75fb9a53d76fd153f6aff48f6b7c6f4
reddit,0,reddit/0_real/0130.jpg,228905,1710328154000000000,37ecd08ec7a909e208f076e9437a1387e7af515fc5841e99f36b434adf613f23
reddit,0,reddit/0_real/0131.jpg,1201679,1710328148000000000,a782e11f10ecbe02a672880e30cbff6e7fc73c524caa8c8f5fbe3fd7de862482
reddit,0,reddit/0_real/0132.jpg,549083,1710328152000000000,d7c909063dee2bf383365dd0fb00f12d5898c09039fdece9641758c9f0ed602f
reddit,0,reddit/0_real/0133.jpg,54270,1710328142000000000,543f63f8e1d9a5bcdc507d056f239fe164aed49b178333f32dbc88dd3776e5c6
reddit,0,reddit/0_real/0134.jpg,1220780,1710328144000000000,2320451926b1cb3f329ccce5afc99d7df1dab51c167f5b609182ee3e1f7dc943
reddit,0,reddit/0_real/0135.jpg,1674487,1710328146000000000,d7a38fe2742ace2ccc8d63abfd1add905940f013eab3273324b1a0d5b7fbbf15
reddit,0,reddit/0_real/0136.jpg,1038759,1710328154000000000,c3514f7a5ea7d88507457236019a0a24a08e65ab67c18a58ea940c63dac094da
reddit,0,reddit/0_real/0137.jpg,1012938,1710328144000000000,a0f562896e2b99f3c02bf798f0ffa5a9d16a260c09c250c6e1e101808e7d967a
reddit,0,reddit/0_real/0138.jpg,629522,1710328142000000000,df31cbb67f0bc77d716df6ef9e8e98e66ccd32793aab30717d78034f7f45da70
reddit,0,reddit/0_real/0139.jpg,23628,1710328154000000000,545ab1a68c942762c29a461e546c0a85f42c332c6ec5a8beafde710efad1bc28
reddit,0,reddit/0_real/0140.jpg,153419,1710328152000000000,749e89ccf03c75e09951cf163dee99dca9bf25cbf19ecfc24dbdad99cdb5ad2f
reddit,0,reddit/0_real/0141.jpg,273214,1710328140000000000,1baa3c91e8dc290b15163410880bf81256eb23446107e98a261fe6abab375ed2
reddit,0,reddit/0_real/0142.jpg,374559,1710328156000000000,4d1d325899df752580d77448db7e757ff9d5f42f4d2ed12cc325ee28057e19ac
reddit,0,reddit/0_real/0143.jpg,1225825,1710328142000000000,4a69c912ff2b7ac0930b43dcf781eb443554332cd913cbc5ec4f708a8b5ac680
reddit,0,reddit/0_real/0144.jpg,1586453,1710328142000000000,3ac757e870fd7d2ad585a0c7a2554c52ef5437a498c0c99453303f7cf1b98f0d
reddit,0,reddit/0_real/0145.jpg,44810,1710328142000000000,94b6d261ac911c15bde679d23c352958c52b24a23df82b60a3783c05377845b9
reddit,0,reddit/0_real/0146.jpg,732587,1710328162000000000,71a232681a924c3208bdb42940a890fd9d1227ade5bd5ea919b50b2c87727f43
reddit,0,reddit/0_real/0147.jpg,1126050,1710328158000000000,79a0e2b0bc0beddde2c4d15b3d030367576e6c10f6eb708007cda902ec895f80
reddit,0,reddit/0_real/0148.jpg,207868,1710328162000000000,4b08f06583e5753bd873f89fc8775e48555f845038fbb0712f81d66bb626770b
reddit,0,reddit/0_real/0149.jpg,357661,1710328156000000000,9436dc38d554912fcd376b90857f281f0f9e9e0d1fcc2a726a40aea9709444da
reddit,0,reddit/0_real/0150.jpg,1261221,1710328146000000000,2af2e6190000f9f698d93374f23c93ee1cb9af1721a96f3a58723442daa94f1d
reddit,0,reddit/0_real/0151.jpg,893180,1710328146000000000,ea24c6a1dd853d7d5ed1646852ae2d1306186261029faadd72023a2fb9e5d79e
reddit,0,reddit/0_real/0152.jpg,1061860,1710328162000000000,8b599f160be2d5137b7543b4ff31611351770884ee40cf26a35ab0d44bf5d19e
reddit,0,reddit/0_real/0153.png,813419,1710328144000000000,632d321ccdea5e776b33bedf7358e014d177a30419f5c5ebc1a375fd8e8c1798
reddit,0,reddit/0_real/0154.jpg,95886,1710328146000000000,51770218067b3b743ce831163f8ac3ff0828cf5b40c10831761f44bf6a5c0814
reddit,0,reddit/0_real/0155.jpg,148113,1710328148000000000,b8e4084121b3c225c19d3a3092801ba5123d779695c33ea3665c42fc3f52f4a3
reddit,0,reddit/0_real/0156.jpg,1350372,1710328144000000000,1395f2fa897904c4b8ecc35e58251ddb655faf9c68c1bab25d273ec683e25a78
reddit,0,reddit/0_real/0157.jpg,796170,1710328154000000000,ba1f503fe2385fabbaac60546a987db7cf5dc861e920169a6d69faeef4893397
reddit,0,reddit/0_real/0158.jpg,412825,1710328146000000000,3b13b6262304661c0d6bdcdab60b437bb304dfa360c251f84f5074c0c55f9d1c
reddit,0,reddit/0_real/0159.jpg,1713969,1710328150000000000,79b5cc7c9dbe5a16b747c474704d55bc82568fa7515ed3ebfe6f9ec15cb93bf9
reddit,0,reddit/0_real/0160.jpg,1128113,1710328148000000000,d7cad4aeab76a7d4bbdebfe5727f5ea1ab813759a494929877e05e5b76c631a1
reddit,0,reddit/0_real/0161.jpg,218089,1710328142000000000,37041c2953b457491bb2b84b4323d17a3cf263d130832b0479017a21807b1f57
reddit,0,reddit/0_real/0162.jpg,126992,1710328144000000000,784fb343036c122d429ffaf92e560d5e245c4339e398eedefd93c7ca654ebb86
reddit,0,reddit/0_real/0163.png,713995,1710328152000000000,2debc5b876d49e1807e6cfae349d10d3aa6153b09c4f62820b9706ebcb467c29
reddit,0,reddit/0_real/0164.jpg,302865,1710328162000000000,412120fa644b096b0f7d7f853f9d21f4d4bff92abcb3e728346f0406ab857de0
reddit,0,reddit/0_real/0165.jpg,28343,1710328158000000000,5334cb5f281b65481326c4930d1dd253d7b6b2b2b3c3f36accd70daef89bd30f
reddit,0,reddit/0_real/0166.jpg,237941,1710328150000000000,3f71edcceca31aee83d77fe3d8aafbdccdb35327a812d4a5615ac4b06df8fe24
reddit,0,reddit/0_real/0167.png,19619851,1710328148000000000,1272cfc8b2b6fd87b0cba8b2e6256c347a5d2b7bbde62f67f15f972785fbefe0
reddit,0,reddit/0_real/0168.jpg,409413,1710328142000000000,9bb46d3bdace0342c325359a1721609702332c9f9cc3192b5dab004866ca8636
reddit,0,reddit/0_real/0169.jpg,138334,1710328152000000000,30c42ee65ecf6e73342c053adf3a0d936927a7b72694a11d263caddd7d2619ee
reddit,0,reddit/0_real/0170.jpg,2585559,1710328146000000000,d6fa3934fec3c955bf998b2bba57e498a5c46adff1f0922ac10a2c78c75a9f56
reddit,0,reddit/0_real/0171.jpg,1483679,1710328148000000000,fbe4ff1369d5c23b8471222d0c8de2609ba02c8f1af48ca0afa17c7ac0fbc4c3
reddit,0,reddit/0_real/0172.jpg,77681,1710328140000000000,b7795ab338dc4e729c3512c51bb5ab3ab0f3c898e3ebcfce16353a4e356ea6e7
reddit,0,reddit/0_real/0173.jpg,725523,1710328146000000000,6849e8a9da8cb5c3dd314e38dd0880e9d2ac2af4126525612147e834bbaa7ba2
reddit,0,reddit/0_real/0174.jpg,363743,1710328146000000000,bd6afb534ddcae13e77088921c01688f84eac9635ce53e0a58df2907f7bfb2ce
reddit,0,reddit/0_real/0175.jpg,1389366,1710328144000000000,f8514c707845c0a07268af064c80f3dfa5173cb4b89a389156847f6639f1a165
reddit,0,reddit/0_real/0176.jpg,1194816,1710328158000000000,078654e9ab8b10cd4d020b01b6743b6a68f7d372fc23ee824b3d6a6543102b92
reddit,0,reddit/0_real/0177.jpg,272885,1710328158000000000,274b4da4ae7eb8a87766a668dd4123326a89cc1d910b55658efb56733850a45b
reddit,0,reddit/0_real/0178.jpg,903498,1710328154000000000,3a6751afee1379aab0d8b95581e5b0b556ae77158930891d2e6187ff283bd297
reddit,0,reddit/0_real/0179.jpg,49357,1710328142000000000,91a712e7436eec6c474505ceeb5b37639178dd1d8f7a1465d5f56f56761ba8a1
reddit,0,reddit/0_real/0180.jpg,1319757,1710328150000000000,ea2dfa9ac04615db2f2b0192616e80fcf1a74cbd8dcd03a2512c40264963798c
reddit,0,reddit/0_real/0181.jpg,195499,1710328144000000000,f9e0efcf84a69bb26a87fd88af26aeaee93684c6d785a36b73a0daeb7aa0ca78
reddit,0,reddit/0_real/0182.jpg,91559,1710328160000000000,d89dbdc162a89c5e1f00e0bdeda2a9571dbbd5ad9651ae1716b67ab4a5e99527
reddit,0,reddit/0_real/0183.jpg,120989,1710328142000000000,f2495452aba6d5df25920d1dd2352b8cef39b465510cae5e94ce2fa2f4714fa3
reddit,0,reddit/0_real/0184.jpg,18421,1710328144000000000,197b22092cbe3dae64aa70ba960d1f81cb047a183096155c851d051c573e8722
reddit,0,reddit/0_real/0185.jpg,172194,1710328140000000000,5e528a5890e3cbcb0e939ad23cbd2bbd106b18066e354176b8def7c56f393d53
reddit,0,reddit/0_real/0186.jpg,1864177,1710328148000000000,778707dddea60af92b216e41c0029fbe35468bc96bfcf36ace521d5652a27005
reddit,0,reddit/0_real/0187.jpg,154579,1710328140000000000,1caaa625740f130af7cacfc2385d0e9a4f6b05c4a300a3d6b2988a604a1e4efa
reddit,0,reddit/0_real/0188.jpg,3538983,1710328144000000000,447378d9d7b62affe0682a0d2e62752bbd4146f010ea50bba722f4c24c3873b1
reddit,0,reddit/0_real/0189.jpg,111758,1710328148000000000,64388dc7b7c9e67ac1f0c042008b91bad2c0a59e51b4397bf0885fd17c896c2c
reddit,0,reddit/0_real/0190.jpg,237004,1710328148000000000,52473b04c985b24ef97726cc4ae811efb34c56519955aceff7e549a59f041c40
reddit,0,reddit/0_real/0191.jpg,205230,1710328160000000000,4077008cf3f53d88da7f89091f57cadc38a056dfc119d0c5ed44b0989c4c4e49
reddit,0,reddit/0_real/0192.jpg,3215321,1710328152000000000,671fd00fffeae7ee33628281fcb6aeafb2b7db4dc1384daf32ea184e2ff04d5a
reddit,0,reddit/0_real/0193.jpg,145398,1710328142000000000,48e3b8419f118c3de3486e9bbc8b78214d8e2d514946e91aa01eb0ebc21e034d
reddit,0,reddit/0_real/0194.jpg,630341,1710328148000000000,8ce8ae50935431c2671a6a554a946571aecf67d014088b79194984029790af92
reddit,0,reddit/0_real/0195.jpg,427896,1710328154000000000,54eaf3e989ec66234cff888fa3fc0a2f1e46c2f112a4054b01deb03a8edfc21b
reddit,0,reddit/0_real/0196.jpg,1553233,1710328158000000000,8d5895bdc2ebe17bcdb8a41796d8d1a8ac33feec06a1e8e92320aac882e230c7
reddit,0,reddit/0_real/0197.jpg,111826,1710328146000000000,2b0926d626817fe5b4cccd6ab163430c3948ffd552722c0ac8d3c4c2d86ecb7d
reddit,0,reddit/0_real/0198.jpg,595840,1710328162000000000,b40b50c8ed1a834c22f50b69a78da97fcd14dcc854b60fcd0e1fd7e6189c0b2a
reddit,0,reddit/0_real/0199.jpg,322472,1710328162000000000,bac853bf338a847239a3ab75b19adf2bb94373cc522e5ec4447c8a4d866589b7
reddit,0,reddit/0_real/0200.jpg,322389,1710328150000000000,0a980d7ca781f476ef25f55d656c39dd459c3c26a3de6505b857ab5420730fe6
reddit,0,reddit/0_real/0201.jpg,1698734,1710328144000000000,d216f51ebb809cb9007ec1e0f33822f3af2b12dabb058282d397b25006e02bb0
reddit,0,reddit/0_real/0202.jpg,1080133,1710328154000000000,4b8d121ea976c5a786e64e22535059f36707e9fde4f4900d887eb15f9cefd667
reddit,0,reddit/0_real/0203.jpg,620884,1710328156000000000,b7c2252bc7b09f78692f58819c503618c501bdc3953b5313880a3e2bfffad2ba
reddit,0,reddit/0_real/0204.jpg,1316682,1710328158000000000,a917f23487f05c5c12516e9ebbf8650bf01cce644e2dc8ebfb15e36548c7dc52
reddit,0,reddit/0_real/0205.jpg,2333232,1710328160000000000,b656ccb896f794753aa7b1b8d392403bb2cb22ad03f95fe1c9e7d3a8a8e4d676
reddit,0,reddit/0_real/0206.jpg,1002209,1710328146000000000,6bc9b6d7101994e693e5bba224e680db487cfedc8da7e42426152662874f7d92
reddit,0,reddit/0_real/0207.jpg,2966784,1710328144000000000,1f3c16f153ffe972e59cd6f5d4796355ff9b366f67e6c8e5e0036b767a9686a9
reddit,0,reddit/0_real/0208.jpg,1120753,1710328144000000000,9a0aedc5a53b53541d2b5d0208af625fbe35badf16a007f96e998e9ffa9e58bb
reddit,0,reddit/0_real/0209.jpg,497135,1710328158000000000,7f4d0603abb82b27594701f4b61320a710e9e15991f9f60f0a1ae876db985867
reddit,0,reddit/0_real/0210.jpg,341272,1710328140000000000,ad0ae6c164b1fd00a7fb8fbf9c5c703170e08caf0c1543116b6de0dcfa64576d
reddit,0,reddit/0_real/0211.jpg,527907,1710328158000000000,1c771e4f7ad82e762826a65b1c32c9465ae3beaa3e9aefc3c19c1d5e31b3ee16
reddit,0,reddit/0_real/0212.jpg,2135317,1710328152000000000,716079411acb51fe675938f1c349ec4eed71f95c99e626a59b7612b6d801cd79
reddit,0,reddit/0_real/0213.jpg,93670,1710328162000000000,f0c4f4dccb9ce62ef3b1eda9931c9e75e79e798900c062d3903edc4b94d84ebb
reddit,0,reddit/0_real/0214.jpg,163025,1710328152000000000,44e4bd1f3bae25c3412a4b12b3012da870e56f269c58a6b0cac834f6993f945a
reddit,0,reddit/0_real/0215.jpg,208704,1710328150000000000,37cea1fce02617a6596eb733d487ec33601a258afdd5a996fc1fea47ccafac31
reddit,0,reddit/0_real/0216.jpg,351570,1710328154000000000,b252e761b8fc75f22674c0dfc02e0c39e9ec4a9a58f543862df42fb133f4ffc8
reddit,0,reddit/0_real/0217.jpg,284675,1710328156000000000,9bc63eea18c90c1ddb790a33fd96996ec08ad9c98692322504c430bc8deb72e5
reddit,0,reddit/0_real/0218.jpg,208349,1710328148000000000,5822f36c604634d1039d5e2302c4cabcd7467053af5c9bc669b679412f6dde94
reddit,0,reddit/0_real/0219.png,515864,1710328162000000000,524113352dc5e1b72acba5b1dae5d6e0bc93af89b1d4efae2c68bce8d9dd051e
reddit,0,reddit/0_real/0220.jpg,48317,1710328156000000000,84af0ab39863d86eddd46423718991a8e2c229310e041fcdd64da2e54a2a725c
reddit,0,reddit/0_real/0221.png,731275,1710328138000000000,8a482f34a11756deab42924e13efc211a9101ca5e1c69034bd55375daba19584
reddit,0,reddit/0_real/0222.jpg,1906678,1710328156000000000,a681f60891289129f387513d74d2e0fdaccc2a0d9be313e75b44097444a353b4
reddit,0,reddit/0_real/0223.jpg,826336,1710328146000000000,3c840452251aede2e14e798e5c2b71d9a840c5072a5dfdbd5596d805b213ad8a
reddit,0,reddit/0_real/0224.jpg,1422774,1710328160000000000,66b0dbf3dad6cd49f60597946015ae1c2cfd6de005c7f2aaa8e0fd6e322f88c6
reddit,0,reddit/0_real/0225.jpg,538907,1710328146000000000,83948419108627da0b5ec6fba2899c5277e641b0cffaacf81bb7a8d325d0daf8
reddit,0,reddit/0_real/0226.jpg,166064,1710328144000000000,ce10f15be46e38bc7f82c3d35ccc6e67cd8dc136c38fdbab355b7515491a0d70
reddit,0,reddit/0_real/0227.jpg,1516639,1710328146000000000,bd3c934f87f759dc07f8e7fb1f335494e00eaae82ba8e679168ddb9d9b908b7a
reddit,0,reddit/0_real/0228.jpg,2541490,1710328150000000000,49f00362285e698058a065b73d5296ea4ede8fc7522799ef36cf19deecf4f1e8
reddit,0,reddit/0_real/0229.jpg,2465572,1710328146000000000,c67bc9f6504cac4375f496bf727c7ccfddf89b8c4c4644cfc74fc14140e8cae4
reddit,0,reddit/0_real/0230.jpg,660976,1710328140000000000,6b6a5a9fa3cfe2aade27cc17612070bd7fbf722d6ecf565fbb17bcf7289da7ad
reddit,0,reddit/0_real/0231.jpg,1870331,1710328146000000000,72500c5a2ea2c78fd09f5d885983103cb8e6a7f4b63e902882bcc75a6c19738a
reddit,0,reddit/0_real/0232.jpg,2310106,1710328144000000000,eb4f8052d0c73c9d02f0970f10282b64662f6a7db3cf938b95ece9cf7b99b170
reddit,0,reddit/0_real/0233.jpg,4583939,1710328150000000000,7ed0d5d13dc1636eac980cb264173ba55f1eddfb12c7f9cce7b6686063937767
reddit,0,reddit/0_real/0234.jpg,1144648,1710328152000000000,d691b2b4619a021371e7b8344b3431cf659a9f46c8d246a664444140678d4dc7
reddit,0,reddit/0_real/0235.jpg,3259394,1710328150000000000,9ba7144bc4dcd4cc3aef1970a888fc6bcb339a14cefc7b173dc7e7b893d93497
reddit,0,reddit/0_real/0236.jpg,922845,1710328146000000000,897551fe78b285d6ca98d952fe7f7daa9fe9750014888488f3daed8d7de24157
reddit,0,reddit/0_real/0237.jpg,85429,1710328162000000000,44d9229bcf8923972de72774921ff3d156a3f032edc396d6e7be058f734c88e0
reddit,0,reddit/0_real/0238.jpg,1160981,1710328160000000000,a2105a9428c2ddbbac658373a034a4f088bc9ab380c229bbf533b5447d8178e5
reddit,0,reddit/0_real/0239.jpg,230614,1710328154000000000,01291a14a4efb5c6ca16e4872622b0a62f322cae0d9b39a2ea613a4b8e49eaf3
reddit,0,reddit/0_real/0240.jpg,157928,1710328146000000000,1b7449fac9d0fde521915c44120e17fc308aff73b262afe278695650faca0107
reddit,0,reddit/0_real/0241.jpg,2259436,1710328140000000000,f401bbc4483949ea6a61eb83a92dd2bd62d1cf4adb19e63d4a141d514501f9f7
reddit,0,reddit/0_real/0242.jpg,150069,1710328146000000000,a0d504a39b8cb9d118383c3ee0b65b3c5a7336b52798b5b18d267a2b5738c09e
reddit,0,reddit/0_real/0243.jpg,4270138,1710328146000000000,4e27ef3c004ed17f1bc7333055a4ada38097f5de1b1df8792137824e23212f52
reddit,0,reddit/0_real/0244.jpg,1613392,1710328154000000000,7a5bc4a0378e44a410601d57a955585bcc1de10339dcc4cbcb18c9a045b850f8
reddit,0,reddit/0_real/0245.jpg,38224,1710328158000000000,8b1be051c69486f82cecfb4f438897df04ed109c7fabe7dc5b263e3072467539
reddit,0,reddit/0_real/0246.png,1819181,1710328152000000000,a0842eba926459d9b07272008447dffb498541c1c480cdc1ade1aa5e860a8bd9
reddit,0,reddit/0_real/0247.jpg,141936,1710328146000000000,48067ffbb16d8b10ad74422a8725ea835666a1fd9f53fa5e2083f123b3af125e
reddit,0,reddit/0_real/0248.jpg,536080,1710328160000000000,28ad0a4f4a1061d03ca711df5841dcd56aa9820a2abf55c7d1d1a51e30e11bd1
reddit,0,reddit/0_real/0249.jpg,141477,1710328156000000000,9056401bfe0e6021abb654204c9f86e7dd2ad8f3897b30a624e27c1849d91853
reddit,0,reddit/0_real/0250.jpg,1684611,1710328146000000000,db305b2be5fa2df4ea70b1c235467da65fbd00ddc7ebcb5749bc610bda7552de
reddit,0,reddit/0_real/0251.jpg,69715,1710328162000000000,71aee61d118b5812c675f757fff6baab63573ceddfe6ccdde031f0474bf1113e
reddit,0,reddit/0_real/0252.jpg,56799,1710328140000000000,990e1437203796e833a75e197bdb4113785f174bf6caab37f88997dfebb12cd5
reddit,0,reddit/0_real/0253.jpg,154898,1710328148000000000,be6c16c94675d345971c58d7a9498ae963fe0cd74bd7138e30bcd1b33a62422e
reddit,0,reddit/0_real/0254.jpg,387744,1710328162000000000,280fe5d86c2a0c6e5623cdaee01552817e2ff59bf6f8c614fee43429556c7153
reddit,0,reddit/0_real/0255.jpg,7686701,1710328160000000000,d0131412b91c1e73e1ec98ecb4b67271836a14ad82abf66e44bc130774902562
reddit,0,reddit/0_real/0256.jpg,323280,1710328142000000000,03be8cd298a5fe96b50962f969bfa877ec5a1826625c6092a0a0f27bb341df6b
reddit,0,reddit/0_real/0257.jpg,1241115,1710328152000000000,f7c873ee33b31260c8bd0eca6f170aaa4aaff7da304534f0b82a6999049eddcd
reddit,0,reddit/0_real/0258.jpg,1852561,1710328154000000000,1c6b0392ba09e26e362b7551a657734fa02b6aacb9a2c471847517ff28304d07
reddit,0,reddit/0_real/0259.jpg,558051,1710328162000000000,b34eb5a1232c51e3641d9fece109f28dd050d5932a1b38498472f85119135d3e
reddit,0,reddit/0_real/0260.jpg,1052070,1710328148000000000,1d64fa580c77bd172b61936a991c9b69394fd98dc570fcb31bd5c256b1466fae
reddit,0,reddit/0_real/0261.jpg,75056,1710328142000000000,4c636d580ba5464b1da1c7fb37f50845ed0f40b0575e3d40f514319fefadb9b2
reddit,0,reddit/0_real/0262.jpg,707360,1710328142000000000,3311a1d6e38e8eb136bd791d6ec1d57391c77fb2900e4499197d06ca6f725809
reddit,0,reddit/0_real/0263.jpg,1070775,1710328158000000000,e6c8e79d0321789737ade8c4184241ba5c5ebcb5822500c9d9242d50d77e697c
reddit,0,reddit/0_real/0264.jpg,1028006,1710328158000000000,1b3823be4ae04a0a21e593cd09bf1b578c79312fc628dac5ab8da75325873c2c
reddit,0,reddit/0_real/0265.jpg,1696714,1710328144000000000,7de70df59ee1be57622287eac971334709672fd1b10efdf545d627fc62665a64
reddit,0,reddit/0_real/0266.jpg,10250,1710328158000000000,57ec61b67ebf426812d26202091751539c582efc2baab290d106dee4c17c5f48
reddit,0,reddit/0_real/0267.jpg,83017,1710328150000000000,50247511afb9088e915f6d66df2a89ce31700692dcc8b89d6866a09cea04787c
reddit,0,reddit/0_real/0268.jpg,2813371,1710328160000000000,079b0d8db50307e360e27f721fadb6d333519dd5aca67df03f8bc491ee8019c0
reddit,0,reddit/0_real/0269.jpg,431174,1710328146000000000,0d48de1137976b957e8f7dda8d64c55bf445b273d8b108729c595d6964c70605
reddit,0,reddit/0_real/0270.jpg,123473,1710328154000000000,f8f31fcb5e05e1521fcc2d1649950f2dd8434fdb467065aa6e3f414abb56a89e
reddit,0,reddit/0_real/0271.jpg,769429,1710328146000000000,8e17a9869dc7f32923be22f6efceaa94433853c694e8f637d9809ec09dde2877
reddit,0,reddit/0_real/0272.jpg,2365823,1710328162000000000,ea14189ac8ce7499b19541992d0802d5fbda108178a22f72710d75b1f8797f5d
reddit,0,reddit/0_real/0273.jpg,1310715,1710328156000000000,1b6bd2377b433a8b52d5c3a538e6032ceb703bf8e51c86b56b897ebdf9b62477
reddit,0,reddit/0_real/0274.png,660736,1710328158000000000,582f509f3a7601006a22ee9219ec66cb4ef6a36ebf23364ee3c19cd31d623430
reddit,0,reddit/0_real/0275.jpg,861681,1710328142000000000,232c8867bac7fff2719b6d2359764354dd8ed03d3313bb9c2518a3f2b2e66afc
reddit,0,reddit/0_real/0276.jpg,546901,1710328160000000000,bb73c466712e9fc822a4f8d8811f02e2512cf428e35e8e5c3ead590b167f8315
reddit,0,reddit/0_real/0277.jpg,2080203,1710328158000000000,4f38849b305c91784604e0ba68d1ba33bebd3aa236164a2b10cca523a2672dc4
reddit,0,reddit/0_real/0278.jpg,1628027,1710328140000000000,1b95d014f340761dda2c3b29b833e4b308d38bf884d32462920bfeac99853cf8
reddit,0,reddit/0_real/0279.jpg,2406041,1710328142000000000,730124431e97ceacb06f3cc4227a84b81ef444bd71497c75afc720b39b943764
reddit,0,reddit/0_real/0280.jpg,112678,1710328148000000000,fafcb0ec54aeb8e6b559a15c4a3d5ddb4e0a1a8acfcbda7b3b9de5460c535d2d
reddit,0,reddit/0_real/0281.jpg,61020,1710328160000000000,c4513ce9e1ac3496774e0068f3b588d83a299ec96cc442c49f65364611500ff3
reddit,0,reddit/0_real/0282.jpg,1451601,1710328152000000000,42e66f29e5c3be75c4f74f46963e4f84bf0fd3bb076db6ab8b31bb5027eb93cf
reddit,0,reddit/0_real/0283.jpg,65623,1710328158000000000,b52ca4b22944c1ece7bbba40a9e2f31f577bca776ce7b641794d14fa3ec2f5c6
reddit,0,reddit/0_real/0284.jpg,81135,1710328144000000000,2e21f7f2fa055060e4234e00200c5668b9f35d18173230c87f2f45ba7e30cb48
reddit,0,reddit/0_real/0285.jpg,1236954,1710328144000000000,f48b7aae20a65d5b9999125a104061b7d16781274fd6fb4c0f0333b41b220135
reddit,0,reddit/0_real/0286.jpg,2767967,1710328162000000000,1433ae9576959eb3887f43633a16898b22765a97fda04b8546e365ff65dc4ec7
reddit,0,reddit/0_real/0287.jpg,2345788,1710328156000000000,a448fbee2375f858c153d9d1f412bb68b481888ea33385d463f2ca482953a889
reddit,0,reddit/0_real/0288.jpg,1180320,1710328156000000000,b558fa14569621e4fe61a5651f720af8ba505b1ffe900cf671893df1f224c238
reddit,0,reddit/0_real/0289.jpg,1774938,1710328152000000000,c2b3f9598a97a6bd7b078f1ee073e23e9233c1626eb855c5e60a94782608433d
reddit,0,reddit/0_real/0290.jpg,1186260,1710328154000000000,499981342756b897f0599f89124cf2a50d61c0835738154a3bd73d5b74bb9345
reddit,0,reddit/0_real/0291.jpg,214982,1710328156000000000,a7a97b7889429d91c95e2f9608536d5dde876a59fc0689510942689d102db096
reddit,0,reddit/0_real/0292.jpg,149524,1710328162000000000,0530134e0f822d677119723abe07357163c4b6b8ca3d98a91272a03fc80e61d7
reddit,0,reddit/0_real/0293.jpg,84396,1710328140000000000,db5146da6915dfa43e3be14176d0244054745c1a21b51d54b5e080f0afa0caa5
reddit,0,reddit/0_real/0294.jpg,161134,1710328144000000000,251396e538b644411490f43d1aab69c522b9ec9a0d7cbbc132ebe6122263eaab
reddit,0,reddit/0_real/0295.jpg,202422,1710328146000000000,99dbc8e90d8b6b30e4f9e84e061dcc6c2137f7595b696c2b2fdbae3061f5ff67
reddit,0,reddit/0_real/0296.jpg,90803,1710328156000000000,2ea9285fc0209e64a6b91d46bdc81015e8bab046f40774dd6bd96e502771a054
reddit,0,reddit/0_real/0297.jpg,39342,1710328138000000000,3ef537d24b767899d612ce27690fa91d004e35685fd0ec9c0de27bfa5ca91601
reddit,0,reddit/0_real/0298.jpg,114814,1710328142000000000,b80a2129b8d0af98833d6eae3115d79fa03247548414c552fb45974cac7d9418
reddit,0,reddit/0_real/0299.jpg,2587721,1710328146000000000,9cb7da3a4ffc5ab97db37abf2a931d1cd1dcd9b4ffc8bbe80d93aeec57724ec9
reddit,0,reddit/0_real/0300.jpg,1139152,1710328148000000000,869510ea2a31329ff45d9041db42c19c9497fd7ade0fb443841a4a8ff77491c9
reddit,0,reddit/0_real/0301.jpg,64818,1710328158000000000,7c8b4348226aad7329b160a20d86e0e29cb7c2d470d8c5ad746efc7ee7a95690
reddit,0,reddit/0_real/0302.jpg,170038,1710328158000000000,547f7c3c3ef8e95a9d74811ebd0cf2288e7747cb5062a4ef4f0f88df7007ff98
reddit,0,reddit/0_real/0303.jpg,484319,1710328152000000000,0aa84bd3175031a29b5f8bb012004647e3d5b499236e83d1a9a6c8c430670723
reddit,0,reddit/0_real/0304.jpg,975128,1710328158000000000,38cb0aa08a773538e8aa2a9561397e1462e748225df9acfcac638267acf98f7e
reddit,0,reddit/0_real/0305.jpg,66601,1710328156000000000,42aea7e9d480ccdb3ebb50da4a1b49f0499d468a5314b2df461ea0147800766f
reddit,0,reddit/0_real/0306.jpg,2115288,1710328148000000000,bcf44840a8ed0f3f706f1f4eaf36b4d19d5328d36d482102502051af2ad495e8
reddit,0,reddit/0_real/0307.jpg,323177,1710328152000000000,7018d19c07c2b28e56afdb2fe8a6a1f96e226eecd4ef8ee545b30780e5c19d8a
reddit,0,reddit/0_real/0308.jpg,1654920,1710328142000000000,0aeda8e3132f8502c0615a54cdec0ed70b8ac2a8d9775cd3854c115e0d1efbc6
reddit,0,reddit/0_real/0309.jpg,75227,1710328146000000000,de10adc70f4770b985efb554a823f98099db4da5ec67f7df84a9d727c3b4efe7
reddit,0,reddit/0_real/0310.jpg,1755468,1710328156000000000,1e4544172bd756c9713502d99c89125e3878c1223fdab7cf3f44d2dd75a17871
reddit,0,reddit/0_real/0311.jpg,919315,1710328158000000000,c86bdb6f627f78f3c3defee4a7e411b53a92280c877970a8fdba43be7635c7bc
reddit,0,reddit/0_real/0312.jpg,35319,1710328152000000000,1059cffefc915b680cf68d3fda88f2d7c481394a8c11dc2cc43a4dfadcd0291e
reddit,0,reddit/0_real/0313.jpg,568832,1710328160000000000,cda005ec354c3da9253b0f6a6388009059a952f9e234a329777a264539a3015b
reddit,0,reddit/0_real/0314.jpg,77907,1710328154000000000,6946ee67f45b48d01cc8feed9b133ffeb74972b2e456929b0fbbefc7e929f66b
reddit,0,reddit/0_real/0315.jpg,120833,1710328162000000000,45bbf948e4db381ac8cb96c695717f170bf239790ec7ecc872907268ca925850
reddit,0,reddit/0_real/0316.jpg,406445,1710328144000000000,cc5e184382e58f11a44c59fbe44a96ee706fced383691e18ddb0211cf8626176
reddit,0,reddit/0_real/0317.jpg,199398,1710328146000000000,6da695910b4d549110784d967e1e654ca929c3983767381eb2136e9e1e6690b4
reddit,0,reddit/0_real/0318.jpg,1217941,1710328142000000000,12296e261b4c2c601b9ea915a1b85d0f994e54eb4c2ca28d3af6b10cbc69948a
reddit,0,reddit/0_real/0319.jpg,1517271,1710328146000000000,2657f94a52f2291a827b9884050ac5cd321a0e9959ff788178f3a59f49ec2571
reddit,0,reddit/0_real/0320.jpg,92067,1710328148000000000,a904fa376a43a3913bef337da5926b644d6bf22ce45d145a67bf519a9dc543dc
reddit,0,reddit/0_real/0321.jpg,1331117,1710328148000000000,bc9c1854f775e4aec3b5d9df5f1e778ad7066abd8fcb64ea2f296ff5184cb7ca
reddit,0,reddit/0_real/0322.jpg,618085,1710328142000000000,abbdfed9cdd5613b36c229f13fbff884c066f2ae127c21ee07cd5710c697e593
reddit,0,reddit/0_real/0323.jpg,1789958,1710328150000000000,2c3e19e235d5d556f70d89a52b51400b3ded8b5daff87941cbe2e1a45dcd49a4
reddit,0,reddit/0_real/0324.jpg,598800,1710328154000000000,5450cefadb82e204f6dda4ef2911348de41f9c9ff0f1bc5a112ac2b43fcfec02
reddit,0,reddit/0_real/0325.jpg,1836933,1710328160000000000,f73dfb4b0cb15421137e5dfc963502ce60f00d0f9ef080055e3ee76d91e5b781
reddit,0,reddit/0_real/0326.jpg,55421,1710328152000000000,9367658aa3b074561c65ea8ba212cc235a79b79e27ce4ab4fa6f08429f94bdd8
reddit,0,reddit/0_real/0327.jpg,791907,1710328140000000000,96cb2272dfc082cbe2d153435c717c71e8f543a17fd782ec2a84daa49b528217
reddit,0,reddit/0_real/0328.jpg,2999278,1710328140000000000,65587d09856a3e0b05000b5f869ecf1692c900a301a51d03828c3c16ba6ad158
reddit,0,reddit/0_real/0329.jpg,1155587,1710668900000000000,b0a5411d200cb0cd6ae276f9b326d22fe2ac095c12780216123db5dc9d401a8f
reddit,0,reddit/0_real/0330.jpg,93431,1710668902000000000,2d5cef3fc5268993cffef818a8b3a3a2d56bbe829672d2644399803999d23fcd
reddit,0,reddit/0_real/0331.jpg,2346264,1710668896000000000,677f1f5121704f2de6837919f246fe464a6a540da861c4eb5d755a326ba9ecae
reddit,0,reddit/0_real/0332.jpg,693240,1710668902000000000,a4fd519858369552bee28867f40f0b4b54557537889db5a512303b8d17a5395e
reddit,0,reddit/0_real/0333.jpg,823407,1710668904000000000,5377c1ed3efd88cc6bfc1c986c8adedbb57468ffd22caeda460c7bfcd3d48659
reddit,0,reddit/0_real/0334.jpg,191522,1710668900000000000,f7ba4d22fe5cc716d064268d08538940ccec3a76c440397d25740e3be3b68422
reddit,0,reddit/0_real/0335.jpg,1149294,1710668898000000000,690e617c98be6f313d1a3391f92aba86bdfac8443903f3597ad218202ebf6b80
reddit,0,reddit/0_real/0336.jpg,831844,1710668898000000000,c25c30364c613751e1022eebc7dd05b6e1380007feae36ee382b7928011b5350
reddit,0,reddit/0_real/0337.jpg,74686,1710668900000000000,08ca2453b5254a6362a43567805014e71daa68d54b4dc28545d54bbb2223fcc5
reddit,0,reddit/0_real/0338.jpg,4093052,1710668904000000000,6cbb11c9c1fdf37c49312f31ae319cd29b38d5d5b19edfdc2212e3758249f2c2
reddit,0,reddit/0_real/0339.jpg,2709748,1710668896000000000,78e1b25b79a755b185150d0ee170be64d6b71238033cfbe0bf700445fd6995b3
reddit,0,reddit/0_real/0340.jpg,701816,1710668884000000000,1fe6f1e713ca03185df4ee10d8e5a66600ff848451942dd47913157fa83ee28a
reddit,0,reddit/0_real/0341.jpg,105519,1710668896000000000,8df110db6517fe870ca913212d166539e653c83af59ecfba2d2881588048e758
reddit,0,reddit/0_real/0342.jpg,666902,1710668902000000000,abdc5717e380b5436ca096d4a08d6917714d2a80c5cc69cf1b9c55dfa361d611
reddit,0,reddit/0_real/0343.jpg,455553,1710328146000000000,a84f546853a6f1f17521bb3308a031a2dbb634b7ddc3f4e7cd07519d7fef3372
reddit,0,reddit/0_real/0344.jpg,583749,1710668902000000000,2ac1403301cec5691926396f7da9c95ebfadddd1a4d37fa03f821d6e9f2f49e8
reddit,0,reddit/0_real/0345.jpg,1184824,1710668884000000000,3742c2ed699e5dcf3426035d983d906505e4e5ea2026c7cb3bc5744459cf0b37
reddit,0,reddit/0_real/0346.jpg,19733,1710668898000000000,ea84b2c75382c33a178bd460f2046e79d92da7fafaac568cd3e7f170913af7fa
reddit,0,reddit/0_real/0347.jpg,1374815,1710668888000000000,3f2d134f1f6e562851768df5d3793862b24bcf0aced8bdd385f3b0ad5594ae20
reddit,0,reddit/0_real/0348.jpg,3641636,1710668888000000000,d837dbece18de9c10b8fe386ce76885f6aecee33a0f626f7ae977f1f4d68edca
reddit,0,reddit/0_real/0349.jpg,2075505,1710668902000000000,75a7b2d1808bcdc2d9eae510ce003764a0dfa7354f2f5b19d270f0ff093d011c
reddit,0,reddit/0_real/0350.jpg,15701365,1710668896000000000,a9ae8c8eb6130056a892c130e0f8d94ff1dd66a6d0bce1a46f4b87d35b0dc469
reddit,0,reddit/0_real/0351.jpg,3040594,1710668898000000000,c49d9f79287b8be502632ec35483659f92ba390d91b285af5962e32def7c7ae2
reddit,0,reddit/0_real/0352.jpg,515226,1710328142000000000,063d4081bee225375f409485acb813b67b52ec687aadb9fed42d5b6145117201
reddit,0,reddit/0_real/0353.jpg,515226,1710668900000000000,063d4081bee225375f409485acb813b67b52ec687aadb9fed42d5b6145117201
reddit,0,reddit/0_real/0354.jpg,1398320,1710668902000000000,133127d021e2ac9bf1881aac82def937405ca3c62913400c10052ccfc182c50a
reddit,0,reddit/0_real/0355.jpg,903268,1710668898000000000,d1e4cefdf6d65be2b83ba4893c17d511d5544fe8f242d2a7e2163afa8e39860f
reddit,0,reddit/0_real/0356.jpg,1597973,1710668896000000000,669423612ce5fde20d66eafb5bfd0faa4934b07143501a79b0b96b52ec272de7
reddit,0,reddit/0_real/0357.jpg,929948,1710668886000000000,384a54696e536bb5d7583ecdbaa8e0c34c3ae8f41c43b12fdff8cc9970ea72cb
reddit,0,reddit/0_real/0358.jpg,108714,1710668892000000000,ad6c7efd753ff60911b66f35c27256990e44f530d0cc8181deac57a1210d40ae
reddit,0,reddit/0_real/0359.jpg,1702255,1710668888000000000,dca27b74d571e0375020806062d5009133706d71103ab85c35df30b088820014
reddit,0,reddit/0_real/0360.jpg,464982,1710668900000000000,0629b6424e903a2596a1d54db2766a4b860949acaac82982fb8e7c4fd6e079ae
reddit,0,reddit/0_real/0361.jpg,1479102,1710668896000000000,fb00649e894d7e17ea5b1d9c1a78460a436759568fc0fe52613c57c6c0060784
reddit,0,reddit/0_real/0362.jpg,144773,1710668896000000000,1807815b6e9686ebee7478843b451c2b84b9b681a88f347e4e27762a243bb3f8
reddit,0,reddit/0_real/0363.jpg,262490,1710668894000000000,7c915efd73249c05cf2da8bbe2bf441ebb51474a529884391dd3f0c90b1a6044
reddit,0,reddit/0_real/0364.jpg,3603940,1710668884000000000,a3df1ea2f681e878c564c8e711247981960ebf19d411a8b8df4d61c634053193
reddit,0,reddit/0_real/0365.jpg,8153219,1710328162000000000,96c9b8fc95a8ce1a7fbdfc16f7a2f56349cd09c2fc04f397468e2d6991c43fec
reddit,0,reddit/0_real/0366.jpg,1625596,1710668900000000000,7449b83798e2fc428f77753eb34a91e443501c272af87bb859816c27c56a08c6
reddit,0,reddit/0_real/0367.jpg,558901,1710668892000000000,7064444dcd1e5ddf6e9314bb4a2c9ebabf5c155ee4e45d5510afc13dd133d16e
reddit,0,reddit/0_real/0368.jpg,1192082,1710668902000000000,e32c802d6750cab6984de19c6e67842e74e37ff0cad8e52c89c650b202ec8e7c
reddit,0,reddit/0_real/0369.jpg,246595,1710668884000000000,e1e97dcf8a31a07b92bb36859bbeeb5b776ffc98cfa50a9e2dcb0daa761187b0
reddit,0,reddit/0_real/0370.jpg,356121,1710668892000000000,589d0f2a4254a2d0bdeb73e80c00d3fb5939b1a1161c4e10c32ae6040f1c63f7
reddit,0,reddit/0_real/0371.jpg,1455597,1710668898000000000,b8fbbba4ddb8082ed5838a5135413a70c610cc19aeaa87870c872e21281784bc
reddit,0,reddit/0_real/0372.jpg,287212,1710668886000000000,64a4dcb4f330e418f9f343eced2a5e3aaf75f9075d4c8e74620b27a332e7aae0
reddit,0,reddit/0_real/0373.jpg,584821,1710328150000000000,906314d194a509ed0b16c0b0172ec5c81fe39d1736a829626e4e62f7483a50e3
reddit,0,reddit/0_real/0374.jpg,187454,1710668904000000000,197d98082933faca921ae2aca916612d4a4371ae90030e90caea039d183bb823
reddit,0,reddit/0_real/0375.jpg,125171,1710668896000000000,a016f20b190ba42c09b1bdc7b68d960a8d28ab2b83ebc4e0273e7fd4f8023a88
reddit,0,reddit/0_real/0376.jpg,3322743,1710328158000000000,b4fa6686eb34fc59ce96226a447aefded62fe05ef288fa2a6637c53a4ab87925
reddit,0,reddit/0_real/0377.jpg,1316620,1710668892000000000,448852d2568f6d117a36497cd2898e0d4c496eada95a5ea5c3ec799859c1da3b
reddit,0,reddit/0_real/0378.jpg,1597696,1710668900000000000,a517200fabecba9fbb14cc14ffe4cdbec7c4869994ddccdd8eb9102fcf8cac8f
reddit,0,reddit/0_real/0379.jpg,108246,1710668896000000000,33c24360fa1ca2e26f21e8b21765ca5eb10e677b8f4f3504946c161414b5e0ae
reddit,0,reddit/0_real/0380.jpg,51904,1710328152000000000,af989fdd73e6a63c2a8606523a6343a940361340848ed2c161c4d9d44076d057
reddit,0,reddit/0_real/0381.jpg,970124,1710668886000000000,65eec71add7b465e2f051a6e4e076924b9b50fd9e447453e5c154b6920a9169d
reddit,0,reddit/0_real/0382.jpg,108015,1710328154000000000,44cb977176d4edf8bbf4ac8dee880fcddcfe796130a2d795dd9aaa6c5c10027d
reddit,0,reddit/0_real/0383.jpg,1141096,1710668892000000000,2f2471115552af0f87464327d11b6c760355c10ef22b75376ca7b7b6976b2035
reddit,0,reddit/0_real/0384.jpg,782152,1710668890000000000,a8b0692c2eb469fdfe771c87bb45d0b2ea1d97fd2e11c945b6c530e2984c2a40
reddit,0,reddit/0_real/0385.jpg,88768,1710668882000000000,f260dd1fa7fb9b4dc43abd353c938506abdd24112606f230bf96ae8b1cc97522
reddit,0,reddit/0_real/0386.jpg,102766,1710668892000000000,3b530bf3c02dbcb4011ea31a80c5cd4a01abb4cf68da71c8fbe1f24cb70032d9
reddit,0,reddit/0_real/0387.jpg,58373,1710668896000000000,bf36ccf034d382a7645a10d370c0013ad2ee62767df447f1aad17554fc3133e8
reddit,0,reddit/0_real/0388.jpg,477824,1710328140000000000,2e670bd39dd96ceac2d665df6d2cf4171f2c3fc1a5f9d44432b43b2ed697929c
reddit,0,reddit/0_real/0389.jpg,161769,1710668892000000000,1a59eb531dcd73349fc3510747af07f26010824722933cb5bb276e5a06cc90d3
reddit,0,reddit/0_real/0390.jpg,2020372,1710668902000000000,880fed26a2c980b39b174c8007a8ac9ee7420e845adf55141969f25b422372a4
reddit,0,reddit/0_real/0391.jpg,60560,1710668888000000000,09d158f992c8dfc043794e4a933449490e85b179fae7ce45702e928016e36920
reddit,0,reddit/0_real/0392.jpg,64872,1710328140000000000,6b2b9412ed949e7082929d5902ff23fa7712ffeabe06dcfb88b758c485691ad8
reddit,0,reddit/0_real/0393.jpg,64872,1710668898000000000,6b2b9412ed949e7082929d5902ff23fa7712ffeabe06dcfb88b758c485691ad8
reddit,0,reddit/0_real/0394.jpg,2920728,1710668886000000000,c10bbd1ade9027192e5b87b71992b120cc77093102955b8421f5a7bb4e7f513c
reddit,0,reddit/0_real/0395.jpg,1929317,1710668884000000000,2bae0f5b0b1b0224a609965ce9658e2271a8be49fe1e4d5189443ca21ff875b8
reddit,0,reddit/0_real/0396.jpg,28496,1710668892000000000,7c0480d04574f3386614f12f531bd9c7c67b94d35ad105513af22eb0ece3de64
reddit,0,reddit/0_real/0397.jpg,878476,1710668892000000000,c09b2e174622a4bdd0ce15508ba9620a8e8176fb8f497acbc5d781c635a8ee93
reddit,0,reddit/0_real/0398.jpg,1592694,1710668886000000000,f2ed8e89308285b8ca10c4fd498f7b2c69806882bb45ed617c7ab11b16959125
reddit,0,reddit/0_real/0399.jpg,206330,1710668890000000000,eac56b34e06f9efdc8bb2042d6495cd223ef6e67c39e2c5a6251a8440a53f5dc
reddit,0,reddit/0_real/0400.jpg,1791102,1710668884000000000,a6eaa4a8643cbaf59c5389c04450c4f39f359b81ad7995692ee229570b0d12d7
reddit,0,reddit/0_real/0401.jpg,36171,1710668900000000000,d02d172a67c152513d587428b8c196f6c3af56c1ac048d256c96170773742a25
reddit,0,reddit/0_real/0402.jpg,714321,1710668886000000000,2940e5c09e2aafd7f990a53e260e884671821abbf1f5a6c8770e63bcf71344a9
reddit,0,reddit/0_real/0403.jpg,449928,1710668886000000000,56288e915e16668a1b16803ac903245e284d3859148a650105784e6d81b6a88f
reddit,0,reddit/0_real/0404.jpg,205865,1710668892000000000,ee276c861a1f48cadc51a5ab5ae55a7619dfcdc5dd9911b0bba85ec52f4c92d4
reddit,0,reddit/0_real/0405.jpg,9376,1710328144000000000,0406ec1f65673917ca5b918aead396d1426864b27822eebb5cf3dcb7a9b6207d
reddit,0,reddit/0_real/0406.jpg,9376,1710668902000000000,0406ec1f65673917ca5b918aead396d1426864b27822eebb5cf3dcb7a9b6207d
reddit,0,reddit/0_real/0407.jpg,1145299,1710668904000000000,7e13408d1b8756557f413040c5de6bc09aecbef05236842ec66d135d52aa57da
reddit,0,reddit/0_real/0408.jpg,2498530,1710668900000000000,cd6c9ec28d509ee21e3e7a4e13c264230b3ca7fd6d4bf824eda58eb5a87fb622
reddit,0,reddit/0_real/0409.jpg,164076,1710328152000000000,1595d893524fcee14bbda5e27137aa055e9446b6e71c412061777de6e6c87025
reddit,0,reddit/0_real/0410.jpg,164076,1710668890000000000,1595d893524fcee14bbda5e27137aa055e9446b6e71c412061777de6e6c87025
reddit,0,reddit/0_real/0411.jpg,433611,1710668886000000000,473558f80f06620beadfc2eefdab7701cef5b22ae30c0ca98be3c2f4a225f1b9
reddit,0,reddit/0_real/0412.jpg,44171,1710668892000000000,d8823638212bd558024be3eb6d4879655a0f01fc7bd04d59792e22150f288f2e
reddit,0,reddit/0_real/0413.jpg,2689047,1710668896000000000,f757d6f62835365595a8b27bb377a6c07835940853ec79431b5a4760b16b5c6b
reddit,0,reddit/0_real/0414.jpg,434686,1710668892000000000,737af686fff733d939eccf133be0923c7ab4227aae7cbce99c293d72f5376da2
reddit,0,reddit/0_real/0415.jpg,637991,1710668890000000000,f97180d64befb1a280d2afd65ef456d73df7f265f95224f26308dbc7e3200608
reddit,0,reddit/0_real/0416.jpg,69910,1710668902000000000,a4b743d586f565cfd43f0d5221e10c6d2ce4f925ca3077ce539ee6165727c15b
reddit,0,reddit/0_real/0417.jpg,2099012,1710668886000000000,c5aaca30ca2ce7cf03c4ddff4d25d8b5d2586da68fde819f934cf7f522c9d730
reddit,0,reddit/0_real/0418.jpg,67080,1710668888000000000,bfc2f689f8a184638a0ab525a16dcaa0e08321eaeb2c342faa0b09e409d6d785
reddit,0,reddit/0_real/0419.jpg,597262,1710668884000000000,acf503b99fe8a003fe62801e30fef0099270a44f959f2a060c5363355c09e2d7
reddit,0,reddit/0_real/0420.jpg,1502517,1710668888000000000,d29f24af7b52695f9b1685aa4c044f653d29015dba7a704c70826bd0541ea03b
reddit,0,reddit/0_real/0421.jpg,1395775,1710668894000000000,96644ee8c621efffb312870cc665300722d51a797a5abb6a77740bfce02706bb
reddit,0,reddit/0_real/0422.jpg,1185826,1710668892000000000,1b33e7381a85990aa43aec8669842e699f861e04ffa556c5d9302b858fb38a1f
reddit,0,reddit/0_real/0423.jpg,1023438,1710668904000000000,1961e19b6ca104e03c2c629be0a52ef93619b53c7d5cee0184360e6d828d82c2
reddit,0,reddit/0_real/0424.jpg,117638,1710668888000000000,8e458fbb46e437f5d69434642c6bfca219ae2d69f4e17ce4c945f3a2c0561148
reddit,0,reddit/0_real/0425.jpg,1884972,1710668902000000000,ae83dc17dbba632745389e5bfe64e64557fe3c83df26f897c788096743853610
reddit,0,reddit/0_real/0426.jpg,1206884,1710328148000000000,cd7c1062179861bc9e1444b4cd83cd04bfe546f7c5f378a02ffcf777eaf9f9d6
reddit,0,reddit/0_real/0427.jpg,1235416,1710668892000000000,bb17656c08af44356f483420c60ffddb867071242137d08cd03dfe388e8f490a
reddit,0,reddit/0_real/0428.jpg,1272045,1710668882000000000,20b9819641435992c020324a49d60d26a993eba7fc4b97e63885eadee9f83f7d
reddit,0,reddit/0_real/0429.jpg,1035631,1710328150000000000,cba5bb9855c90dbc535814a0c08e667de4662b84eb6e11acb1ce1c8b33b93f4c
reddit,0,reddit/0_real/0430.jpg,714565,1710668896000000000,9edf15e9e3501cd43718dd39ea40062c070e6e666ec3baab0753a851951a7404
reddit,0,reddit/0_real/0431.jpg,207352,1710668890000000000,d30314e4d79d0bf64346bcf14344ab8de198f829ff192dbf49abadd017a8b001
reddit,0,reddit/0_real/0432.jpg,245818,1710668902000000000,acdd3f0befc8cd493149b7965d03ae0080ada4575c2da141722aec10f81ee307
reddit,0,reddit/0_real/0433.jpg,466312,1710668902000000000,b523765502c3eb14c87fd3fa984bed29083b8fc9c20f943ba94ed32839ed3b18
reddit,0,reddit/0_real/0434.jpg,104063,1710668898000000000,f9e5f5d2464f1fd4d6235757a1cc8d6049148e348deea3f6a4cb170186f3a845
reddit,0,reddit/0_real/0435.jpg,750175,1710668904000000000,120e0c76414cb08f4ec35ef854cc8afe7f1ede68df5b1e16a6df1ab1135ca377
reddit,0,reddit/0_real/0436.jpg,1449983,1710668888000000000,f0c115391a7634e9de487f7ec92676057c22449494579e12b082e384946ce1cb
reddit,0,reddit/0_real/0437.jpg,137336,1710668886000000000,970de8d1ab5981b6a62df7c4928ad1445a4ea947becdc6fb9f5978a646b37ce3
reddit,0,reddit/0_real/0438.jpg,3638124,1710668900000000000,2f43a4bcf8fccfa0aadc09f9efbd46347cb256b4c45331b6789ced42d71d25c9
reddit,0,reddit/0_real/0439.png,604223,1710668890000000000,c6e596bad79b50fe618c5e70e06504794883433cb4c1bd4e97fd5e587d252a9a
reddit,0,reddit/0_real/0440.jpg,2393989,1710328140000000000,9bcab906535e6fdfb0d01f35b847a4e53a62bfa0c0b0a945d1da5df45ca1499c
reddit,0,reddit/0_real/0441.jpg,2119222,1710668904000000000,e7352263b89361419d5c86a26af0ab2355e539930eb8a8ee1fe867f337b5fd2e
reddit,0,reddit/0_real/0442.jpg,514840,1710668904000000000,da41fa877a43d7067fbd528e0f85b0b4d9c25046ddad803c3d0ab7993ff33b03
reddit,0,reddit/0_real/0443.jpg,524335,1710668892000000000,ecfb6bb753e1b89579bd8fe8b0c21279eff80e3e21e90fc50d9bda7c8ee7e95a
reddit,0,reddit/0_real/0444.jpg,509048,1710668896000000000,90bf8d9561be57f323c3793f2c5aac98739b1d6d89db59f5dd825e01c54a1f03
reddit,0,reddit/0_real/0445.jpg,308798,1710668902000000000,e4a5b5779f43e544abaccb876732a8b5d76b7f900ff3bf947b03b5c9f6074563
reddit,0,reddit/0_real/0446.jpg,563594,1710668892000000000,4a17ada4212f49823ba4e15d573732a7c1a85a0ff52ba4c899bc991bb7c8705e
reddit,0,reddit/0_real/0447.jpg,961240,1710668884000000000,4e3c6ec86a9901ede71f3fc303d18722dfbeba0a0410181cf466e01b0b6b7be9
reddit,0,reddit/0_real/0448.jpg,356278,1710668902000000000,18122ee4b14e6245d1b51f8984a8cf8f1b056d6ee232c69675b4cc4d305277b7
reddit,0,reddit/0_real/0449.jpg,22918,1710328144000000000,0e95cd7408230d4c1d7cf35717f453f2c546459107c86b5e8f7be68ff6cd3128
reddit,0,reddit/0_real/0450.jpg,116944,1710668884000000000,978fe1c85e1bb2812b7ddbd84204cfcc12bde0720c9c340f556f7f4546d85ade
reddit,0,reddit/0_real/0451.jpg,2480924,1710668902000000000,e74423aeb0e90f1a02a8921a673ceb4c4d8a16b78c7c4f8d1e87c44c0c8b0d7d
reddit,0,reddit/0_real/0452.jpg,739132,1710328154000000000,269e624a8503a32331f016af83a9d54a1c0fe832c29dadb8ade95fbdeebef1fc
reddit,0,reddit/0_real/0453.jpg,2689928,1710668882000000000,15a075567e0a56e4ee7949e77666d68e4a1b7a507187b8cc860e71eeb37f3731
reddit,0,reddit/0_real/0454.jpg,2296135,1710328142000000000,3301121c7ee7427c60d90d577ca1def6a33d99222ffaf645e42d9348ce613fa7
reddit,0,reddit/0_real/0455.jpg,2296135,1710668898000000000,3301121c7ee7427c60d90d577ca1def6a33d99222ffaf645e42d9348ce613fa7
reddit,0,reddit/0_real/0456.jpg,2198949,1710668884000000000,7e1f22d2d07e0c10deda1d49add8950af0f651b16c5b4026a861f7968250301a
reddit,0,reddit/0_real/0457.jpg,771293,1710668888000000000,f29ae501cd298ca4bb1a71efc390d10d0c565aa27af130cb0e59643287098cad
reddit,0,reddit/0_real/0458.jpg,817192,1710668892000000000,4555512f4f2a6dc621034211a8b90bc1a373d23cbc12947aef5af8429b239cb0
reddit,0,reddit/0_real/0459.jpg,172667,1710328156000000000,93dd55cd00f3c798da9af7a01c542ecb4d2c207b9a00bd3e74155d569899c468
reddit,0,reddit/0_real/0460.jpg,3374631,1710668892000000000,d651ad51ed108face92f46225ddc7c0d3b643f06c4838f283f9b9a2f89474a68
reddit,0,reddit/0_real/0461.jpg,2212220,1710668888000000000,a36b788f8bf93927f85ab84f93559e49bea267e6b6439629ad4c50a0a4c60de6
reddit,0,reddit/0_real/0462.jpg,2575373,1710668892000000000,f494cc1960564389fea152fe683392d5d98eed783e5ee1506de4c447651f9dda
reddit,0,reddit/0_real/0463.jpg,1454117,1710668896000000000,b7856de6b01acb370d8f9699542146b624888fd1f43e9f7699e9f4d4572892da
reddit,0,reddit/0_real/0464.jpg,120996,1710328146000000000,9c2e5cee9d95ab9fd966b3ce7c7c03a8482ea19fee4de598d92ce8daeefbe76f
reddit,0,reddit/0_real/0465.jpg,934944,1710668890000000000,97638dc6f9ad7c6db7d47b25c3d3d5c1068d21a8e8bb3e42e7843809ae054ed9
reddit,0,reddit/0_real/0466.jpg,360927,1710668890000000000,20dbeb085dfbf9ad07c2ecce9acc490e96e0a16f4cc439a43285dab3cef77c61
reddit,0,reddit/0_real/0467.jpg,171013,1710668886000000000,c0bff7e7f270119efe59bb780e0ea7676f3f67d97ebb93e3c13629a8f40d02a9
reddit,0,reddit/0_real/0468.jpg,962717,1710668898000000000,1aaaee7ca96fcaf436f4eaf96eed389d8768e074021e9ca25091deb055bc174b
reddit,0,reddit/0_real/0469.jpg,639711,1710668894000000000,ac6c64512d0153309ee944316be9bc30f79e1136c08a3d418bc00ef1e6d5cd63
reddit,0,reddit/0_real/0470.jpg,906125,1710668882000000000,e8d4fc4ea6677c318de9ddeff4ed997eb8c97b0da9013b6f155a98f80f68a3ba
reddit,0,reddit/0_real/0471.jpg,198473,1710668894000000000,dad404e9ccf201ac8c5e992e3d6b04dc14ae35233fb285fd4dba8d5d22669f62
reddit,0,reddit/0_real/0472.jpg,1047960,1710668888000000000,fa999b2091766b838f0d2e0230d1f8a6d323d46db19afccbe0e7fb3a902ef51a
reddit,0,reddit/0_real/0473.png,275888,1710668882000000000,971d1dc60a399efdb7bfe90490ad11544cffe2aab03fa3350a6d3ce4cbb6a6b9
reddit,0,reddit/0_real/0474.jpg,456399,1710668892000000000,4bed8749a072cf8f33a5b559c7412434c5ca2c134ed2549375e0c5c519a305b6
reddit,0,reddit/0_real/0475.jpg,1914516,1710668890000000000,4464035f03245302a32bcc38100e7ead4db1de1d428ffb9dac63603b2d33b944
reddit,0,reddit/0_real/0476.png,6272340,1710668886000000000,e18c5f024887892364c7c47b5664794348523b2274529eeeb1d524ca0ece60a4
reddit,0,reddit/0_real/0477.jpg,715302,1710668904000000000,818528d65dd8c017449f908f46295fc9331960591d3fff3901a805e595106b96
reddit,0,reddit/0_real/0478.jpg,73319,1710668884000000000,ae3871830886d4aa959e0b6a178bbb5aefd55fc5b1dac83bf99abb9830f0140a
reddit,0,reddit/0_real/0479.jpg,543530,1710668892000000000,49c225f5b746f04c4fe357201703ab1e56f9050cab6d823572a1eecc2334701e
reddit,0,reddit/0_real/0480.jpg,571118,1710668902000000000,05b477ed9010679b7ca025110b5da1bba1823b8caecb6457e0e8834d13325578
reddit,0,reddit/0_real/0481.jpg,90474,1710668884000000000,c72df9d627107538841dbf233898cbec834c871c01622c55f29f5b31962d8726
reddit,0,reddit/0_real/0482.jpg,1026221,1710668888000000000,43e106d8db7dacf1b66b78a9c0f514fdae9fca5c81e9c1d8c35f737cd4b4bd23
reddit,0,reddit/0_real/0483.jpg,1474632,1710328160000000000,de79664048ff4a6d96515864b5f899697525baa979553a6189df7b1aa6175e64
reddit,0,reddit/0_real/0484.jpg,2634068,1710668894000000000,8518d399c4fd1ef08b1b7d68456c18f3e4bb7ffb8059e66d26d74b222d177688
reddit,0,reddit/0_real/0485.jpg,1242418,1710668900000000000,9a7a937b3d9761d52696a73a78eecbfafe51ddbbe74e445628a895682ba62810
reddit,0,reddit/0_real/0486.jpg,92417,1710668888000000000,698dc044b6720d9c8e180a1995d8d1858962aaf308b9b5242d3c75ce95c81a3e
reddit,0,reddit/0_real/0487.jpg,86540,1710668888000000000,cbeb35a10f4f68258d92ededa96835daf777e23cd075d192d810cc38cdb9e88e
reddit,0,reddit/0_real/0488.jpg,1855072,1710328152000000000,27b5aad2d0f826c449d9ab47cc62eb7ea33f3da10f320eb0668f032d8f725937
reddit,0,reddit/0_real/0489.jpg,954820,1710668896000000000,d0b15a75740ee2fde12d0438443b3c118235221e3c992a332065026989be576a
reddit,0,reddit/0_real/0490.jpg,1546965,1710668882000000000,78730c56ab576fe8c3ac9aa6eb77ee54aed1feffebd63551b8bf6dd4ad000442
reddit,0,reddit/0_real/0491.jpg,933667,1710668900000000000,5ca76821f857aef7ef84798e911724f67608d1e0e97f2b53eeadc5f4d612df80
reddit,0,reddit/0_real/0492.png,3930228,1710668894000000000,4b41014629f225deebb8687379a8b67778cb077d2307e9772b44e24e7090d8dc
reddit,0,reddit/0_real/0493.png,1012891,1710668886000000000,c149475736451339c315c31d260dfaa0861cc3a1789fffc0b946e56d86dd57f7
reddit,0,reddit/0_real/0494.jpg,463077,1710328156000000000,6bf5bcddfac8d7011a5783afb439fa8240bf09790c59e6a5970143de21f0d9ad
reddit,0,reddit/0_real/0495.jpg,92816,1710668892000000000,43c7b6db36fc5a664f34715cdc2d5f7cb249dc1e12692771c5aa4cc78340d026
reddit,0,reddit/0_real/0496.jpg,31213,1710668902000000000,623dd26669324bf8c45e86372bb9d77127e62c048c9534f232b36d88555ca0ba
reddit,0,reddit/0_real/0497.jpg,1008613,1710668882000000000,59a40568f3023c38db86cd846e5b937e9fc277c242704bc0ee08f94e2ab6f570
reddit,0,reddit/0_real/0498.jpg,549090,1710668896000000000,8b1d523fc2971ab75137c55a522425a7cc74cdd3eb740cc683ff471daf684a02
reddit,0,reddit/0_real/0499.jpg,225469,1710668902000000000,18225c6f82898aade26a3753ceec639d7e548e39981663909ad963ace4e7fd10
reddit,0,reddit/0_real/0500.jpg,167531,1710668882000000000,42354a48f370553c209b0d17585bc0b31818015c7637f6bcb907a772b93129e0
reddit,0,reddit/0_real/0501.jpg,1274055,1710668900000000000,9e7e14f45403b96106a9ad6d5b6f582198278a207d8258c2ce836f483e11810b
reddit,0,reddit/0_real/0502.jpg,125136,1710668902000000000,45c73c594fac86487f4c47c075da7d4d2476a80fe89867eb575d98b25bad23c2
reddit,0,reddit/0_real/0503.jpg,252761,1710668896000000000,ebb144ce5c92863278fe283e2d15125f32ebb54ddc47d522de7afd0271194711
reddit,0,reddit/0_real/0504.jpg,2102969,1710668894000000000,f018cd6b7c6b697220acb7a93267c5298e1611c9c0ae86049f143435f466413f
reddit,0,reddit/0_real/0505.jpg,204550,1710668898000000000,18c90fa3457432686b8276b3f02cdd5a48fd850908f0781f3187e6ff21a0884d
reddit,0,reddit/0_real/0506.jpg,80235,1710668900000000000,e1fb2cdb050853e712c03a8cc0082f27814f460921446f839b1af4f1d2faa528
reddit,0,reddit/0_real/0507.jpg,1280156,1710668886000000000,6d9829028574b197b159be1e39df18d5939b1a7335f5e4f9859fae13def69186
reddit,0,reddit/0_real/0508.jpg,16483,1710668882000000000,707ef667ad78d3bd23fdf9278cdeec217911747c37adf9f7ee17b1eb3f402017
reddit,0,reddit/0_real/0509.jpg,127010,1710668902000000000,262e3331be50e9cd807c7305df510d32b025bcfef94e71524e3aa53fc63f1f7d
reddit,0,reddit/0_real/0510.jpg,677985,1710668898000000000,1d43515809407b9a3edd10a4ec8fc853de661c84baca3fbdf7a779bfe965ad28
reddit,0,reddit/0_real/0511.jpg,387177,1710668888000000000,edd728ab7bbaa623bf07ce89382c4170284da018a0d4aa8063552ba1e9b89322
reddit,0,reddit/0_real/0512.jpg,86541,1710668898000000000,ba54b75118c7faa4bdb50ef95b20a1771c648d6f2ad31b2a9a71c65acf004fa7
reddit,0,reddit/0_real/0513.jpg,616447,1710668888000000000,6cedbb6531a42e30d9d789e6bd603fec8ce5112859aa32347a01a5fc637062d0
reddit,0,reddit/0_real/0514.jpg,87892,1710668896000000000,e4ed4cfad9f26ae9e78d3bef92c9d80dbf40533cd295d14757ddad9f58491d00
reddit,0,reddit/0_real/0515.jpg,671551,1710668894000000000,cdb98271db2ea7eaa80fe13f9d4712bfab51f19f4326eca7411691e23eb89fc0
reddit,0,reddit/0_real/0516.jpg,6907110,1710328158000000000,67a5a92fed7fb0d0bb0e62681a947cf9292871884608139a0789f6d41197505a
reddit,0,reddit/0_real/0517.jpg,600686,1710668894000000000,dc7fd4474ac76ca68628648ee353d54c9c03e4a89639c63eb32883f6937ab234
reddit,0,reddit/0_real/0518.jpg,857233,1710668904000000000,a0f1f94660d59aac8c0d23f387ec08ed6f25c3dd3ea14aa3367d622f46b24dd0
reddit,0,reddit/0_real/0519.jpg,70923,1710668892000000000,be0a5836da86c7b469b6462999d939309ae7f330afa89a5580ca601ba91cb5e8
reddit,0,reddit/0_real/0520.jpg,1644760,1710668900000000000,6d0457af4a1fb3098ab1dc0692d5036fc125735328b0aa211591aa91c31ef593
reddit,0,reddit/0_real/0521.jpg,879014,1710668888000000000,af598cfc81dd12b3ed2fdc47f7d43b4247b70c6d855f8f7b5b427b31f3b53ac1
reddit,0,reddit/0_real/0522.jpg,58599,1710668900000000000,ef45b7d0d9e40e90f9d5f4a5378dc1e4ee5b0d8fa77959f96df4e341468fb7f4
reddit,0,reddit/0_real/0523.jpg,1893457,1710668900000000000,07c481a84cab123629f7c2ab8cbe11bda726b2d453621d64899d513d0f5c7f55
reddit,0,reddit/0_real/0524.jpg,578207,1710668902000000000,cea2d85baceed87b630312fa915b43df30c952b959d7a54148329c673729d773
reddit,0,reddit/0_real/0525.jpg,62288,1710668892000000000,f59a7d6b6716ae562249956611a781f1abefb33cddf7ebc790eb72b66ebb28c8
reddit,0,reddit/0_real/0526.jpg,480558,1710668890000000000,54e462456f4c7ca3c1fce501f1621c9c6b39169f6ca2b33ff1c96d2a6d9b0fd3
reddit,0,reddit/0_real/0527.jpg,83823,1710668904000000000,218ce640e8067d9e0f323ded0730ddb05a9b9c4a27c538488e6a113d842691ec
reddit,0,reddit/0_real/0528.jpg,175745,1710668884000000000,8445947e7da6b64b129e347bf2d5d0b4e1d55f51bb221ded2af3172218b5dd82
reddit,0,reddit/0_real/0529.jpg,565971,1710668900000000000,b63347239a8a295fed2f9702c1365f531c94e61b63b1a79c8b9ad28735b64425
reddit,0,reddit/0_real/0530.jpg,1076276,1710668898000000000,54e7d080b44484faafe1145ad5e5023e3863eda750eb36ff9a8f97655d2cc637
reddit,0,reddit/0_real/0531.jpg,1390396,1710328142000000000,d2c9efd11f135ceab7290ba67e3882a73efc4e66ecc1d514035e477c623745eb
reddit,0,reddit/0_real/0532.jpg,1390396,1710668896000000000,d2c9efd11f135ceab7290ba67e3882a73efc4e66ecc1d514035e477c623745eb
reddit,0,reddit/0_real/0533.jpg,15276,1710668898000000000,497c8b162e9e99d2c7c920148f5b954a313bccadd643acbfc6ba3b49e48d2519
reddit,0,reddit/0_real/0534.jpg,671806,1710668902000000000,087ce57d45590b5277cd2ba5eeff822e93974fc8fe058ea761980fa49874dd5b
reddit,0,reddit/0_real/0535.jpg,1821078,1710668884000000000,9fd263d70912e5f0f4d65a4f8b42fa3e36e15d9a616e2aafa6bc0a147818a78a
reddit,0,reddit/0_real/0536.jpg,6813,1710668888000000000,203caed9b3cdd2e70d0b3b98bc059c7b5c1bab995f78811f6b4c4e5fd8ffd3d9
reddit,0,reddit/0_real/0537.jpg,2469270,1710668894000000000,f257671ddd026e825f2c3a934e46abd23fb20fa4119bfa08670b8d9aaf41ca3e
reddit,0,reddit/0_real/0538.jpg,1090124,1710668888000000000,a9383a94d9f310f7c9e225bb7dc500c684023da271ff043baac84cda5a29f156
reddit,0,reddit/0_real/0539.png,5280402,1710328162000000000,19c655728e43a761de6aa8f38570dc341bd1562709a5701ac618f800abf38117
reddit,0,reddit/0_real/0540.jpg,1291324,1710668902000000000,df90cbbe0c46ccbb54ed1911f250fd9500abb1fb2e5c65fb911a8dad0d17c976
reddit,0,reddit/0_real/0541.jpg,183175,1710328144000000000,814210d072c8a7bda35f253d263fdcbc4460de4018e4ca587c257017b7fdec8a
reddit,0,reddit/0_real/0542.jpg,377682,1710668884000000000,3ba9e5a58c926b9197f2976572286ff26b12ad7965873cdfc77177cbb1fa6b26
reddit,0,reddit/0_real/0543.jpg,1505454,1710668884000000000,2f65deecd0b25ed25d810b010b5a1718c13e911cdbcc1c724392d6a502d42890
reddit,0,reddit/0_real/0544.jpg,1261102,1710668888000000000,b9aa45ff571a1979160d20e07977898cc0880c11ea398ec88b9e3d8e9b90a41f
reddit,0,reddit/0_real/0545.jpg,503203,1710668890000000000,ba77c66c7958989d40f93d25275f48157052caeed4193cd765876dba8ba8b9c2
reddit,0,reddit/0_real/0546.jpg,1151287,1710668888000000000,3242c45053b5776e5127aa8b8943bb7ec0f5a26bc4ac28cfbc9d7883e7ede4cd
reddit,0,reddit/0_real/0547.jpg,1970584,1710668896000000000,4a0706f4d2ead9a1b2541941ba1b52c492c529d04809d62fdcc1ecaf5c77f1f6
reddit,0,reddit/0_real/0548.jpg,573669,1710668898000000000,b9c5fd7abafe865bfc2532775cfdc5f8c8afab319db5bf6c5ddcc7bb50c5afb6
reddit,0,reddit/0_real/0549.jpg,1066415,1710668902000000000,90269a593165b79c6d353359ca3c61401be83bfad060001a1fd6c95641580288
reddit,0,reddit/0_real/0550.jpg,2130328,1710668900000000000,873c2f956120a834dcc7b813d03ea95e7af3a465178b2e9c244f082407ac3470
reddit,0,reddit/0_real/0551.jpg,140833,1710668882000000000,aa54e9ff059f944b7c4c25a45b50fed9e54ac884c1adae6ec4e6d1c7a24c2e6a
reddit,0,reddit/0_real/0552.jpg,1177145,1710668886000000000,4ea1bc10a5361107a24a1f6587a35711a272de4058dd3d5adc888fffcde0fbcd
reddit,0,reddit/0_real/0553.jpg,1394866,1710328150000000000,79240a16b7c5737eb366c3bbb1c107e5318be0f74863d84e01f05f3ef5b50713
reddit,0,reddit/0_real/0554.jpg,622589,1710668884000000000,45aa2c52a40bbbfba52fd11b1c944af828fa3f0ebfda39b04c0a17a19ca0a797
reddit,0,reddit/0_real/0555.jpg,1061397,1710328142000000000,8115d46148293750a8438c1814b90d4dbea594de2a39f4f53e88edcc53f92f18
reddit,0,reddit/0_real/0556.jpg,2349144,1710668890000000000,6479eac00de6084c41be2f31ed791e3def4f7a8a3dba06546eb7408291061083
reddit,0,reddit/0_real/0557.jpg,1129938,1710668896000000000,d57b1e0b0d937ad09e07c13e93a1e64f98e10e0d6c14785495ae69b7c9bb9365
reddit,0,reddit/0_real/0558.jpg,174747,1710668896000000000,66230abf1b00f928876b3d03fb23295d5c57527f0db152f871b4af7f35726894
reddit,0,reddit/0_real/0559.jpg,193624,1710668892000000000,bbcfea313b6320701cefb8d2c6c8af8b33c84917c5926ab6f61f80463aa087f4
reddit,0,reddit/0_real/0560.jpg,1309539,1710668898000000000,14fd92a26307396c2ba4f5a97073a5f928c161c6f471d10d4c63be0c78859b1a
reddit,0,reddit/0_real/0561.jpg,97702,1710668892000000000,9f1eeece33c0679827160b8fcd20b4c6d36cf779eb24356adbf7c06ee0f182ed
reddit,0,reddit/0_real/0562.jpg,728852,1710328144000000000,633b16acccc43d314639d6ac2f59ccd2da4e914d82c1a7ef65719c94265fd2c6
reddit,0,reddit/0_real/0563.jpg,728852,1710668898000000000,633b16acccc43d314639d6ac2f59ccd2da4e914d82c1a7ef65719c94265fd2c6
reddit,0,reddit/0_real/0564.jpg,4899597,1710328144000000000,d241564b40ff1e10dd7afdfc8a92c4f2e065cc8270919a0d77c0f8a83040357a
reddit,0,reddit/0_real/0565.jpg,1139920,1710668886000000000,9ed50bbef9444800ba225d05c01e759b491a7e6cf450a524727d8dca93843f85
reddit,0,reddit/0_real/0566.jpg,494393,1710668890000000000,afc639e8b788a166921c8033156321f0de1705194577b314e5caed7456808773
reddit,0,reddit/0_real/0567.jpg,279100,1710668894000000000,22a4b47f6f4f5a57142fd32e74baf12588e7186f79f8084de8b7f8e29ec3672b
reddit,0,reddit/0_real/0568.jpg,1592752,1710328154000000000,a7fb5fc64d70df560f17c261b767788e4d077c68a2536419d885ffa8b256693b
reddit,0,reddit/0_real/0569.jpg,291741,1710668888000000000,e8d2baa95cb0e355674016cfdcf593e52a574ac245dc54f81e510216ed2f4ba8
reddit,0,reddit/0_real/0570.jpg,440722,1710668888000000000,98cf0473b63aaf1bc3a9337ae47ca4efd2ec148a72cb77544f93732c19621a01
reddit,0,reddit/0_real/0571.jpg,347541,1710668898000000000,4c944230fb717caa965f66b6e6d1321d4ff72512f1562e4422875cc68981a00b
reddit,0,reddit/0_real/0572.jpg,674024,1710668896000000000,20cb1448795cc979e332537958a914c40e0391790b7f7aebadf0e4ad7454f472
reddit,0,reddit/0_real/0573.jpg,1222406,1710668884000000000,90ad63c8985d8cc027d3ede4dcb09d7604d0e5a5a429bece3cffbcc35bf9797b
reddit,0,reddit/0_real/0574.jpg,2666927,1710668886000000000,64e7e6724b3941a13073794fcaa0d4bbe530082e1b318f7ddb0e9c467e2e3a56
reddit,0,reddit/0_real/0575.jpg,82407,1710668892000000000,b1c810d7463e756df8ddee01593776bc886fedaa4dce2ee0bd67885ff5910531
reddit,0,reddit/0_real/0576.jpg,20210,1710668896000000000,d7f5ce075a4bc1dc0aacccf882764ec9f4a55afdd984c75b29d210248b10c577
reddit,0,reddit/0_real/0577.jpg,364787,1710668896000000000,c2ec17e6443e123060343045d632600f86742032c33a7db6accb8075bd098c3c
reddit,0,reddit/0_real/0578.jpg,2224832,1710668902000000000,6b646ed08a10d173548795b090cf056136b893a29ffe693fb1a00d2e828c6f9f
reddit,0,reddit/0_real/0579.jpg,489279,1710668890000000000,3ac8ef20b5d98aef1a90231891145e3315949dd8045faadec713998ab39399e1
reddit,0,reddit/0_real/0580.jpg,1342882,1710668888000000000,b2b0b56e21d3e47dbd57aa05c408b61a76efda3b20d4ec206c5e0749c074384c
reddit,0,reddit/0_real/0581.jpg,892001,1710668894000000000,1f76b6005cb8a31abbab3ca3ded3e30d62c13337f2cc9cfd49274ea939333100
reddit,0,reddit/0_real/0582.jpg,1037521,1710668886000000000,ea828d19a334120494432c46bb26c27977b469561154e50aed7d5cb2dcb5ebbd
reddit,0,reddit/0_real/0583.jpg,1388651,1710668886000000000,75aa341c230f90be029b33e1365c905002bc18e692e119900b583813274e9d31
reddit,0,reddit/0_real/0584.jpg,118923,1710328142000000000,37a507c2c2ec0effe81d64e69779ff023992a3727eaba7cda8eb8b1686235add
reddit,0,reddit/0_real/0585.jpg,160988,1710668888000000000,bfdd9c6d4081ccb1bc9c4873e7254925593b5fedaf127ce566956e385dbb0af8
reddit,0,reddit/0_real/0586.jpg,1235897,1710328158000000000,8516bcb546621eda7db91af0d4f8b9f3c2fc2c37d6f1d4b643b828bd7fa34b49
reddit,0,reddit/0_real/0587.jpg,1235897,1710668898000000000,8516bcb546621eda7db91af0d4f8b9f3c2fc2c37d6f1d4b643b828bd7fa34b49
reddit,0,reddit/0_real/0588.jpg,897084,1710668884000000000,6419118902820a445a4f10dbc3dfcbd7cbae4c146ccc3cd73eb31286aff42bcf
reddit,0,reddit/0_real/0589.jpg,3050278,1710668888000000000,9c7eeeb05519ef50da0b19dfb711acd1eb7ea36e46de639d2e7611ea01550df1
reddit,0,reddit/0_real/0590.jpg,2078752,1710668884000000000,371bc584e045719e8ba1e371aa9f81e7789950a6d62b22d7447bda3cd652d137
reddit,0,reddit/0_real/0591.jpg,1800818,1710668888000000000,0c2fec45c246f0eb7e08aa4af44ad0f1f2221931fe822315e3231a04ab6b69f9
reddit,0,reddit/0_real/0592.jpg,1246456,1710668886000000000,5fc46055cb5bb87f1b8ead4fc1ffa74a2bcc680b45e1b1912bb5f937261788c5
reddit,0,reddit/0_real/0593.jpg,603749,1710668902000000000,04c4100d4915ee086bf57a23a6546d286043c9e133209fcc516020417b35fdc6
reddit,0,reddit/0_real/0594.jpg,1983039,1710668892000000000,ca5e54a7fbfb9a983e7a2d2797fdc12d7ae3927352130d0e7f586da7c02f2347
reddit,0,reddit/0_real/0595.jpg,745611,1710668898000000000,8269e5fd6725c0e2e3cf0189fa06a71b62ab68f828daeefbeee488a81b9fa5de
reddit,0,reddit/0_real/0596.jpg,1237468,1710668900000000000,0b64951f21032b5ea76932ca647098cb7252955aa498f0a6ddf6b7c184236ace
reddit,0,reddit/0_real/0597.jpg,476631,1710668892000000000,d0330c371d8b759bfceee6b4628a897c98e74f97df3aae23f907f5a66b7de5c7
reddit,0,reddit/0_real/0598.jpg,1342161,1710668892000000000,47960f17ca41f669050af5384cb1bd5c7b0543e4f9ca4ee28372347bf5e15802
reddit,0,reddit/0_real/0599.jpg,3449974,1710668884000000000,88d0f9f1f5a4e3f030f5a589fcc106bf968bc577935d9a7b73fdd434fdec06a8
reddit,0,reddit/0_real/0600.jpg,1173044,1710328140000000000,a7ca35c0a3b6045c0039260f87efb3da6f4c10762743421d68cdb03b46d0651f
reddit,0,reddit/0_real/0601.png,785263,1710668902000000000,b359887686b0b76220e23efc312ad6a71855534e5281c7c3b0c92c4d83e575cc
reddit,0,reddit/0_real/0602.jpg,93558,1710668888000000000,069d3130b6e8af0dbc25d6e76a301daec08c284a578ca32117f1b929f7976ead
reddit,0,reddit/0_real/0603.jpg,546838,1710328154000000000,5188f1b481f390f33ea59a3efd20be5c1df820e5a1b4e3cafbbd6ade59f8c0ba
reddit,0,reddit/0_real/0604.jpg,3075833,1710668892000000000,3d629b0ed8037151298d7b3455b98fc1cbfa5a366e157ff0356a16eddee1b314
reddit,0,reddit/0_real/0605.jpg,361144,1710668900000000000,05cee57eff4a669e09d88764a205c790fa8fc31e119b7334360792ebfe07441c
reddit,0,reddit/0_real/0606.jpg,1445877,1710328148000000000,dcc1b4a3255e79410aa3b43e6304a8bd369bc7deec6f24593099c926e7801ff2
reddit,0,reddit/0_real/0607.jpg,1445877,1710668896000000000,dcc1b4a3255e79410aa3b43e6304a8bd369bc7deec6f24593099c926e7801ff2
reddit,0,reddit/0_real/0608.jpg,834282,1710668902000000000,3179551c56fb6d4e03644dec41b801874dd8fd785c5eb50709470e208a585ddf
reddit,0,reddit/0_real/0609.jpg,719680,1710668898000000000,ae26dc030a0dc9644d8bd5d2508a200370bad028071af777d521c338dbb12e5e
reddit,0,reddit/0_real/0610.jpg,549933,1710668896000000000,46fd11823e3efcc9f28bd495e20878cb43088aa9a05ff0f60876aa01a1864a4b
reddit,0,reddit/0_real/0611.jpg,1318010,1710328152000000000,c172898cf8c2cf42594391405138124b2b3c3bfc4fa567d9281c47cd6efc4207
reddit,0,reddit/0_real/0612.jpg,1467909,1710668886000000000,ff521c186dad5f006da05ce1b393b4a3d34eff3a6a2bcc5c5a65567b3effc385
reddit,0,reddit/0_real/0613.jpg,100410,1710668892000000000,5aa46ae5addd9db3b06e09d86ec435aa3bc81e52d5c80fc9d686a0105a23657b
reddit,0,reddit/0_real/0614.jpg,195618,1710668892000000000,b96cac1656762055807be6ca5365ef93cf6fc588aeee7f6b0ac7b676887c1fd7
reddit,0,reddit/0_real/0615.jpg,805482,1710668884000000000,fed734b671ff370693f8b10048e81954393271bb4484a5a1ddf0c3d8a98348fe
reddit,0,reddit/0_real/0616.jpg,1151065,1710668904000000000,4c6f37e8415d04db1f4ae5d8f145b1a7bf409e4a2093447fa56e9064b2ca077f
reddit,0,reddit/0_real/0617.jpg,37334,1710328140000000000,6a11b6d5c2138fc74a5cf6137f0fa17d57d4e31fbaea41af97dae27d84c56358
reddit,0,reddit/0_real/0618.jpg,1753709,1710668902000000000,8ee1a558fee50b25c52b8a50edabb126b360b634ded46a277b03426856be4f9d
reddit,0,reddit/0_real/0619.jpg,1098382,1710668886000000000,cafb2b2f5c2b6e5381e289c089c42eade890bde0ed6c940e45db558231703f8f
reddit,0,reddit/0_real/0620.jpg,2259353,1710668896000000000,471e1492e3e8646fab38f9e01c4cb0acdde5e9956ccdae15cf195c8e3161b32f
reddit,0,reddit/0_real/0621.jpg,487395,1710668884000000000,d2f6268733569995a25f0c32c344dbddf6f240976d9440fe386d1e328027bc72
reddit,0,reddit/0_real/0622.jpg,1699058,1710328146000000000,b851b5394ed33958b292f8f1e0341fe4177080218bac37b536bc480109dcfe56
reddit,0,reddit/0_real/0623.jpg,1010593,1710668902000000000,4b74bf6a198c073e22fe65b643ba961978a1c3d79137eafa666d7c069c6219e7
reddit,0,reddit/0_real/0624.jpg,1894176,1710668894000000000,121d28d3f439bcb0a0384e0362b125485e27f546f637abb2a15aecd326652a94
reddit,0,reddit/0_real/0625.jpg,150105,1710668882000000000,eaf529c130677a6fc964396b30123f81823e0d369118aaaba6eca19c738af6a3
reddit,0,reddit/0_real/0626.jpg,879132,1710668896000000000,15ad5bb0abdbd906d95a49c80d8f3ec37fc93495c8632432047a9b4146c2fa0b
reddit,0,reddit/0_real/0627.jpg,143104,1710668888000000000,1783bfff873d8308f688a542369596f4cc23f69196a81f0094bfd1dba0f6e01a
reddit,0,reddit/0_real/0628.jpg,3186232,1710668898000000000,6ca3142f5b1bcfeee041e4df4a55270c25d0a77aa2c8d284f782ffe63440cf4e
reddit,0,reddit/0_real/0629.jpg,945606,1710328148000000000,e584b88850e0d0801997ae575a44de4ee458f7e0d88539ede23d6f71f3bbd8fc
reddit,0,reddit/0_real/0630.jpg,945606,1710668886000000000,e584b88850e0d0801997ae575a44de4ee458f7e0d88539ede23d6f71f3bbd8fc
reddit,0,reddit/0_real/0631.jpg,215957,1710668886000000000,e8e565a40272a9389d1b011894a3d2dd1b8fd1cbfeeeb9927a055b1769b0d73e
reddit,0,reddit/0_real/0632.jpg,2586383,1710668892000000000,c057e38d5d0626028713bfe2dc329c07992f36808bf28c666eee9e1f6d78af25
reddit,0,reddit/0_real/0633.jpg,533564,1710328156000000000,fa868344e3f61b812b759f4db0044e58b7cd157e4b01a7d0d69ed3aa036e8a58
reddit,0,reddit/0_real/0634.jpg,1243067,1710668902000000000,01fc1551df9502400833cbb1e542960c1fdd0f7bb73e8001e15c421bd1a9c0ab
reddit,0,reddit/0_real/0635.jpg,1449969,1710668898000000000,cdc28243eea76d67ecffcfc08b4d2ce27915b2dfad649ebfce09428a276fbce6
reddit,0,reddit/0_real/0636.jpg,497565,1710668890000000000,e74626ce843e806c7e99e2327aa75e314a30ff3957e9db6255b1e449690aa207
reddit,0,reddit/0_real/0637.jpg,1294915,1710668900000000000,2e0445cd2e3f2d3358ab68f9118ce29c2abde9727b831aeda69158cc4922b633
reddit,0,reddit/0_real/0638.png,4233743,1710668896000000000,a8c3d66015be3f16969c2596bd89d31b9ce3e86fe46ee81f01121a2f0946afc0
reddit,0,reddit/0_real/0639.jpg,1101019,1710668896000000000,67b08818e16a3b41bb4e2e519244ae5b71302b786db7d93afb3ba06385ad6fb7
reddit,0,reddit/0_real/0640.jpg,1089495,1710668898000000000,df416be8591f7fae8e93b4325134bd9b6941c954d4d93b647298397b9f950d4b
reddit,0,reddit/0_real/0641.jpg,869590,1710668904000000000,2ee6d03018354f219e0ee55bf9eaf00545f61d3664169075e0c39605c163f0d5
reddit,0,reddit/0_real/0642.jpg,1590101,1710668884000000000,c2f3d511d896cb6c8a3a7ceb72920119d5873be424655b0b9be60a0d0f20ad52
reddit,0,reddit/0_real/0643.jpg,1027094,1710668900000000000,a16d7cb30ecca9eeb8fdffa2f8f928e91929587478f1d35f262fd78e0570d3d1
reddit,0,reddit/0_real/0644.jpg,1862437,1710668896000000000,a94d925525ac046c2c3eac876416146f698247d370a481d4a96ca871a882fd5b
reddit,0,reddit/0_real/0645.jpg,62675,1710668902000000000,4f97f2716205fb8513074d190ebf443dfa513f6e141453fa73bf36040f2e747f
reddit,0,reddit/0_real/0646.jpg,7799267,1710668890000000000,02c287e693ae49b0349a5235f71f2efdc64888cfddbaf336be14fc07137e0f60
reddit,0,reddit/0_real/0647.jpg,707681,1710668884000000000,2cfeba1a5ff920a1c79aae7a9711cfd69eabb7db74374ed4a3d538e453fe3e9d
reddit,0,reddit/0_real/0648.jpg,212230,1710668900000000000,1094cee1088c6db23d168eb31ad0627e0330d5d2b179f923030f1671d0a64ef7
reddit,0,reddit/0_real/0649.jpg,760824,1710668896000000000,2f69cf4abd01277e42d3953709cb366162afac0c1dad49c6e99c3788851364a4
reddit,0,reddit/0_real/0650.jpg,75384,1710668882000000000,9ef8da27390a0a0042d7c03092852f51434f2be03a4a7087b2440524074ef234
reddit,0,reddit/0_real/0651.png,2196031,1710668890000000000,639c347f5de3e773b0831533865b7e275be31369bc7d58d4567047b941c42d09
reddit,0,reddit/0_real/0652.jpg,333754,1710668890000000000,c8e4f67a4f2f9336cdaf0e2a741da0282b31937e1ed8021458e6dde0516eaddb
reddit,0,reddit/0_real/0653.jpg,21115,1710668896000000000,0da8f0459ea5f6a32f15b93b5ae648bc373e3eb1b8198ce6e92392d1d908ca8e
reddit,0,reddit/0_real/0654.jpg,1284321,1710668884000000000,413f359d321c499ea42ea25973bbf94b6e26281de49ee01fa7341e916caf76c3
reddit,0,reddit/0_real/0655.jpg,311358,1710668902000000000,fecc64d0165660264392cab4baef9d8bf10ea3a7050a15063f7e7d760f289b3e
reddit,0,reddit/0_real/0656.jpg,109191,1710668884000000000,fa7d7534d6aa112d443effb7e72f390096637b28a26a57b0cd38fc5f9d85245a
reddit,0,reddit/0_real/0657.jpg,1812450,1710668902000000000,bc70bf9ec8d5b0258c59b667f45e0f1bb89eab9fa6be4f717d0cfea20d0a4ed5
reddit,0,reddit/0_real/0658.jpg,1157125,1710668902000000000,f77bf095fd5d4cfe46e857463eacf01035ced405ae8e0ccd729aa9b01debb986
reddit,0,reddit/0_real/0659.jpg,263203,1710668892000000000,2e6b8446b570284872bbd50ded2fdc75b83fadd3b715f0e2d2eb84ad6c9b2d99
reddit,0,reddit/0_real/0660.jpg,3013860,1710668888000000000,d2938fefe09410c07655ba0ff371d6b6711ac3375e2365459a0189617a73f0c1
reddit,0,reddit/0_real/0661.jpg,706916,1710668884000000000,b8374d7f63b0199e41a17c10c2fb1990f1b39f118e9d2fc0bc211fdeef1d279c
reddit,0,reddit/0_real/0662.jpg,1103417,1710668884000000000,96dc6bcd1601bbe2577c3b7ad75eba22499440183c0f5cc26bbb37d18a2dd6c0
reddit,0,reddit/0_real/0663.jpg,564818,1710668884000000000,0a2dddf4fc6cc6b752a0f20cd82b414f51f4497dfc2f6cdbca9705f9a8bbf847
reddit,0,reddit/0_real/0664.jpg,569283,1710328146000000000,c0d337e2c884813e29da61d5bf794af736a80d7426372679e5d44530639900bb
reddit,0,reddit/0_real/0665.jpg,1578088,1710668890000000000,3cb04dd41f2a04e55e6b848ea872fb43d454d3a4f28b72ae91d855f9efcef334
reddit,0,reddit/0_real/0666.jpg,2533733,1710328154000000000,7c939beae8d2594c82b0abc322ddd70516c67aaff746ca666379811651f6f7ab
reddit,0,reddit/0_real/0667.jpg,1041119,1710328148000000000,c65f4f85d797f39ce5c41648663c2468c01532791a81523b3288696992544b12
reddit,0,reddit/0_real/0668.jpg,1041119,1710668886000000000,c65f4f85d797f39ce5c41648663c2468c01532791a81523b3288696992544b12
reddit,0,reddit/0_real/0669.jpg,3219585,1710668900000000000,c2b918d180baae5cffa5d639a634b76b3e782ad491606ac83029554407280e03
reddit,0,reddit/0_real/0670.jpg,187599,1710668892000000000,910aff3e05c628104da627a6e24f776d7bd50a803aa44496c47efb4bc051d64d
reddit,0,reddit/0_real/0671.jpg,176778,1710668900000000000,b1dc35692a6f25417bdec71efa3e72766c8d409b6d5ab1eea903a62d4b677859
reddit,0,reddit/0_real/0672.jpg,925222,1710328154000000000,6f3fb69a3597f09a68a883c8407764eef17f813281e2ddf0d565df2f66063633
reddit,0,reddit/0_real/0673.jpg,720533,1710668884000000000,692c8efe5866a7434f9741f7a3d38df88512fe08a9f5c7c4d1e2627c1cdf93b4
reddit,0,reddit/0_real/0674.jpg,428423,1710668890000000000,a9c8c6c4cc35db8f170c206245392e26f8d18bc29abfeb3c1f738d21479c2385
reddit,0,reddit/0_real/0675.png,78051,1710328142000000000,95135247cdbaaee60a47e706521483d396a9e429c1a01403f65d48a33db29d5e
reddit,0,reddit/0_real/0676.jpg,2051358,1710328144000000000,5b8a3c66dfd33b81d468ace3b5ae7888230daef800656378010971810c106c5b
reddit,0,reddit/0_real/0677.jpg,1430073,1710668888000000000,dacf2fb1bbb185bb3863e1e9c2fddda9332332168cbe27ed855f7694403d3621
reddit,0,reddit/0_real/0678.jpg,281888,1710668886000000000,bf8f6c3f7fe74daa29224525650744b931da4d7dc1614faf21ebd5f60f9eea30
reddit,0,reddit/0_real/0679.jpg,1392098,1710668892000000000,76d0aa33f4013ccf753ead7de522a44db7734ef8a2194735fc56952ac8855416
reddit,0,reddit/0_real/0680.jpg,355384,1710328160000000000,d0bd38326b6ebd0cff4e53d03475b3fafc958f05ccbf41b2d4f194be829251fd
reddit,0,reddit/0_real/0681.jpg,2245648,1710668898000000000,0a6ac1a15e3bdfe91e384761410d13f95cc57bd0a391639c486296d875993b9c
reddit,0,reddit/0_real/0682.jpg,169510,1710668898000000000,b5cc596522e48f02ee3163d103b6b7f47d91f469035b6c3e6a01664cab918f19
reddit,0,reddit/0_real/0683.jpg,380071,1710328146000000000,02fa8d4eefa402badd53440f7be1696a075e9a83a813cd2f00f781bdc5c155c6
reddit,0,reddit/0_real/0684.jpg,1389085,1710668898000000000,6f4a8adf04e24cf77ab67fddfcba4a7ec7bac1a18e767c3590971c1c34580a7c
reddit,0,reddit/0_real/0685.jpg,309635,1710668890000000000,e764453d28b1b36dcfca186d9bf2aa24fa64a722f3b4ec0ca171ffc91ff7083e
reddit,0,reddit/0_real/0686.jpg,1001661,1710668890000000000,f17836f10078114190aa56da6f720cbdd6f87a68039e532e3e5c50986dc1430a
reddit,0,reddit/0_real/0687.jpg,2248853,1710668890000000000,1a306eabd1120b70cf37d4f25791ee0a3a37f816feddb5c76f7076c27f8b53ac
reddit,0,reddit/0_real/0688.jpg,1145935,1710668898000000000,03351dfb34d906f2f5aefc40175c72ba5df6bdaae41c304cbce5e216da4404d4
reddit,0,reddit/0_real/0689.png,1317391,1710668882000000000,2e0cf86878be9c5b367fa024467798a489cedcb1b8339ee6c6027caf372d66b8
reddit,0,reddit/0_real/0690.jpg,443116,1710668890000000000,bf07d82d5ade4aeda7529f09806d52ab42539a228f0e3e41428f4da14993714f
reddit,0,reddit/0_real/0691.jpg,449996,1710668900000000000,e9761e8adf498408d7108b155f7c49d250828a5cebec2f28d7ea97f3c4a427f2
reddit,0,reddit/0_real/0692.jpg,1852744,1710668896000000000,77689ce108e5a5c19de3fe82ce81dba0ee915b4c64e08127de70971e083fce41
reddit,0,reddit/0_real/0693.png,696876,1710668886000000000,6c02b38994508ded96f2fac5be5c51e93f068f2d80e01eb0086eeb899bbefd69
reddit,0,reddit/0_real/0694.jpg,146824,1710668902000000000,eb3d2dff1dc092038a2c43250d89a319cca0702a453fb683b201074cd82866fe
reddit,0,reddit/0_real/0695.jpg,2042187,1710668884000000000,8546f2a08b8784c4f137bee3c0ad60cbe07961998c1fa180ba0e28fd63013d2e
reddit,0,reddit/0_real/0696.jpg,272571,1710668884000000000,e42d1609865550dc09720221d6e63c7b50237e2e7eedca3cfc0cc54791938166
reddit,0,reddit/0_real/0697.jpg,723301,1710668890000000000,46de5d2c562d11556d5453a9b5c8c3e19ca093ab68cfe9b36dfe9b055cf53d72
reddit,0,reddit/0_real/0698.jpg,329661,1710668902000000000,a916593d5398db52d88f57402efbcc652bc909ad782e33ce9cbc6010cd5326f5
reddit,0,reddit/0_real/0699.jpg,239336,1710668894000000000,1ec18be8c095f33bf22dbe881069557791685a22b796462f88c49bcf3a2aed76
reddit,0,reddit/0_real/0700.jpg,2640305,1710668890000000000,d4b1937d092d542aea6243699d9e4c23f6096ea80a29e39519dd431922970da8
reddit,0,reddit/0_real/0701.jpg,1953148,1710668904000000000,3336916a41e514234512b924cdf836ad4a89017c48099b22a46bca95849cf9ca
reddit,0,reddit/0_real/0702.jpg,127443,1710668894000000000,4d1b6fd4c5f37faa75e56c3453e8653868d5dcfb1c6486219bde35817ac8d3e2
reddit,0,reddit/0_real/0703.jpg,669556,1710668902000000000,40b6ee34ecef8dc882c5a9f36cdf9274d22caa611fccfc44e90b81327b151cb3
reddit,0,reddit/0_real/0704.jpg,731903,1710668900000000000,5a2623ba55f26879cbbead541ba8f778ce41b206870cae5c8d2aafadf7f5d07d
reddit,0,reddit/0_real/0705.jpg,445720,1710668884000000000,090c2d5ef71ad1d28d316a7da08856bf4ddaa687ceec5ed0f66cb2cd0874220e
reddit,0,reddit/0_real/0706.jpg,2060987,1710328154000000000,1cfc92bf9e325175a4c221e25986bda1ea2758ad6d4b25e8f97ab14a2095244c
reddit,0,reddit/0_real/0707.jpg,2060987,1710668886000000000,1cfc92bf9e325175a4c221e25986bda1ea2758ad6d4b25e8f97ab14a2095244c
reddit,0,reddit/0_real/0708.jpg,203291,1710668894000000000,18f2cc1af3cc35ceb74f3c406ab63e0358da395504bdd2001cd17543d293ee6f
reddit,0,reddit/0_real/0709.jpg,1068475,1710668904000000000,43b2c96286ba48b42b2eb66bc339fc385084dc3d4d1f52ecb1ebc41ca674e53c
reddit,0,reddit/0_real/0710.jpg,112718,1710668892000000000,f6fc908ddef4b810b1c5c1fb15c355af05bcf4681c2c012761a96d5d2ded10aa
reddit,0,reddit/0_real/0711.jpg,740268,1710668896000000000,8c2809d198818bb40a5622a7c6d83a562d703d3cdbc2861015dc6428df2f1d38
reddit,0,reddit/0_real/0712.jpg,3997524,1710668898000000000,c709caa2185d681f2817a14ad30401c612e816a229ea397e5563de62e5862381
reddit,0,reddit/0_real/0713.jpg,203779,1710668884000000000,cb6885c4c276d3f873d22ebfa7d85ea9b3dc5b8da086561d27d96256c2cc03ce
reddit,0,reddit/0_real/0714.jpg,276608,1710668882000000000,4662ba37ac13afb6c02d854dfac732dab8c7cda9f3c69098656a1804d7fe1bdb
reddit,0,reddit/0_real/0715.jpg,145170,1710328148000000000,afac104c7240d5f5ac0e89c2e18bf13315895fcc82a095bc4d1a3f9ca7ef0d58
reddit,0,reddit/0_real/0716.jpg,1098827,1710668898000000000,0292420f6772e44a966ab5250dd89b48b94aa5d5aada5904e9cf5b3b4ef1da2d
reddit,0,reddit/0_real/0717.jpg,2522891,1710668882000000000,e0ebf612ee056215528785dc1667c13fb9279607fa0a8ba20d02fe148acbdc1e
reddit,0,reddit/0_real/0718.png,2513819,1710668900000000000,3591d87dc9a994baf13f08a1b09b7731154364cf9928d7208b50805bb89ab6f8
reddit,0,reddit/0_real/0719.jpg,219094,1710668892000000000,d9fa5836a167a00d4ba5dc834fe75f12885080f200271b8ec1acaf0b66d654e3
reddit,0,reddit/0_real/0720.jpg,1089384,1710668900000000000,a67946e3797a92e69256cbb19f210d3ddb12bbcd3bd5512164d5b72c97d01c8f
reddit,0,reddit/0_real/0721.jpg,345716,1710668896000000000,4de3e698d55200d089976c460af54308a75eaf1073c0acec706248be85f25077
reddit,0,reddit/0_real/0722.jpg,405220,1710668902000000000,58876e04925562627c00789597073e91643e8b3e5082cae6a161acc0f8628c0c
reddit,0,reddit/0_real/0723.jpg,2504415,1710328152000000000,844714145a570d98a376591d93767a67bf54afe4d51d25b34f16c4ab639333f8
reddit,0,reddit/0_real/0724.png,475117,1710328140000000000,55f39d354d435bae9514f46f276dd9898b5ac253c844600fb50359952fea40ea
reddit,0,reddit/0_real/0725.jpg,449385,1710328142000000000,8d4b26320ad3acb52defa76f8e20848def73358931c648bf3bea51a6e114ba46
reddit,0,reddit/0_real/0726.jpg,449385,1710668892000000000,8d4b26320ad3acb52defa76f8e20848def73358931c648bf3bea51a6e114ba46
reddit,0,reddit/0_real/0727.jpg,197332,1710668886000000000,9016e89706d8209248f1ed52152c489468b96b6d45313786ed6bb226c184f7c1
reddit,0,reddit/0_real/0728.jpg,384827,1710668896000000000,8402f0a24966d05c8c1711f963ab771c794837cf92746fb737b456dfaaaf50c8
reddit,0,reddit/0_real/0729.jpg,1070425,1710668898000000000,1d489b92155e6cd7c83392538a8401c59c54927d091264055eb8be7e0c168e6b
reddit,0,reddit/0_real/0730.jpg,2552164,1710668900000000000,9bb179e6c8c4536d065a5510ae23b87c22e77d29b1f310355feb63dd885f3b21
reddit,0,reddit/0_real/0731.jpg,1110277,1710668882000000000,8fb3151ed7cd07e930ef1f96338103f275d92e6bcd266a7266f6bcb4b5d084b5
reddit,0,reddit/0_real/0732.jpg,1467053,1710668884000000000,376976f264f861b3bb9fc8cad91df7bee262a0416c22c29d99ee0ba5c9593b80
reddit,0,reddit/0_real/0733.jpg,908756,1710668902000000000,edabace62a1641379c19e9b5aa496e7af2af5695ec13ea7ac1f4041d49c9274d
reddit,0,reddit/0_real/0734.jpg,911377,1710668882000000000,a99b0b4e13599169d48cc8711aa56fa82b7e26a13af71ba8419bcc2d11826579
reddit,0,reddit/0_real/0735.jpg,375113,1710668898000000000,644779237f5dd8303e22ba03d78d74bf10b1eb1cc5e702b247d4b2dabf8f16b2
reddit,0,reddit/0_real/0736.jpg,1607252,1710668886000000000,01b14d96a77fc05efa52c470ccef1b08769efb161054408626dfb9c7d249bc5b
reddit,0,reddit/0_real/0737.jpg,1783117,1710668882000000000,0730f0dc0e21a51bb621281de74ab0e3a1d1bc87c4b8e461a97972b1ba72b223
reddit,0,reddit/0_real/0738.jpg,1107120,1710668884000000000,2a3a4a96601e31bd4cea5fe14edee65259f9dfc1fd5b1c2c8da68d4e5959d8e1
reddit,0,reddit/0_real/0739.jpg,92503,1710668884000000000,f2d004b7366e7463efe73ff34e6128317e617b8ac7ff6704a37363c5cd8cb401
reddit,0,reddit/0_real/0740.jpg,1480649,1710668898000000000,6d729562f277b924e07a939489fd32f450f8a4b85e71602a0d991c6a47a6f5db
reddit,0,reddit/0_real/0741.jpg,386876,1710328160000000000,abfe00f390d7d6e4b52720978a726bdc3d24fa2fccedab4dcfb251b856a8dcb7
reddit,0,reddit/0_real/0742.jpg,370394,1710668890000000000,46a9f05dba68c1e3f3cc39944f4fc741fb5fdebe3c086fbb8ffddba1ad93d19d
reddit,0,reddit/0_real/0743.jpg,135542,1710668892000000000,85ad0f8635ddb9e78d2af4ec638cdce69d1b0f3510dd55e3d88782e0f4183e61
reddit,0,reddit/0_real/0744.png,1070390,1710668902000000000,0a58c29b406dab9f623d6ffc3f18a2a114108ddbb8649cc2386e6faff9968b28
reddit,0,reddit/0_real/0745.jpg,1057136,1710328140000000000,97d91c90da2945b9c9cfab4b7ba1a66196188468a8d7977feddd32c9965bd1c2
reddit,0,reddit/0_real/0746.jpg,1057136,1710668892000000000,97d91c90da2945b9c9cfab4b7ba1a66196188468a8d7977feddd32c9965bd1c2
reddit,0,reddit/0_real/0747.jpg,1198608,1710668884000000000,e7312a8c50f83898cbcaa80f622fcf738370b3fc329d7331378a9ff4ac267e9e
reddit,0,reddit/0_real/0748.jpg,375847,1710668888000000000,4301b2d20deaf6d66047876c83282217a4c8309fed48b51180b75b15f0c58506
reddit,0,reddit/0_real/0749.jpg,251636,1710668900000000000,e72f0bfdd5a142a05c0734e13f66a04edb0475b06243866405c88fe0b625e3de
reddit,1,reddit/1_fake/0000.png,508989,1710668974000000000,26550ba7695d4753ec29edeb560f1da943f988c1ec324ce2262467d67c05d194
reddit,1,reddit/1_fake/0001.png,2075008,1710668972000000000,2e3f7bbafd214a6770d404983883421f78782f9a73548dd1d24b520f00859ba5
reddit,1,reddit/1_fake/0002.png,640773,1710668972000000000,8540eb99ec36213aac7538cbe5dfc86e30cf19275ae31c6879bf687661c7d002
reddit,1,reddit/1_fake/0003.png,1829857,1710668988000000000,1bd77a972f0aa2ba0e93f72fd985980684ab8032dc42543b7a0ac0c6a12b3062
reddit,1,reddit/1_fake/0004.png,1168717,1710668978000000000,4bd7008a33ef419ca39f6c388ef8789b1ad865eedaf5fe6f6c916f7a654b76da
reddit,1,reddit/1_fake/0005.jpg,109008,1710668970000000000,e0c53d84d2bc89f5d9cd8e4e72abe030b677dbd6815bd481ee8d23ec4bd5c4a7
reddit,1,reddit/1_fake/0006.jpg,155870,1710668982000000000,e37795a2740d6fccd521d96c7b1aa8277c93daa1501407b3d9b1a14fc9ae13a4
reddit,1,reddit/1_fake/0007.png,1553770,1710668982000000000,8600cb43bebb4e309017893f9a35c846858fed03b500293da57a7a1794c4d8cb
reddit,1,reddit/1_fake/0008.jpg,142061,1710668980000000000,74eb340c42da0cb3ecf739170417b7de3c80a4ef198aebf66d7ddce1b6b49569
reddit,1,reddit/1_fake/0009.jpg,102055,1710668972000000000,00a43daadd3f15fc7f490051ae31d931f02f0902b9f5b6a80ce08d09161ba0b6
reddit,1,reddit/1_fake/0010.jpg,68817,1710668994000000000,175a3f13f504bb35a63dfe01514cb848d140144be47616058bf2390e1d9f1b0d
reddit,1,reddit/1_fake/0011.png,2180274,1710668992000000000,e5c4d34e7883dc978f28dd8d24a1efc4ad90456d6ea6c0a6622288e179fa1d9a
reddit,1,reddit/1_fake/0012.jpg,259577,1710668982000000000,41c238128890a73cef016ae3aeb4d723c8e3066ca4d3f0d9f54ef674f91c22c0
reddit,1,reddit/1_fake/0013.jpg,138347,1710668978000000000,b3c20685b3a4568e72b9d041ee47a44139e7023775ad08c6f24ceb0aecb512fc
reddit,1,reddit/1_fake/0014.jpg,168724,1710668992000000000,a372ae75fc33f76541e1db2111fd6d1fb8db8476f64b0401277efaa6d26e7369
reddit,1,reddit/1_fake/0015.jpg,245300,1710668984000000000,f65c281b9784934006f02f1467b5f92447c62b7803f281923144af22dcd1e5e3
reddit,1,reddit/1_fake/0016.jpg,209566,1710668990000000000,c70694e0fc71df598c608688c0997b7bb469c1581d07a96a873656fee471b504
reddit,1,reddit/1_fake/0017.jpg,165310,1710668982000000000,9575fa516c9f1860a7d40906bc1b014163916a451eff18417126ab9743768814
reddit,1,reddit/1_fake/0018.png,1355857,1710668970000000000,1e599d18026db7c6515a62d2f20df391a03450fcb7f2a824e4b6b5393d629d57
reddit,1,reddit/1_fake/0019.png,4549931,1710668986000000000,a73930a64c6cb6057016b0adf11a01bbfc431934aa82d8081bf0249719230598
reddit,1,reddit/1_fake/0020.png,1525307,1710668986000000000,3fdb71d78002c0e0fd3cdb9d24e66b5f57749c2e11b39e23d39c2740fcc1f010
reddit,1,reddit/1_fake/0021.jpg,137074,1710328230000000000,f157d3b6ece929675fb8574cfb156369cbba82858254f5707263aa7295f65ea2
reddit,1,reddit/1_fake/0022.png,2882380,1710328254000000000,65599f04bc7d07187ef64993892c5259a48b435b45c0f6dcaa18b0e3a52f8789
reddit,1,reddit/1_fake/0023.png,2051528,1710668990000000000,2d59a59f83263e8f48cde129787d08ad65bfc3bbfd58234c1aad68022f627030
reddit,1,reddit/1_fake/0024.jpg,147244,1710668986000000000,3caaf73012ee435476185f5765060f843ddd718a2f69e5fa91f03ad427cc0c34
reddit,1,reddit/1_fake/0025.jpg,236715,1710328232000000000,7811058fd1119056487d4f5f7cea92d069f87b5541df452e69ad51872b5efdc8
reddit,1,reddit/1_fake/0026.jpg,119750,1710328240000000000,35cb2b47297e32988525886b13b5d75aea5560c3bb749a98704d374b1be94e5c
reddit,1,reddit/1_fake/0027.jpg,192137,1710328240000000000,9ab51bd06e76981426f6bc4ca13a034008a54d99290c036765ee37f97352afe0
reddit,1,reddit/1_fake/0028.png,1430608,1710328234000000000,317342699eff675543f191842114aa9095d92ef8f52c47c1b018ca6a7bf01aee
reddit,1,reddit/1_fake/0029.png,1430608,1710668970000000000,317342699eff675543f191842114aa9095d92ef8f52c47c1b018ca6a7bf01aee
reddit,1,reddit/1_fake/0030.png,1980350,1710328250000000000,b99ce5587faa65fc5ec6948a466d3c31ceed260e544cb21ca40ba36ddafd9e10
reddit,1,reddit/1_fake/0031.png,1412535,1710668988000000000,4a7e3a5c078ca721dd0fcbf06fc1d59cc8a634ba894e8adf5af59d924b1a788e
reddit,1,reddit/1_fake/0032.png,1954880,1710668982000000000,c02a9867ac2b30f98465aeebcf08b0aa2d90f902e9641ee0669cf282504e824b
reddit,1,reddit/1_fake/0033.jpg,149647,1710668988000000000,142f653f75628e310023ba18003282bdb791b6be57a367fd5ab0c3cca12bab90
reddit,1,reddit/1_fake/0034.png,1536955,1710668990000000000,478fe471ccc045b1d3cb3a93cafc5e9cecc0b9e3a3f72488ca31c62dfda0195c
reddit,1,reddit/1_fake/0035.png,2508410,1710668990000000000,b9f7f15019b63c9791dfa3eef7ab6c4e25ac9589b0a9cbbb2e6df463dce32936
reddit,1,reddit/1_fake/0036.png,1662484,1710668982000000000,7aff85dd94c963b2672fdc5d7f7df191827bac3b3ca098045e098d660d747730
reddit,1,reddit/1_fake/0037.png,2713236,1710328238000000000,5553a35a92f575f51473eb7f1bd920ea5f3b6bcb9bd1ccca990c1408c541b9b4
reddit,1,reddit/1_fake/0038.jpg,425191,1710668968000000000,de11c4adff5c147ad7eeb979b2cfacd5e3342414d8d4340b96ad1122dd8ece74
reddit,1,reddit/1_fake/0039.png,1854525,1710668988000000000,708dad331b62a931de051b22b2b4e022b7d25c7fd6afbd5e2ca9a0b99b2dd74d
reddit,1,reddit/1_fake/0040.png,1688358,1710668984000000000,12b8e0ebe30d9acd3cf9b386dd0db0f06042637835b90cfe2e4744d72ed3e82f
reddit,1,reddit/1_fake/0041.png,1636360,1710668984000000000,ac0600828dad0876bf36612da0c9684a018a27bdb69724b1baacdb4e664aed3a
reddit,1,reddit/1_fake/0042.jpg,125474,1710328238000000000,95ecafeb5017ec094c6b81c3adbcb274d5bc1f21a5add86dd783fa2800302d8c
reddit,1,reddit/1_fake/0043.png,350013,1710668986000000000,20c774feaf7d35388a08522ba5461568cb5cd4452a9efcb7c3607e809bc74864
reddit,1,reddit/1_fake/0044.png,430199,1710668978000000000,55686373d071da34d3eb34f489edf92a06f11a2498439c3c94c6b8bfa6ce94b7
reddit,1,reddit/1_fake/0045.png,1112109,1710668980000000000,684b03787561c02a6677ee953aab99083c382af1d5d438521b12c6008f61fd5e
reddit,1,reddit/1_fake/0046.png,1594094,1710668988000000000,9f8fd8025ae1b3914eb4afc31359bf571e8320f8c648e32744640f96070a48bb
reddit,1,reddit/1_fake/0047.png,1485640,1710668976000000000,57e70e6df2fa59a34861d78f68b100d09c7e767deb87a5a8040eacaaafbd12b2
reddit,1,reddit/1_fake/0048.png,1647801,1710668980000000000,51e47522152afad3d2c2260f1b45712eeaca079cb8537c2f9e0149c7fa752642
reddit,1,reddit/1_fake/0049.jpg,106901,1710668980000000000,3ecac50bc56f1084a23545fa164de464e490949f89a7048d996758fb49a7df12
reddit,1,reddit/1_fake/0050.jpg,133918,1710668978000000000,e9a855ee80a3b6e570c7930130228e0120016c4abcff5e6da01cea1bc9acb72a
reddit,1,reddit/1_fake/0051.png,1139637,1710328250000000000,319f58836342bfdfe5070aa570c3d98b6f8ae95d768775605d3d47f8d2ccbb70
reddit,1,reddit/1_fake/0052.png,1555408,1710668968000000000,bd8140aa1b84ff1b17a066a9c1b32e97275c868a3f0c31f57ae20e3a9c63bc62
reddit,1,reddit/1_fake/0053.png,1563158,1710668978000000000,41d3b502d127e202f103ae52b4da1ca724058875681ea1ee39709ee1ef2b7893
reddit,1,reddit/1_fake/0054.jpg,1190007,1710328260000000000,d002288d84dd9c198825d0e74229a5ac1784eeb362e30e262ac93ccacd90510b
reddit,1,reddit/1_fake/0055.jpg,1190007,1710668978000000000,d002288d84dd9c198825d0e74229a5ac1784eeb362e30e262ac93ccacd90510b
reddit,1,reddit/1_fake/0056.jpg,158252,1710328260000000000,c99bbe4f13a8c304f7d22b6650d47ba18483ed6ebbb9decde02b7bf013c972ef
reddit,1,reddit/1_fake/0057.jpg,75080,1710668992000000000,04c795e23aa1de3969528b297c8528fbc30e77bef465df5711a0aedb57afbfa9
reddit,1,reddit/1_fake/0058.jpg,240211,1710328240000000000,d63da3ab5fa6707b27b808d29c25865d7f15be04ea3b71757cde471f04523c64
reddit,1,reddit/1_fake/0059.jpg,300860,1710668992000000000,472ea88a06d712121fd7798489b89588c89dc3e6b17f7823d905ba34f9a6e9fc
reddit,1,reddit/1_fake/0060.png,1930267,1710668978000000000,3f55270eba2405552a0015b3d79fb26272fbc899238cd4374fe3f324a459b054
reddit,1,reddit/1_fake/0061.png,866149,1710668980000000000,cca7d976c7875d37acfc5a52fef85ec948e77962d18940a1a7dd6c9e451cd1f9
reddit,1,reddit/1_fake/0062.png,3209948,1710668986000000000,e4201d2b21a31cdf9461dc0cb5dc4948e654408c0fc74058014f4163d5073b7e
reddit,1,reddit/1_fake/0063.png,1293336,1710668970000000000,67d19afbd5d02a0f0b03e120de1e31944e53464d3153e9faf8ffce275c13c93e
reddit,1,reddit/1_fake/0064.png,1751841,1710668990000000000,06f95b6021e78a810534c2655294d742da10808714dfd11924992279309a8f7d
reddit,1,reddit/1_fake/0065.png,1503167,1710668974000000000,02517985d59edaed18fe95c0646e525a0847b641433849bb0d246d27d3248699
reddit,1,reddit/1_fake/0066.png,1393117,1710668976000000000,640090054b13420171f66552af2d39412e831b036021d548f194e5621c0572c8
reddit,1,reddit/1_fake/0067.png,1617010,1710668988000000000,c71174cf42e9340982454759a1a1a585772d66fb1f6798fb6d5b1b790c1e189f
reddit,1,reddit/1_fake/0068.png,2018458,1710668970000000000,2fc22a42e1fefed26291ca428c2273ab8945fe5da41b0076b70c4a033d88da6f
reddit,1,reddit/1_fake/0069.jpg,91703,1710668976000000000,586ac8cab499a58d722dc36383cb1caff5898274e20257ae4f5d71dd5c332697
reddit,1,reddit/1_fake/0070.jpg,308932,1710328232000000000,dfcf72073f256461a52a940a324c27490d0f478d2868e0a273b904a83633cbc2
reddit,1,reddit/1_fake/0071.png,1636876,1710668992000000000,c97e14de8321823043c3c4e4008f61360d64a00dee8e105acc2e0516c8bcbd1e
reddit,1,reddit/1_fake/0072.jpg,359026,1710328252000000000,7be0905dd5a95956ccf1ada71056bb3aa60ca61db77c4890691df278db1919b5
reddit,1,reddit/1_fake/0073.jpg,359026,1710668990000000000,7be0905dd5a95956ccf1ada71056bb3aa60ca61db77c4890691df278db1919b5
reddit,1,reddit/1_fake/0074.png,1755312,1710668974000000000,853c5f3ec1fa29e1233f3be09e00ed37f768157963b130ac3c3e7f99f79d0a20
reddit,1,reddit/1_fake/0075.png,1868796,1710328254000000000,9f1cb2073931fd702823e0586a50b81990818cdf7dce5e59a82e7b1579d1ac78
reddit,1,reddit/1_fake/0076.png,1766400,1710668990000000000,0d562b0a44922d313ed5e3795abff7ca7843337487b52c493e29da41c3d1af90
reddit,1,reddit/1_fake/0077.png,299466,1710328254000000000,a25ef6b340974d37a7402f5a69ac452038b7d37609e710648e008aaa2f5792b3
reddit,1,reddit/1_fake/0078.png,1746233,1710668988000000000,38dac22e303532627cf15fa0da96ee6cfc7274b0d49bf3a0270687a5bab91b3e
reddit,1,reddit/1_fake/0079.png,2443636,1710668988000000000,7af57e17799538aa2a8175bae470f03668f669283d666debaa1ee9db626b054d
reddit,1,reddit/1_fake/0080.jpg,117693,1710668992000000000,4cfe9b209500100c463cef3339dcd7c908fa8e343325aa470a58fd69975b8c40
reddit,1,reddit/1_fake/0081.png,1674402,1710668992000000000,391492f4d1c3f67b18cce718acace2e07a3b520da625680bd871628a6ef1b430
reddit,1,reddit/1_fake/0082.png,1623645,1710328244000000000,adec9ac257d3e7ae7384d5317c90750bc8122c59fb4aa051c300730bcac82576
reddit,1,reddit/1_fake/0083.jpg,178176,1710328238000000000,42a98da9e6a37a42f8d6f8322e9b0145f4ae5640888057a1693856193bd6df7a
reddit,1,reddit/1_fake/0084.jpg,78324,1710328240000000000,0910314bbec362e788de1e7635c03aaa69a3d67677fdbf1c17633a6c5aab05f3
reddit,1,reddit/1_fake/0085.jpg,333050,1710328240000000000,ee30c027831d522d4c0757897b6a22af8f0b4d80604d1d710c871bf2d8638b0e
reddit,1,reddit/1_fake/0086.jpg,149116,1710328254000000000,7414c96214296be6586fbef8fe9370b623eb73485474cc6098e0ea24238e983e
reddit,1,reddit/1_fake/0087.png,1418624,1710328252000000000,2dfef0aa6224c7be9da0923328684a0b6b7b18ca56be268c1200b808c9296699
reddit,1,reddit/1_fake/0088.png,2057480,1710668982000000000,e04abf85bad822724fdd1540400bb14b591ec9223371da1e58fb0f994b2e6130
reddit,1,reddit/1_fake/0089.png,1676313,1710668976000000000,9afae12e35e87c4aedbd1ecff2952d9ebc2739f13d84661d7d9c88d5c9b179b9
reddit,1,reddit/1_fake/0090.png,4323846,1710328238000000000,cf70ffb66291d1be1b4c67580b9735f6ef02878ea0809403ae3e5a7cf69e62d8
reddit,1,reddit/1_fake/0091.png,1681292,1710328238000000000,cc09fa480b326c4ec7dbca462dc68e9e7a1df9469e63fcb19d1a89a21f67afad
reddit,1,reddit/1_fake/0092.png,1681292,1710668976000000000,cc09fa480b326c4ec7dbca462dc68e9e7a1df9469e63fcb19d1a89a21f67afad
reddit,1,reddit/1_fake/0093.png,1840454,1710328232000000000,5583dc8e26c88d71430a09b1114ee2845dd5a1c0b893cdaf026e9e6e1ec629f6
reddit,1,reddit/1_fake/0094.png,1840454,1710668968000000000,5583dc8e26c88d71430a09b1114ee2845dd5a1c0b893cdaf026e9e6e1ec629f6
reddit,1,reddit/1_fake/0095.png,1636019,1710668976000000000,043f40b0cebc8d1fb32aa94a4d1be833cc3da2463d2a9553d5729eeea53435ab
reddit,1,reddit/1_fake/0096.png,1658387,1710668990000000000,fc931c9a03ae655583761a20f73b5fd556ffae8a12677df7976ff25e04052df5
reddit,1,reddit/1_fake/0097.png,2134805,1710668984000000000,cf9799e0e22e014f9c0b1650b80b624612d9b84602f02f36162f39b5ea49d199
reddit,1,reddit/1_fake/0098.jpg,111956,1710328234000000000,ca63e7e089701456a127e0f4ded12cce0fad9b1dbdf1070bc6ea06d6a93afc9b
reddit,1,reddit/1_fake/0099.png,3824594,1710328250000000000,c1858ac4dc1ae1c0983ff09c77d609eeebb6bfbec90f51845c46c7cd0be414d0
reddit,1,reddit/1_fake/0100.png,1591716,1710328250000000000,01c9c728b1ef42e4c153b2f3d207f583aa3c1d935da1d392aa91eab6334e0a03
reddit,1,reddit/1_fake/0101.png,1348842,1710668992000000000,721160cab7a3a68ada06514e50979bfb0d8608352f7005cf29eacad86d6cfb8c
reddit,1,reddit/1_fake/0102.png,3367488,1710328228000000000,c5d9f251d97bd901f13ab88885a3d45d3c06ebb54cc6b17e17fa1ed7af3f602c
reddit,1,reddit/1_fake/0103.jpg,287027,1710328234000000000,3326a034caf230c2afb830d14584b7370eb7cd4cd3d80e1b3094c0c6a6f3bf0c
reddit,1,reddit/1_fake/0104.jpg,139740,1710668990000000000,5b954d7a7dbada689e804a2b155c1e7ad5c9d9a2973d12b5c722d4a14ccc8c65
reddit,1,reddit/1_fake/0105.jpg,84356,1710668986000000000,d41c0fe609f74cff9a6c261324fd848c0accf9f8bf5ab52c5deb8aa28df26155
reddit,1,reddit/1_fake/0106.jpg,57668,1710668980000000000,ccb180453e71cb1d0175cbfe5b4ea4cc6ae0eeadd254e6f8dac42e270072cb7e
reddit,1,reddit/1_fake/0107.jpg,271862,1710328246000000000,f8f203479d7cf7faecf8c023d9a1ca94debf9afea34f1e33592ad90dd004b95e
reddit,1,reddit/1_fake/0108.png,4087850,1710328238000000000,2fbc18a63258bcc4c807d5a0860d22df3b8695f288a5643e1dbea38b7afbda80
reddit,1,reddit/1_fake/0109.jpg,247698,1710328242000000000,9d94ad742f69b47dd7cf42c93882b3b63cbc7c2c669976bc0dd261a6587ff63a
reddit,1,reddit/1_fake/0110.jpg,247698,1710668982000000000,9d94ad742f69b47dd7cf42c93882b3b63cbc7c2c669976bc0dd261a6587ff63a
reddit,1,reddit/1_fake/0111.png,1794362,1710328256000000000,5ddfd606773d114e842a9244645ba81107bbdb6d6e32a69e8cc0849cd7fba949
reddit,1,reddit/1_fake/0112.png,2804646,1710328260000000000,7f1fafb5380186b5151b19213e64344dd29193b3ea2c95d76cdae2cc4027abde
reddit,1,reddit/1_fake/0113.png,2508429,1710668988000000000,e416a19f2b2e1f86929c676ed6a46a029517f8bc437d3fdfa9eb16bc744e0441
reddit,1,reddit/1_fake/0114.png,2457972,1710668990000000000,d0fdc21b3cc99f749d1c307cc36e9e1c71ee4ede2a795486ade0b8b7f224e0e3
reddit,1,reddit/1_fake/0115.jpg,6563505,1710328254000000000,c567c7c955ba03bbf5869a596fac73dfba5c776dae9eb0adf62cc8ff898f177a
reddit,1,reddit/1_fake/0116.png,3893676,1710328236000000000,44fc96ba5a94631caf922f8cab7ccab50314e4d22c00090b7b5c2b5f7a5dabaa
reddit,1,reddit/1_fake/0117.png,2367786,1710668990000000000,14890423490c61abcfb520fe00070d7f7dbd28acb8d6408c6004b99efe0e8041
reddit,1,reddit/1_fake/0118.png,1314386,1710328244000000000,6a1b916e0a01e83d84589fc5e18cc6f7e7c99977b73e70fb937027152a14b455
reddit,1,reddit/1_fake/0119.png,1314386,1710668986000000000,6a1b916e0a01e83d84589fc5e18cc6f7e7c99977b73e70fb937027152a14b455
reddit,1,reddit/1_fake/0120.png,450168,1710328260000000000,4491d29f96ab07fc1da0ed0ee42ae50d0b13652b6354cfa42ffd04b330cf2321
reddit,1,reddit/1_fake/0121.png,3408890,1710328238000000000,757dc67b37c78f8379bdf5dc17944277f8cc25c16e137b91bebc3d3d98185bff
reddit,1,reddit/1_fake/0122.jpg,178124,1710668990000000000,e05ca9b4c10ee0f0c7d178b245e11f9f9a853a30050ac94783c07a9e622aa7c6
reddit,1,reddit/1_fake/0123.jpg,119718,1710668974000000000,6bbf3f36fbc8af372cc6994b18ed77913b102f583ffa8b40a759b9d28e12353d
reddit,1,reddit/1_fake/0124.png,1368271,1710328250000000000,3495d5a61436ebe30cc051b95de8b3c835ac097c0c5ee19af101e6408b72a2ea
reddit,1,reddit/1_fake/0125.jpg,198464,1710328228000000000,31ee957f69d8bdd14d5713a918f675ac670e02d8838eeeb5c8b6e1316429bfe9
reddit,1,reddit/1_fake/0126.png,4323700,1710328240000000000,3943b397d1ab858d7873038fc2cd9c96024cb34443756427d0343034fe4f8356
reddit,1,reddit/1_fake/0127.png,1274165,1710328238000000000,ed13fddfee7ed36e27e2bc4f61734c051e7b8dd040c6dc80c0e034d8163ec563
reddit,1,reddit/1_fake/0128.png,1274165,1710668984000000000,ed13fddfee7ed36e27e2bc4f61734c051e7b8dd040c6dc80c0e034d8163ec563
reddit,1,reddit/1_fake/0129.png,529002,1710328240000000000,a51e9dffbd6859460711ff09c77cae38d64d4db8766e06669903491304415942
reddit,1,reddit/1_fake/0130.png,529002,1710668978000000000,a51e9dffbd6859460711ff09c77cae38d64d4db8766e06669903491304415942
reddit,1,reddit/1_fake/0131.png,753027,1710328252000000000,4f6edffce72445d2cdd7acf32d81e8a9bbd93ea3716416e19404d3d57d4da9ae
reddit,1,reddit/1_fake/0132.png,753027,1710668986000000000,4f6edffce72445d2cdd7acf32d81e8a9bbd93ea3716416e19404d3d57d4da9ae
reddit,1,reddit/1_fake/0133.jpg,106019,1710328234000000000,f83ed10099af17a5b43953cab75d7f6ffae2cc0ae138f8d9d1b1121ba5a7423a
reddit,1,reddit/1_fake/0134.jpg,106019,1710668990000000000,f83ed10099af17a5b43953cab75d7f6ffae2cc0ae138f8d9d1b1121ba5a7423a
reddit,1,reddit/1_fake/0135.png,2028671,1710328256000000000,25d6576f8c80800da08eed87466710c6cbd978645225eca128f6e4d20ea705ea
reddit,1,reddit/1_fake/0136.png,3758457,1710328232000000000,bfc505c1392414ec76619088b6af26f4901ff17cc6ed9672adf225a7c943330c
reddit,1,reddit/1_fake/0137.png,3758457,1710668990000000000,bfc505c1392414ec76619088b6af26f4901ff17cc6ed9672adf225a7c943330c
reddit,1,reddit/1_fake/0138.png,2794036,1710328256000000000,9dc5a8c975efa2913898db3035676d1588583e9480e26a3c54c41c75b18dc37e
reddit,1,reddit/1_fake/0139.png,404096,1710328242000000000,2e930b7c29e842d4c4567703d7e55d2bec70bdb35ef843581ec8b8cffd67724b
reddit,1,reddit/1_fake/0140.png,1466333,1710328228000000000,6b166e2e588d714a744652363b70a7903f0ca032440dac1c7eb08ff8ac7f72e3
reddit,1,reddit/1_fake/0141.png,5135636,1710328234000000000,6441e3efbb4416eb96a5de80bd4b12889ad56bff60927442dcce092dcfa51e4f
reddit,1,reddit/1_fake/0142.png,1040993,1710328246000000000,94792d28e578f1c06a5b56332277fdf3485127a108722d7effee6763b98fd3f9
reddit,1,reddit/1_fake/0143.png,389196,1710328240000000000,c8a5136ca08431971dedb158de6085731c007da405429e88724a355bc6d04000
reddit,1,reddit/1_fake/0144.png,2535470,1710328260000000000,7592c26c37ce16cc53d300fd19dc55a5543d6ad4f80c04c6c90269ef2e74abec
reddit,1,reddit/1_fake/0145.png,2535470,1710668970000000000,7592c26c37ce16cc53d300fd19dc55a5543d6ad4f80c04c6c90269ef2e74abec
reddit,1,reddit/1_fake/0146.png,1387035,1710668990000000000,9f3f0cdc87d2add051db7950dea38e5e281f654253bc9622a2bdca6a7be12713
reddit,1,reddit/1_fake/0147.png,1588207,1710668986000000000,7da686fdb9966f51f390a68d566a56f7c2acb430f71d03b341949a2c5ebcb6fd
reddit,1,reddit/1_fake/0148.jpg,28222,1710328238000000000,56e73b9156a28605bcefb554a1faccc0677917294466bec96ab73e22954f21a1
reddit,1,reddit/1_fake/0149.png,2400565,1710328252000000000,1007d102fbff0924f6b5210189b87eb7cb71ccf70b5f0b21ecbdae6756f0b3fe
reddit,1,reddit/1_fake/0150.png,556730,1710328246000000000,4e71ce22215c9ae1a0095617e29b0d81c2ff4775162511567d3e0a7d6ff71a8c
reddit,1,reddit/1_fake/0151.png,2135230,1710668974000000000,5fb55a7e89ba9ba42d9f08235c918bb92cb750cc768122bcc6e9db72d2bc93cc
reddit,1,reddit/1_fake/0152.png,1943720,1710668978000000000,d069905ad3b72773048f406e0e21ce52e624a0a40730d73cf080bf0b559bdd59
reddit,1,reddit/1_fake/0153.jpg,164369,1710328250000000000,b3a7eac47366cfefc1e8e1e3c10db96cc2d3ad292e66ed707821eeb015387b36
reddit,1,reddit/1_fake/0154.png,869322,1710328232000000000,6b7df08fd290ba3b682451026e89fc32b6d6c60a68116fca7cb4d14b310cf03f
reddit,1,reddit/1_fake/0155.png,1236493,1710668974000000000,beba37a3e516ea0fc2e7ff792045214619124c6ed57cc36af0bbf2f15c8f87b4
reddit,1,reddit/1_fake/0156.png,1194124,1710668986000000000,25100d549012d3654c02b53878417a72f082afa0feb9391db206580a6dc9b566
reddit,1,reddit/1_fake/0157.jpg,100508,1710328252000000000,c211fd744fe0ca972e73c96445db87e931ef4970ff76d8953c775a0f3836bf2f
reddit,1,reddit/1_fake/0158.jpg,100508,1710668990000000000,c211fd744fe0ca972e73c96445db87e931ef4970ff76d8953c775a0f3836bf2f
reddit,1,reddit/1_fake/0159.png,2757612,1710328232000000000,73d539fe3b02e0beef33cbb54c51eb8c34fdfa2f76b59565458d58d6edc2abdf
reddit,1,reddit/1_fake/0160.png,2843142,1710328242000000000,3eddd785960bc559723245675f5ac1af9748e927aed18629d090f8491728fdf2
reddit,1,reddit/1_fake/0161.png,1513975,1710328246000000000,69701579f90bfd34e365d7ca27d739e2f815e0c9ff1be75f49e2a1dcae84033e
reddit,1,reddit/1_fake/0162.jpg,133997,1710328238000000000,09cdbb8e4e5f4bf918978facfc07d7c1f86408abbf2718e3eae5524ae26c4135
reddit,1,reddit/1_fake/0163.jpg,144442,1710328246000000000,3c8be3b54bedc69129b76caf520a795469ba6ca3918c748500893333fb7fba8a
reddit,1,reddit/1_fake/0164.png,1512305,1710328252000000000,3fff9221ee9e1105f75d59d07d6bbe7008aab4c7d4a533c8849ed2d44444b9df
reddit,1,reddit/1_fake/0165.png,1512305,1710668978000000000,3fff9221ee9e1105f75d59d07d6bbe7008aab4c7d4a533c8849ed2d44444b9df
reddit,1,reddit/1_fake/0166.png,445824,1710328242000000000,50d2abe6431e23d94e656bce86bc4f9e16e4e4bd6d97f95ecd0c8236f2f40093
reddit,1,reddit/1_fake/0167.png,346562,1710328236000000000,33b4a2b290b2a73f6f46ec983d4b2108956be6a2ff6470c70f2597d323404ac4
reddit,1,reddit/1_fake/0168.png,1555981,1710328232000000000,baa693f1021737833093a6d109e83142412127cf1dcdd69fa1096ad685317a8c
reddit,1,reddit/1_fake/0169.png,1869525,1710328260000000000,adc4661986a9fe3385256089d9800c3e6fc03dbb91df61de8fb02ea979d8d2ff
reddit,1,reddit/1_fake/0170.png,1608267,1710328228000000000,af2d060d5883195a07620a7fcd95652b0e94707cf6b53a30d113ea805c23047d
reddit,1,reddit/1_fake/0171.png,1309060,1710668972000000000,634abacac561cee93c5e9f2b3ce9540ae0aab4939f8fe04e6a9246d91c7c6ac8
reddit,1,reddit/1_fake/0172.png,3040318,1710328256000000000,d80017495954ecb737158e1df49f36158a90becd0b8667e9ac176da049a073b7
reddit,1,reddit/1_fake/0173.png,3040318,1710668990000000000,d80017495954ecb737158e1df49f36158a90becd0b8667e9ac176da049a073b7
reddit,1,reddit/1_fake/0174.jpg,1797588,1710328248000000000,c030ed661d7d5861b0054cea57b386bd606c40dabfe07c2020b808c8bb49149f
reddit,1,reddit/1_fake/0175.png,1875872,1710328242000000000,abc4aaefe880a985c50801936adc01bc0cc2dedf923a3ad070753f6d67d89b5d
reddit,1,reddit/1_fake/0176.jpg,1729234,1710668976000000000,a83230e3bc0865937fc446a108337659ffc154fa2cab5b8a39a2dd7056951196
reddit,1,reddit/1_fake/0177.jpg,209641,1710668982000000000,f0f37c524d1a4e6a24a4d2108bd3e7b82d01deb389ecbbdb902c8301f4d0f0e0
reddit,1,reddit/1_fake/0178.png,1592287,1710668986000000000,29f1068e40547609d787b8b4ef6e18d72b7c3fc1211ca3c8bf57ecaaa59cc314
reddit,1,reddit/1_fake/0179.png,486697,1710328242000000000,abacb9d6ea69ec83590b91dbbbe822481924d0f278f528059f4aa61774bf9cf6
reddit,1,reddit/1_fake/0180.png,387778,1710328232000000000,145058a03756015dac49cf31c530d79b74aedbc9808785ad6a4085cab821bfe8
reddit,1,reddit/1_fake/0181.png,1080248,1710328256000000000,c16650e8cc1241fe4ccbd160a0eeb668ed2fbad232244e1125b5cd44e60b2634
reddit,1,reddit/1_fake/0182.png,1080248,1710668970000000000,c16650e8cc1241fe4ccbd160a0eeb668ed2fbad232244e1125b5cd44e60b2634
reddit,1,reddit/1_fake/0183.png,347735,1710328260000000000,c69c89005474b10ec3f9f60fe5d8fa75b13594a7c28539c37c8b7199bcde4c8e
reddit,1,reddit/1_fake/0184.jpg,273165,1710328236000000000,46c2fd89a2d72050fd469c6797cf1ccb58f6375bd34f5e751872a543c6302da0
reddit,1,reddit/1_fake/0185.png,355833,1710668972000000000,d56e26886afef4bb9998c0cc82e93ebbfa3b9aa081b0842f4adb159a9e20d15e
reddit,1,reddit/1_fake/0186.png,498414,1710328246000000000,a085c0d715dea293dd4f6cf8c6bbbbfdd46dad6e4f0b07253c7aaedf71fa2516
reddit,1,reddit/1_fake/0187.png,3960678,1710328238000000000,32664a22c8c51ef65209537d123fb4087546c81b990dfe7a4e3aa4521028fe0b
reddit,1,reddit/1_fake/0188.png,1682959,1710668976000000000,34394c313ebe4ea9cdc35125456ce9389431d28b6412a08c25bf96f90d09aa0f
reddit,1,reddit/1_fake/0189.jpg,380245,1710328238000000000,e915a4acfd595dfd089e912d1d58f2653a694cba465bc617dd4ff4d628c4ebbe
reddit,1,reddit/1_fake/0190.png,1784704,1710668990000000000,6cea52dca645b5eb8bef3192dafeb441b99647d441401e6e659399c3b915b9e2
reddit,1,reddit/1_fake/0191.png,3218882,1710328248000000000,6e1fcf9fbdf61c18c2f94762c33b94824ad807f0983dc8984dba596c2d046c2a
reddit,1,reddit/1_fake/0192.png,3218882,1710668974000000000,6e1fcf9fbdf61c18c2f94762c33b94824ad807f0983dc8984dba596c2d046c2a
reddit,1,reddit/1_fake/0193.png,338062,1710668978000000000,e835d73b8b3bfd7e3fcda80e38027b40c5adaf46db3e8c4c88932885ea07c5af
reddit,1,reddit/1_fake/0194.jpg,665253,1710328232000000000,e424242990b8dcd5b958b5711cd7eabc9457ef41a8f99b10eee5fa9cb8b6fd53
reddit,1,reddit/1_fake/0195.png,957311,1710668986000000000,46957a94cb85d71175acb1836b9a902c8c219ef2615f415678f77c0c939ba5bb
reddit,1,reddit/1_fake/0196.png,2015543,1710328262000000000,1e26c5e3086e4807c658bac3e97164d602392608e501d1522b57b0031b8eea48
reddit,1,reddit/1_fake/0197.jpg,1263262,1710328236000000000,626a356af26b7a21f010c09aa6c08bacb215f8ae896796a41acfa7551c39f126
reddit,1,reddit/1_fake/0198.png,1070294,1710668984000000000,696e10be8966810f61a49c084cc234bee11d98b03237953f8904282b6e115a38
reddit,1,reddit/1_fake/0199.png,1508148,1710668986000000000,356214d5eb3697561a6189227a7b37e9cd65ac216112a6e60131c6dab490ecd2
reddit,1,reddit/1_fake/0200.png,1427485,1710668988000000000,d3ef8cb4e2080318177256f54f2532aa18af68b58739eef18b3a29e29d1bb0db
reddit,1,reddit/1_fake/0201.png,3122655,1710668986000000000,b22782400ed53bb67990d174a28d987aa17ed750b7e57ead4aa42214e5b3a74c
reddit,1,reddit/1_fake/0202.jpg,356549,1710328256000000000,e1654ecee7de8922a962e8eceacd84346c586fbc4b74caebb4ebcbb03bbc49f9
reddit,1,reddit/1_fake/0203.png,3897846,1710668978000000000,cd03f340dd851adf3837668340426dc691cdb9798eee5f0b1ea7819c68648abc
reddit,1,reddit/1_fake/0204.png,2653210,1710668980000000000,163769ea30d8878ede3c295b7fa3f6b4c0c24e8dc4ae395188f5492c70f61dda
reddit,1,reddit/1_fake/0205.png,1255675,1710668982000000000,bbae7f4862140a57e8b3d71ab357739b3881d1b1254fc20edd080dab29cba142
reddit,1,reddit/1_fake/0206.png,1461150,1710328258000000000,da405ddd4b460c5796f14f1463e8fc2f3660126a2eaa4471f50140cd1e9bc355
reddit,1,reddit/1_fake/0207.jpg,304879,1710328244000000000,a03df9f22cc2d1aac2fc72b65ceeacd94afb4703b2220f99066822e1c88c0c0e
reddit,1,reddit/1_fake/0208.jpg,304879,1710668976000000000,a03df9f22cc2d1aac2fc72b65ceeacd94afb4703b2220f99066822e1c88c0c0e
reddit,1,reddit/1_fake/0209.png,2276805,1710328252000000000,1def7bb4a14197629ca26e8edc8bdbd62dc0084f04ec156b5cd3e6017931728c
reddit,1,reddit/1_fake/0210.png,2276805,1710668988000000000,1def7bb4a14197629ca26e8edc8bdbd62dc0084f04ec156b5cd3e6017931728c
reddit,1,reddit/1_fake/0211.png,4664469,1710328258000000000,2bb84316faf35f8655a0af709f9b487cfdccf1c1241e871ab7d064ecf1dde25c
reddit,1,reddit/1_fake/0212.jpg,25343,1710668990000000000,ba987eb5e4b50f4079fcb349a6aed535d5057106305d26980a3cd1aec9e75768
reddit,1,reddit/1_fake/0213.png,1642207,1710328244000000000,0c572456cad8c594aeaf35580bf393816bee61e39361d93b94e3047c46b8d054
reddit,1,reddit/1_fake/0214.png,724645,1710328232000000000,f39b6441de42402b007b50802899d45f60b59d1f472f68b9c4ad35710ba33368
reddit,1,reddit/1_fake/0215.jpg,370246,1710328234000000000,bae810c9e14ead41e56c5a96c1e62f6b517fad2008902d304c92529126c292a5
reddit,1,reddit/1_fake/0216.png,1584393,1710328230000000000,6fa59b5edd27cf2b9cdf017a7aa29cb762c7a6f9d2f523db7014ce1a02c2ab07
reddit,1,reddit/1_fake/0217.png,1455808,1710668992000000000,400c1173f8488fa8eec368ada86c8ff7ca1e96c49707db71bf10f6021a921bca
reddit,1,reddit/1_fake/0218.png,1611443,1710668982000000000,487378a3e4e79530beb974374aa44d3f050cd0c3b06ef5b2b69aa5825ac93ed8
reddit,1,reddit/1_fake/0219.png,6251125,1710328256000000000,5ad134fed2da9e07651534766d2885b37cd7c54e37b7c2da9cdcc93a2bafad92
reddit,1,reddit/1_fake/0220.jpg,401106,1710668972000000000,dc83845867ceb8b9b220f438fee9afcbd7c8496659d45b0a56ea75fb26cf224b
reddit,1,reddit/1_fake/0221.png,3545655,1710328242000000000,b53f3bfa014b5358d2ac281b9b9c282bbe2531fe496033e634622d3d7d45db8b
reddit,1,reddit/1_fake/0222.jpg,333968,1710328230000000000,3650a515b5ad9ec015ef83b87b5eacd8e5bcdb1e5767cd19772adaf608b5f4fd
reddit,1,reddit/1_fake/0223.png,2404034,1710328260000000000,00a8162d93fed4cf94d307630a54824f7e610ec73a0cdb920a58d978a662e6fe
reddit,1,reddit/1_fake/0224.png,2404034,1710668992000000000,00a8162d93fed4cf94d307630a54824f7e610ec73a0cdb920a58d978a662e6fe
reddit,1,reddit/1_fake/0225.png,1260809,1710668986000000000,3ea34c2831ec68d84882e7ffaad1335b578d6081384d5d3a6ac39085fc5fb67a
reddit,1,reddit/1_fake/0226.jpg,131651,1710328230000000000,88a9bbd35c836025b51436fc050990dbd660e1a2ed85a22c670a982d03cfefdd
reddit,1,reddit/1_fake/0227.jpg,131651,1710668976000000000,88a9bbd35c836025b51436fc050990dbd660e1a2ed85a22c670a982d03cfefdd
reddit,1,reddit/1_fake/0228.png,483606,1710668970000000000,42467aa3476432911d82a7a9c2a04409dc035a512dc735cf4cdd9aaa8347a03d
reddit,1,reddit/1_fake/0229.png,1876200,1710328246000000000,ec7430e06fa267604b3dfc05d2118be92357c103afd5e498103c73c2926c117a
reddit,1,reddit/1_fake/0230.jpg,164043,1710668972000000000,40f1a0888e6eb28a14f02780dbea1343d5c97a34a3cd3e9766ecd04480fd74d6
reddit,1,reddit/1_fake/0231.png,3369000,1710328236000000000,1417db9a3f2df06d2c850ddfb1b3b880c996be2e480786cab9451402c6ca7903
reddit,1,reddit/1_fake/0232.png,1587808,1710668972000000000,9fd2dd0e6bfc91a25366be5d6e86d0aaddc844645d4ed4d28992b9ecdd4e6eb3
reddit,1,reddit/1_fake/0233.jpg,1207650,1710668990000000000,475b3e774f1f060d6331b67d301132263eb4013f8ab2ac063cf5d1bd0eccf51b
reddit,1,reddit/1_fake/0234.png,2267283,1710328232000000000,5a204e1201d12d5b2052ecf04c9c70620c665f77fd04847390afbe54eb58c025
reddit,1,reddit/1_fake/0235.jpg,103842,1710328256000000000,ce5228833eb04e90bb5149d8cb994a53d4c5e114feeaab14cd3d5861fd70245a
reddit,1,reddit/1_fake/0236.png,1893475,1710668986000000000,356c4683d6a10a09691cf24a54e999cd53b328fab071c06ec3555670d5a29d98
reddit,1,reddit/1_fake/0237.png,983244,1710328236000000000,ff2fed6b3b89ecc95e6b1de620065a2cb87cc2dcf9373c64220a51185d05df85
reddit,1,reddit/1_fake/0238.png,3226357,1710328248000000000,a6d193f1728e8f628843e0cf9e7e0d1dc92db06cc76027f26a2e29f16e63f600
reddit,1,reddit/1_fake/0239.png,1245278,1710668984000000000,f679a504a6836b0f9e61167e2e8487a778cdfd96eefeba0099202e58e7d67bfa
reddit,1,reddit/1_fake/0240.jpg,68806,1710668990000000000,a1c3b7d2539ba9d0e06f78599557142e200e673ef8592628bbeb54a9a5e4774b
reddit,1,reddit/1_fake/0241.png,9303777,1710328230000000000,8396e608178c01b8624907e1863cc97f58f9303912f1fd1e43c0461fe78989d2
reddit,1,reddit/1_fake/0242.jpg,68097,1710328230000000000,e0f84cc602710777a7b19044b3152d03e84a062a5419767b4b637d2b0a798f90
reddit,1,reddit/1_fake/0243.jpg,29136,1710328238000000000,78baefa4d19803c289051c4cb876e1a7a6d77ece31ea5398587193e64c82df0f
reddit,1,reddit/1_fake/0244.jpg,24602,1710668974000000000,47feb35c2b61379e6cbd40d5d5486e8c2c7ac9e8dc14aec6de60118ee75d0b78
reddit,1,reddit/1_fake/0245.png,724772,1710328256000000000,15e8a7e581b6275b5f118988d2819185c979d3f14c8545be281fc360a30f5d70
reddit,1,reddit/1_fake/0246.png,2610034,1710328242000000000,2ab76c6188c321bd1616d753eccd6a2f940d25dda9e76a301bc11ed15dfd9eff
reddit,1,reddit/1_fake/0247.png,390732,1710328256000000000,35b3faa58dfcd59f0056947a6b4b4b0516c2a00bdec69bedca04dc28eb489349
reddit,1,reddit/1_fake/0248.jpg,805611,1710328260000000000,20567f6ba2fe683313510e2d2eac0c23e35c2590eedc481fb77a9179c08da322
reddit,1,reddit/1_fake/0249.jpg,307613,1710328234000000000,e9a7ad3513d9bfb50ed827cf23d1d72c5e0e0bfd53abc60292ed57751febf06f
reddit,1,reddit/1_fake/0250.png,13093795,1710328260000000000,e089f38a85af47949b582e21331c6e1190303662156301da4ec7039e5783f965
reddit,1,reddit/1_fake/0251.png,10362081,1710328238000000000,bfa633e7245795e79e965f9f97ae10d27bc201e3067ddb40d2852f99f78a806e
reddit,1,reddit/1_fake/0252.png,1449520,1710328232000000000,cd612fbc7a576a021364a55e5b50f081a4e973e19c8aa0c419c28d9262191cc8
reddit,1,reddit/1_fake/0253.png,914705,1710328232000000000,fd573a805b4f3570faab0763b23dc22ed318ab1d573f86ca0eec681095141608
reddit,1,reddit/1_fake/0254.png,4915967,1710328256000000000,dd1285cb8005ca93ca8b86b1a426dac9628e478fbacd0eef5664d5c530f99ffa
reddit,1,reddit/1_fake/0255.jpg,1151702,1710328254000000000,5ac68243f86ab9fa6036da84abdcd3c54c22bbe8b739698ad388fed7edfa6a12
reddit,1,reddit/1_fake/0256.jpg,1151702,1710668988000000000,5ac68243f86ab9fa6036da84abdcd3c54c22bbe8b739698ad388fed7edfa6a12
reddit,1,reddit/1_fake/0257.png,1305767,1710328238000000000,ba1884c1f70f2bd2ab4451a8b21505bab266050b825292510fdef086349bc20e
reddit,1,reddit/1_fake/0258.png,559853,1710328240000000000,f230879a0699634dbb70c6701e9597d8225f720a9e8f28bfd8a1741ab5c54db0
reddit,1,reddit/1_fake/0259.png,459461,1710328236000000000,6d9f46b78ceb5cba1cfe09a6b876ad04d44b821adf991b6ea0cd6cd287e29cb0
reddit,1,reddit/1_fake/0260.png,1053708,1710328244000000000,9c8ab6964cd1869cd23af81f77fcee8d5312dccc96b7f369fd81ff88040763b1
reddit,1,reddit/1_fake/0261.png,2036363,1710668982000000000,4f4d4c6f49d717a1ac2e1a602d4056c4199466a0f4615e3e0ef62c646fdc9173
reddit,1,reddit/1_fake/0262.jpg,126035,1710328252000000000,c80d794e1564804ffd9afa528379d5afb5b1194d6a26a7a09853e820855b5474
reddit,1,reddit/1_fake/0263.jpg,3834891,1710668970000000000,4c0b767293f5b033fa065cd4328017c96cdc9930bd670d9e2b2473049e0b1eb8
reddit,1,reddit/1_fake/0264.png,620678,1710328234000000000,8fd8ac7572112e5fc4364e2b266eaab118fdd3db64115c4ba53d06e4d507b516
reddit,1,reddit/1_fake/0265.jpg,27698,1710328232000000000,f23ffec3f99f6af01b8e3c2e66062c9c8ddcf6ac9cb634533341fca68fb43afa
reddit,1,reddit/1_fake/0266.png,4783043,1710328260000000000,d2fd5d8b07aef4325870e948e144739f17c9d5f44a6492b98ef85a6f3a3a171d
reddit,1,reddit/1_fake/0267.jpg,63642,1710668974000000000,14af82aa9e2aeff01100b5d42c8a7cbb57f9fb638d6569902724a41e7b6bac1d
reddit,1,reddit/1_fake/0268.jpg,170234,1710668974000000000,dbc88a7ddf876a026d1f56dd445d48387f77b469098ae7a5fbe54914a61959e7
reddit,1,reddit/1_fake/0269.png,452389,1710328234000000000,16296481e665277c614630fc8f474ba6c35623c7d637f73d561575f758e527ef
reddit,1,reddit/1_fake/0270.png,4742056,1710328230000000000,7180c949959f01885b95b0ae83f86c2eb6b1ac55b9ffb124ba0189c90e99540b
reddit,1,reddit/1_fake/0271.png,1409811,1710328232000000000,63836440b12d9d0f1332412884c4b1c3f97368898fb8fa46d2e2865f56c5245b
reddit,1,reddit/1_fake/0272.png,1409811,1710668974000000000,63836440b12d9d0f1332412884c4b1c3f97368898fb8fa46d2e2865f56c5245b
reddit,1,reddit/1_fake/0273.png,35335,1710668990000000000,db6a9b5b3b9990a117a4944ded6f45e6811f62d162776a265a4112a621825b36
reddit,1,reddit/1_fake/0274.png,5891337,1710668972000000000,2f8b4bc56a4e8e0665dd6ac41401e3ca9eb0b24520a7d9a13ba0037192256bbd
reddit,1,reddit/1_fake/0275.png,875579,1710668970000000000,811bac15adc483f65df623d9b1631eeef096f0c599611b72b4f2edda7c936cf1
reddit,1,reddit/1_fake/0276.png,1407702,1710668972000000000,1020ff17ebd24d23b90aa742de58ea74040dde33e22aabb89761efd87aa05920
reddit,1,reddit/1_fake/0277.png,449702,1710328256000000000,5a07132113a752e9a4a6c197eae717a0fdedcf3637636f3dfb875f9cd41af6c8
reddit,1,reddit/1_fake/0278.png,449702,1710668976000000000,5a07132113a752e9a4a6c197eae717a0fdedcf3637636f3dfb875f9cd41af6c8
reddit,1,reddit/1_fake/0279.png,1788957,1710668980000000000,9351659f1d5157359274c51f5155e561f4bcd85a586328060dce9b579d4de870
reddit,1,reddit/1_fake/0280.png,1143546,1710328238000000000,30087503b4ba9e1f9be9eed5385a6d2a87d7b86328462d9c2099102e5f67a20e
reddit,1,reddit/1_fake/0281.jpg,411843,1710328252000000000,d0600c8985900499239e309eaf533c5a7a255ef662292f9fbf4d37fc7feabb23
reddit,1,reddit/1_fake/0282.jpg,411843,1710668990000000000,d0600c8985900499239e309eaf533c5a7a255ef662292f9fbf4d37fc7feabb23
reddit,1,reddit/1_fake/0283.jpg,539811,1710328232000000000,398865129eb983dfd9f368fbe3d9e007e161b76db41a67941c5f0d6fa85c7763
reddit,1,reddit/1_fake/0284.png,458775,1710668972000000000,88a4cb97ce5901bd643cc148c26ed0a4720e0954825abf2b300502a4fd9fe7cd
reddit,1,reddit/1_fake/0285.png,1829180,1710668992000000000,d0782e5c83d8511a2a80ecca01694eef26794050e389bc7d531464f72d7e9485
reddit,1,reddit/1_fake/0286.png,2072200,1710668982000000000,b6030c30e10da03efb3e24eded064c273fbe1d9a986e96e851df4866b5d24b05
reddit,1,reddit/1_fake/0287.png,606012,1710328238000000000,9f99cfd4906d9156c90930780c23257e42890e005794e7aa0cc2c0074d335064
reddit,1,reddit/1_fake/0288.png,2040299,1710668980000000000,e4ef65c116d62f1d06a93acd5a509a7eb4ec3ef447e8ac354ed0861975383138
reddit,1,reddit/1_fake/0289.jpg,260596,1710668970000000000,6f70318519c7448b6f97299a67c33c6b24f8478f52951f2edf153345906d7188
reddit,1,reddit/1_fake/0290.png,4552972,1710328256000000000,32ad6a37d1d8b97ba0c794b5c6c1275c0d79de6453bede1867e55127a1687e84
reddit,1,reddit/1_fake/0291.jpg,38736,1710328246000000000,9d8c4c2c052a6b23b4d878fcfd3f1425cce3a3d7f2c8292f4eca47707a26fd9e
reddit,1,reddit/1_fake/0292.jpg,343007,1710328242000000000,2902c8b372474fba687f52191e4334e7979a5dd2ea12f0781def3ef4d39cbb2a
reddit,1,reddit/1_fake/0293.jpg,110414,1710328248000000000,545e16e6e159ab51f96d5d382f47cea81cf29d7fe961397d1db0c09a5fbe7e62
reddit,1,reddit/1_fake/0294.jpg,7826714,1710328236000000000,0d1be8dad9bb5a349a506302a6c50b39bcff4b625008ae0c6ef89e76ed42b915
reddit,1,reddit/1_fake/0295.jpg,166407,1710668992000000000,6ef7b7bc332a82d66975d2f283c065a68df500b16cf17c0e339a0e8dabe309c8
reddit,1,reddit/1_fake/0296.jpg,78472,1710328240000000000,766fded5fc3d9762e658c04b8b716346b956c89667fa80b781e940815abfceb8
reddit,1,reddit/1_fake/0297.jpg,323299,1710328238000000000,4e205749125d8034ea16529d67b9186af1f82820e6a29a4990771b631f912d37
reddit,1,reddit/1_fake/0298.jpg,366480,1710668976000000000,e95606abd3526df6fcba98e13826f67b0879dc4867914219faa9d953d77b60d1
reddit,1,reddit/1_fake/0299.jpg,410408,1710328258000000000,e9f204f7c878ca4eae1d44c7739ffeeca6e29d1a103ebb85263ec9af3618afe7
reddit,1,reddit/1_fake/0300.png,3863007,1710328258000000000,66e4369c040eec338f966a21ceddf5299d485b3a081254adb7abeb03925311d5
reddit,1,reddit/1_fake/0301.png,1874184,1710328242000000000,e80ecdf6fd4f938afbe502f26ddb59a720e04985d1e39c56afc558edda26684a
reddit,1,reddit/1_fake/0302.jpg,140678,1710668986000000000,ff1a58d4057e95d921cfba2e28539bdeccb66799b51355a489e4057defe7fb26
reddit,1,reddit/1_fake/0303.jpg,5362879,1710328234000000000,c4d95b2b435582a934955ae2bbc987c2b2251e236727066dc32c2ee00fb658fc
reddit,1,reddit/1_fake/0304.png,1599284,1710668990000000000,efad9332d3a303a6c47b71677f4317d820e16b73fe2958eade4cc1085e44139c
reddit,1,reddit/1_fake/0305.jpg,180072,1710668978000000000,3c3f361635e443a09127811e5f82ee55f98cb1691ab0c59a7ea32943b64276ae
reddit,1,reddit/1_fake/0306.png,382897,1710668988000000000,6ee56a8dfd2e4e75c03ba3c218cb36fbd89bcbac7de3f5af790ea5730af7a666
reddit,1,reddit/1_fake/0307.png,6074699,1710668974000000000,a310ebf5475b9ef6a1ec3fbe37136c09d0180d83af6e8b123bd1af81c0796895
reddit,1,reddit/1_fake/0308.jpg,643214,1710328248000000000,2339706fb67d2417b1c78d3592807c9b5e08add1a88ba12673aa50eb719e7fc1
reddit,1,reddit/1_fake/0309.png,1739226,1710668968000000000,c00cbea5a29a527e7252962d428e99c8dce63095623be339b8b17babfbf6ff99
reddit,1,reddit/1_fake/0310.jpg,98863,1710668978000000000,13ef46e4b30644b548fc708f8d86fd1506598abfc376687c34c9c733527d0311
reddit,1,reddit/1_fake/0311.png,861033,1710668978000000000,3d19106eeb3ace44bbf746672f8ebd95c67a80017cf731f39b37f0532a5f703f
reddit,1,reddit/1_fake/0312.jpg,516502,1710328258000000000,df700f1cd03a739e0ec0788c747bd11c53e17ea53f21cb81caa0868e638b8b5e
reddit,1,reddit/1_fake/0313.png,4476389,1710328242000000000,69769ac5489c836d518a998470d13c0445ffe5e9a5283faf83e3ecf273cfce1b
reddit,1,reddit/1_fake/0314.png,688259,1710668976000000000,9cf8a6a98d80ed29439e52e570f22ec4799d1ab17387304556736914c75aa4cd
reddit,1,reddit/1_fake/0315.jpg,119722,1710328256000000000,75d7f2e33399d29d06a63b67a26ffa71e19731cf952bf52993c0e320808b9726
reddit,1,reddit/1_fake/0316.png,4481572,1710328250000000000,d1c728431c9bb251ded5486496374101b773ff8935a4789857e460cce1e19ce1
reddit,1,reddit/1_fake/0317.png,4152591,1710328246000000000,87dea94529d6666dffb00067a0d2afd2863ab3d395ab86f5c0bdb7caa1ea48d8
reddit,1,reddit/1_fake/0318.png,417658,1710328238000000000,6823f21754e47812bee43b6a72cfd5ceb10744d48d79e9f9e78bd798dd262748
reddit,1,reddit/1_fake/0319.jpg,1756748,1710328238000000000,2b0c46510d41b2ed0aa1141626f6c0d5ea2cc95b52cf99cb24af6790f865d9a4
reddit,1,reddit/1_fake/0320.png,1123609,1710328234000000000,8f66dede0347f555f7457485003a5a2d836991955b972218d75b59b75dc64c59
reddit,1,reddit/1_fake/0321.jpg,60862,1710328244000000000,2a1a58297a140d13717186aafe4d91c2678e08fdb38d50520b221d1172b95e9e
reddit,1,reddit/1_fake/0322.jpg,682962,1710328256000000000,9d3ab12da0a1ec33e3359400e2402aa8f7d03790062fbe939e992f47b6b24d0b
reddit,1,reddit/1_fake/0323.png,732640,1710328230000000000,036e37b57c7f43a5143150f9fd7d87dafcb42b5beb111905c55a57c37a8fede4
reddit,1,reddit/1_fake/0324.jpg,311808,1710328236000000000,2c12000710ddbcbbc1eb307ba5ab069e716fbf4a91783d1b75ec14750040fa0d
reddit,1,reddit/1_fake/0325.jpg,11023399,1710328244000000000,4e2e61e81b20bdc5d2c19fd196292d932d16aa13b0383618f225753729c6a365
reddit,1,reddit/1_fake/0326.png,3787623,1710328248000000000,8bae7fab64080555c55c8db4fbfaef69667d64fcc2637eb1a1b99ff9f57916b0
reddit,1,reddit/1_fake/0327.jpg,265970,1710328258000000000,60a37abc515abd979720751d8f79a656c59cf280d8af253c96d3a11255afc6e1
reddit,1,reddit/1_fake/0328.png,405128,1710668988000000000,7a5e8765c2f38beb4616d0c025c56325faab187466e40bd5d90061d2dcb9ceec
reddit,1,reddit/1_fake/0329.png,7113339,1710328246000000000,91d38c22129863d2c5caad7c82d11d3741edf637c9a27242d210064ea5872ad8
reddit,1,reddit/1_fake/0330.png,1442252,1710668970000000000,41b6b807eabe4e41ddda12b42ebc567f112d601eba881c33201b5340ba3e115b
reddit,1,reddit/1_fake/0331.png,6576419,1710668994000000000,d3184e388940365334311c78c4f6ddf886ab2b9cc2ce99dbf1697af69c7135aa
reddit,1,reddit/1_fake/0332.png,2519054,1710328240000000000,275df89ac043c70bea63540fd8fe2fb7d5ff429c3f9e5ba026b078a1e773b4ac
reddit,1,reddit/1_fake/0333.jpg,220374,1710668982000000000,9a409da988bc465445d884462a31054867f7d1885e79749bbd512d0b883312e6
reddit,1,reddit/1_fake/0334.jpg,203017,1710328236000000000,5936109978babe118ba1c75b12f1349892f12f61f6206ec9a81bb6f06af6834d
reddit,1,reddit/1_fake/0335.png,1046790,1710328236000000000,f664b46e5c3c061e2b181476895dd61f0f161e9a1938a387e47193a746efc606
reddit,1,reddit/1_fake/0336.jpg,265989,1710668988000000000,62f8e9ea509db4df1553e9d87e91e47a6b17857ed7df299af1293e308ce0640d
reddit,1,reddit/1_fake/0337.png,4870957,1710668978000000000,8778c6dea80051cc1192918242e53827d1cb9cda847b8857f992198157972c01
reddit,1,reddit/1_fake/0338.jpg,400890,1710328254000000000,49108e8ac8c4e1acabc876d9adb04415fea4993c9110f5ce809e1db4ca81a00c
reddit,1,reddit/1_fake/0339.jpg,400890,1710668984000000000,49108e8ac8c4e1acabc876d9adb04415fea4993c9110f5ce809e1db4ca81a00c
reddit,1,reddit/1_fake/0340.png,4353162,1710328256000000000,f6cdbf6ca6689cbb2165346cc56b5f6396ba3d4297ab358566451270772a6619
reddit,1,reddit/1_fake/0341.png,416166,1710328254000000000,041db2e7d677adeaba8fed4f7fc35937ce7ed4188a67fd3cf4ea2dc36ca0df69
reddit,1,reddit/1_fake/0342.png,416166,1710668978000000000,041db2e7d677adeaba8fed4f7fc35937ce7ed4188a67fd3cf4ea2dc36ca0df69
reddit,1,reddit/1_fake/0343.png,350227,1710328232000000000,21007ca1b3bb50f5fe8c19f6ee6573df84d9371a5453ec1c8d76eab33d63696f
reddit,1,reddit/1_fake/0344.png,3964132,1710668972000000000,62ec3d13385c897f10fde90247dba453ccb02541de08297ff1bbca2f531697ca
reddit,1,reddit/1_fake/0345.jpg,2182862,1710328242000000000,0ba0f7683a64d3a82856916ed229c907ed7ff20cda3d269a48b21b3b78d43f89
reddit,1,reddit/1_fake/0346.jpg,2182862,1710668978000000000,0ba0f7683a64d3a82856916ed229c907ed7ff20cda3d269a48b21b3b78d43f89
reddit,1,reddit/1_fake/0347.png,4393245,1710328230000000000,379702aa8847e1086ec1677a4945b512b8522e1fb1889baa52f3e3b6a03962cc
reddit,1,reddit/1_fake/0348.jpg,33113,1710328256000000000,2d62aa6f22254362a190418e38207ff6ef494cdb6798a3291474681e0d4b3a92
reddit,1,reddit/1_fake/0349.jpg,26633,1710328234000000000,418a9e190fca261d45f17bb4576fc19400e8ba7150a67861af281eca067a16e1
reddit,1,reddit/1_fake/0350.png,1736399,1710668984000000000,329658d50dd7b535545bb0fac662fb856f9e02775fe44d36c180e404c2bf9b35
reddit,1,reddit/1_fake/0351.jpg,224341,1710668974000000000,171b68d07da7eb77e286ee7ace825aa0d780a5a445f600485863c0a7fa32b375
reddit,1,reddit/1_fake/0352.jpg,225548,1710668988000000000,81abfcc031adb4de5419d97338edb923255eb5c5c9a59ab60dcee305b5eec404
reddit,1,reddit/1_fake/0353.png,3468209,1710328230000000000,c09b3f868fc0c6cac56473472e889292590a9d969485196d40fd51ad7b1a5ca3
reddit,1,reddit/1_fake/0354.png,3349403,1710328234000000000,384d760e50e15666a1728fb4ae529f6f9c33eb69bc339443550715a9686d686c
reddit,1,reddit/1_fake/0355.png,6439087,1710328234000000000,9732142cd844ad1b743c7437f878196befb5e7c617b24b72053da6857481b8e8
reddit,1,reddit/1_fake/0356.png,469184,1710668986000000000,95d357717e9c0f8f372856ef3c008d3f634a544e9d094399e4966a84ac5fc5eb
reddit,1,reddit/1_fake/0357.jpg,57760,1710328246000000000,35da113877aab4184ab02e1c529abf8daf328eb78c6b6f45e8a69f6d48588058
reddit,1,reddit/1_fake/0358.png,454339,1710668988000000000,0abbccd8ac6261bf51e7fd51fb771b2901443c8f2f8c3781db9ab58dc63ce9d4
reddit,1,reddit/1_fake/0359.png,397671,1710668974000000000,0b07c182688466326d0f52c9c14dc1c1d9f11c8943056015ebd052eb7c2fe6a2
reddit,1,reddit/1_fake/0360.png,436073,1710328254000000000,71dd90119cd81f0e6e098f02639ad7e48d88c26cb0c4c77fad56419d8ba9fbaa
reddit,1,reddit/1_fake/0361.png,436073,1710668982000000000,71dd90119cd81f0e6e098f02639ad7e48d88c26cb0c4c77fad56419d8ba9fbaa
reddit,1,reddit/1_fake/0362.png,4370382,1710668982000000000,3072f09973ab37762d955616088541593783dbac13cdfa9765b1a4466cd16bc3
reddit,1,reddit/1_fake/0363.jpg,119307,1710668974000000000,d8c3b7b371c3cc27b85c76f08c750897d2f2fe0a2bfdf8939508201afb373eb3
reddit,1,reddit/1_fake/0364.png,427418,1710328234000000000,d0581cd3bb1c8c411039a387cf0abedcc5572eb08c1622fe6d79096ea8050620
reddit,1,reddit/1_fake/0365.jpg,290149,1710668980000000000,bc529089286ec9763abdc48b62bc97f851fb33d7d535d606ea1c24cc62f11645
reddit,1,reddit/1_fake/0366.png,1466396,1710668974000000000,0969a10cee1c547b0be0011a428de0b4fc45ce1d2f7d364da7d51ed33bc802df
reddit,1,reddit/1_fake/0367.png,628399,1710328246000000000,ff40044c495980a4d0801ea32690478ece241242559b11878485f18652a05361
reddit,1,reddit/1_fake/0368.jpg,116383,1710668970000000000,b3115fae243429d17f817a33257aa4b7199be782f6d7dba3c21566590b464f77
reddit,1,reddit/1_fake/0369.jpg,191322,1710328256000000000,a9dd325e45eb7f59931ba8bf0ab5090eb19b78127d48f1b3c87950ac1edd71a8
reddit,1,reddit/1_fake/0370.png,4901330,1710328234000000000,962d1016a0ed54df11082997dde9cce175b9eb893eaaea3760f9fcc179a0e64a
reddit,1,reddit/1_fake/0371.png,5542147,1710328262000000000,098cdd6cdae55855ed166c844cbf43e7b0215eb7884b0fded7b2236dfe2b315c
reddit,1,reddit/1_fake/0372.jpg,83296,1710328242000000000,b3781afa76e94eebab75726842fdf1da127ea7adf3c6b0ddba2d464b5daf9593
reddit,1,reddit/1_fake/0373.png,1863060,1710328234000000000,c33799e86d6cc6e45524bd432f63f755a5d262ce1538545c91bf9bed1d25a782
reddit,1,reddit/1_fake/0374.png,1863060,1710668994000000000,c33799e86d6cc6e45524bd432f63f755a5d262ce1538545c91bf9bed1d25a782
reddit,1,reddit/1_fake/0375.png,425502,1710328250000000000,5219f05c66c3a0a1f22bb6aeb81271ea4cc99d87389d1d02e89017f3accc6f0c
reddit,1,reddit/1_fake/0376.png,2470333,1710328242000000000,12ce7829d12e6d35534d9dc5b9afa839382fe38a6c60ebb0b7ebee5f65aac8a3
reddit,1,reddit/1_fake/0377.png,1292144,1710328232000000000,60e7137ad3aa99a3b4e857f06565b2d40aca5edea3604979091e5145916b42b9
reddit,1,reddit/1_fake/0378.png,1426177,1710328240000000000,013d31361aab475b9c4b3f5d0cd60869dbbd93bb1d7101a576349539ad160f17
reddit,1,reddit/1_fake/0379.png,5337081,1710668982000000000,5e962f01bc3626f41d71546345292f23d2ed792b998f61372b9d3524d56731d4
reddit,1,reddit/1_fake/0380.jpg,193122,1710668990000000000,f68cfb55502b18061571da7546ec4de89fdcf136fb22dc13f56314b7b0cec740
reddit,1,reddit/1_fake/0381.png,464968,1710328232000000000,5003be87423060057790a9f229877d6410ca886507f05d0c0088e039b5e4c05e
reddit,1,reddit/1_fake/0382.png,464968,1710668986000000000,5003be87423060057790a9f229877d6410ca886507f05d0c0088e039b5e4c05e
reddit,1,reddit/1_fake/0383.png,2082570,1710668990000000000,c4fc3f3e95f1e4777d7795ba13913835abc62e5f35942b4197b4207715fc1aa2
reddit,1,reddit/1_fake/0384.png,1487109,1710328240000000000,3eead52787ba1fb5cff9b38e6d60eab056a0d74b9693c5c9e8b56c72f2b90263
reddit,1,reddit/1_fake/0385.png,1487109,1710668982000000000,3eead52787ba1fb5cff9b38e6d60eab056a0d74b9693c5c9e8b56c72f2b90263
reddit,1,reddit/1_fake/0386.png,475950,1710328254000000000,6b0356aaac055cce3640b96f0fecc4a71a69fd43cb6681279ac899690d519928
reddit,1,reddit/1_fake/0387.jpg,38648,1710328240000000000,0b714b1d23cdd80fe60a9e238433113c5198d5914f2ad38f15b3751780e42b48
reddit,1,reddit/1_fake/0388.png,7633101,1710328248000000000,e0c800a23c64d9bfe1b3563796d76b0d2e68d6d258ed5a3044befe260229600e
reddit,1,reddit/1_fake/0389.png,6019454,1710328256000000000,d8d31af3983ccf0f96fbf2a5c0af2995472a78bbd9daaca7645a0823811f6f4e
reddit,1,reddit/1_fake/0390.png,1083504,1710328230000000000,b77cedee908f2fcd3364f0a206d2f44d6d3a666c9832fa02d43f22bbcedd211a
reddit,1,reddit/1_fake/0391.png,455525,1710328240000000000,404df4fe6cadf72a8f3917b30c0c3ebd899bf9d93a85c80d2640bf1a677cfa53
reddit,1,reddit/1_fake/0392.jpg,433407,1710668970000000000,b51b3be09ac5668451b493835b72b44ed10785cc96a086c79e495c9143b9f80e
reddit,1,reddit/1_fake/0393.png,453315,1710328254000000000,a3b043cc3ad4f28e6fa81119e6716f86dc9855c6e45f9a75b3a757237b49278b
reddit,1,reddit/1_fake/0394.jpg,118947,1710668990000000000,e45e812fd2e5b16f67f45585157df9ab457a032f885eb2548cfa92f23d0b2602
reddit,1,reddit/1_fake/0395.jpg,155446,1710668990000000000,e995a80255f3036079fc0475c292bb6a69b4a3b5fa2cd412e93c82c4c29beeee
reddit,1,reddit/1_fake/0396.png,5537800,1710328242000000000,da847521d1a828bae917185835216f8e17a73245ed778fd239d57b7d15515384
reddit,1,reddit/1_fake/0397.png,5537800,1710668988000000000,da847521d1a828bae917185835216f8e17a73245ed778fd239d57b7d15515384
reddit,1,reddit/1_fake/0398.jpg,211312,1710328240000000000,9531f3a9e3c6739551bd874790c79476f53ad825000b5f3ff604285b0cf3095c
reddit,1,reddit/1_fake/0399.png,278626,1710328232000000000,7d07e8222502ff1b5bed813b39657be153e6235c676022344405861184e9fce5
reddit,1,reddit/1_fake/0400.jpg,85629,1710328260000000000,320bb8a210e7e1a26ccdddc2df85a168b21402c3eaba07aa64af6b5fde282da0
reddit,1,reddit/1_fake/0401.png,394108,1710668986000000000,d8a1af1d55cc140b007b188651159237ce19e24e3cdd34bdeb040971e365f6bf
reddit,1,reddit/1_fake/0402.jpg,55373,1710328234000000000,0f5ee172de716262a976977186bae04f343a76f6afc6aa194aa863377bda35f7
reddit,1,reddit/1_fake/0403.png,1044631,1710328238000000000,8c72483fa854e8144a626462520db3d0769a938850af28b7ca7fd08a05ee6012
reddit,1,reddit/1_fake/0404.png,3984772,1710328256000000000,91e1324e8841e03aa0d624eaab48daeadc301efe3f113e6367f36ceebc9cefb9
reddit,1,reddit/1_fake/0405.png,7400403,1710328236000000000,19d7946e64b94c7bfb243e4a366446b4b35f65cd50e5ba13107d41e4d6552cfd
reddit,1,reddit/1_fake/0406.png,7400403,1710668974000000000,19d7946e64b94c7bfb243e4a366446b4b35f65cd50e5ba13107d41e4d6552cfd
reddit,1,reddit/1_fake/0407.png,1544624,1710668986000000000,804cc2e634f9b5b5c00f008f478470d38ee1a7b7b7593ac919b458794a4e06fe
reddit,1,reddit/1_fake/0408.png,1281682,1710328250000000000,0f25ca02a1a4c96c880d45bb780c9b5abb8b95864cf3225b82b71981f657d0cb
reddit,1,reddit/1_fake/0409.png,461243,1710668980000000000,7144cfbf7407aa2d41641ba5cb120e73e4426019e6541a891a1faf3764b0312d
reddit,1,reddit/1_fake/0410.png,6790168,1710328230000000000,37e86b1369e3e7f3b5159fbf2a5c1451c941139c94cbe6594f7e3e9ed771f60c
reddit,1,reddit/1_fake/0411.jpg,590040,1710328244000000000,2befbabb2907a539f24202f8966088d69db8f94325b36432b12f43b73157fcf4
reddit,1,reddit/1_fake/0412.jpg,590040,1710668978000000000,2befbabb2907a539f24202f8966088d69db8f94325b36432b12f43b73157fcf4
reddit,1,reddit/1_fake/0413.png,1625664,1710668986000000000,8d1a2062fb24dc35628ab5c2ee1a319088b4a02db160f061644bdb05fe1d03aa
reddit,1,reddit/1_fake/0414.jpg,286195,1710328234000000000,0f362ba6c4088b93f85e5a115cbedc2a55240e3f9cbccdeeb8d4a48acb4b3e0c
reddit,1,reddit/1_fake/0415.jpg,280335,1710328250000000000,94e71a7c92722f592f508c7a7d8fb6912462077d1b0e8f55f09b012879bf8ba3
reddit,1,reddit/1_fake/0416.png,2053802,1710668992000000000,08c84ebda913ca8975f5e479144ea42ddd735a98dd18ad7d711e1dffff981eac
reddit,1,reddit/1_fake/0417.png,647556,1710328246000000000,2028f1c272bd6dd6584515462fe7a81f72f5e861fbc52abfac275f0f117a4926
reddit,1,reddit/1_fake/0418.png,647556,1710668970000000000,2028f1c272bd6dd6584515462fe7a81f72f5e861fbc52abfac275f0f117a4926
reddit,1,reddit/1_fake/0419.png,2643088,1710668970000000000,c43af8a1ea60dcb576223479981e825e36069a470a1f17f55314a2d73c68546f
reddit,1,reddit/1_fake/0420.png,4139656,1710328246000000000,034a64030c311c26e043d007facaa6b747bd5648da637b7624a084d4434af293
reddit,1,reddit/1_fake/0421.png,4139656,1710668984000000000,034a64030c311c26e043d007facaa6b747bd5648da637b7624a084d4434af293
reddit,1,reddit/1_fake/0422.jpg,116775,1710328236000000000,a36d05ac42de3eac9527903a4d47847b36c580cf9408560ac2aad0d1c5e2d3f4
reddit,1,reddit/1_fake/0423.png,6908310,1710668994000000000,e2823f071cb84bad79b75b91f6650dd40e52ddec1d3544e2b2c359de2426850f
reddit,1,reddit/1_fake/0424.jpg,37064,1710668980000000000,9455bf5ea7dbc09e3f014c3942ffc16fa48b41931aebfb9e978c27b41692997d
reddit,1,reddit/1_fake/0425.jpg,4226513,1710328232000000000,750a0fd7365ccc0210b9919efa7d3a3a80c6e562bb71150e926328a5d2ec4cc4
reddit,1,reddit/1_fake/0426.jpg,4226513,1710668980000000000,750a0fd7365ccc0210b9919efa7d3a3a80c6e562bb71150e926328a5d2ec4cc4
reddit,1,reddit/1_fake/0427.png,1937224,1710668994000000000,dfad2aff2634c600173ff434e44bad20b2672b34f599c4dba8d7fdd6eabd3877
reddit,1,reddit/1_fake/0428.png,593667,1710328240000000000,59b4566ae91e8418ebdd9898381d24511478b13162b530eea070ad96518b113e
reddit,1,reddit/1_fake/0429.png,593667,1710668980000000000,59b4566ae91e8418ebdd9898381d24511478b13162b530eea070ad96518b113e
reddit,1,reddit/1_fake/0430.png,1708460,1710668970000000000,1774d695c9c44787db1651da13b2a59049d4b81ca86dbd1131b5cf5b3ab110f9
reddit,1,reddit/1_fake/0431.png,6268729,1710328240000000000,fe8db3e0cdcd04eea30e29f1a71f53039d00dbedde9a4f751d5324e50006a808
reddit,1,reddit/1_fake/0432.png,444559,1710328250000000000,8731bcd97b9ece393826b9b1ea51170c317987877142500342a1e9f9f9af3b18
reddit,1,reddit/1_fake/0433.png,1911955,1710668970000000000,e2ea2b73a5fe9f09936bd61e7b2a0784eeec5cf5d7e7cd23fc9783e4dd1ab27d
reddit,1,reddit/1_fake/0434.png,649913,1710328232000000000,d0eaa2d906e908ac271ad0dc78dd6169d8a4b88c2b06fe882af9caae83e09755
reddit,1,reddit/1_fake/0435.png,1207643,1710328254000000000,dcf37fa802b6704038adb4ed642b89a16c5d28164b1fbc092abe7f327bfa9516
reddit,1,reddit/1_fake/0436.png,397650,1710668984000000000,5a0e938cbacb1bef3daeb248f7cd3796612f17b23ba9eb45b687d8c0f3d9d00a
reddit,1,reddit/1_fake/0437.png,1835475,1710328240000000000,e59c1a819575db004f9f24661672b33f3d8ed2caa366c89765687b0242f8bd9d
reddit,1,reddit/1_fake/0438.png,4820288,1710328230000000000,4a4071dc938d64110c988ff4806c8f366d3d0f03f237623b55fb14bdcd99faea
reddit,1,reddit/1_fake/0439.jpg,32399,1710328254000000000,7eb97af11fa85ebcd6b5eeef451b067047e30d8b0759b5dc3130df6801c8544a
reddit,1,reddit/1_fake/0440.jpg,32399,1710668982000000000,7eb97af11fa85ebcd6b5eeef451b067047e30d8b0759b5dc3130df6801c8544a
reddit,1,reddit/1_fake/0441.jpg,71411,1710328228000000000,a6887b080d775cf3dfae7db0c2f4d236dcb23466a1b353b3d0a9270f6bd4d98e
reddit,1,reddit/1_fake/0442.jpg,35226,1710328248000000000,754ced50da53ae5104cf84517b95d78eef75df4c3f6a67253ce6a5d38c263df7
reddit,1,reddit/1_fake/0443.png,1627269,1710328234000000000,87df6428604310dd0d60b719c6c74d7e983a2b0f7759339215605d843bea7bb8
reddit,1,reddit/1_fake/0444.png,663607,1710328242000000000,e8f0b2607f37ebd3032c331242749d516d5e3141f8754449522b08938551e66a
reddit,1,reddit/1_fake/0445.png,663607,1710668984000000000,e8f0b2607f37ebd3032c331242749d516d5e3141f8754449522b08938551e66a
reddit,1,reddit/1_fake/0446.jpg,348976,1710328246000000000,79f8c146251f74507e4c1d096c8f412246fca0376ac2204d6910e35c30501920
reddit,1,reddit/1_fake/0447.png,441196,1710328254000000000,28bff050fb9ec6bdffac017c9adf9358fa53e22d9d51bd09e90b25d2879ea2f4
reddit,1,reddit/1_fake/0448.png,3606637,1710668980000000000,f259ea7c13d41bfa399b6bd7f701261abf2170ba0ecb3f7d968b8bb5f4a15990
reddit,1,reddit/1_fake/0449.png,13149558,1710328254000000000,e91d703cba274cea15eb253416266bbfc9e95b19f8719ba8f879ab982fa2deae
reddit,1,reddit/1_fake/0450.jpg,304915,1710668970000000000,f1900fa9c5c5abcdb4a56dc568761232253e42a24eea6bde1a21d43d96a35ab0
reddit,1,reddit/1_fake/0451.jpg,303485,1710328232000000000,150da86856825f35651bfa2d7baae44434fa38675dc954b88d1c6d97d3443dcb
reddit,1,reddit/1_fake/0452.jpg,276890,1710328238000000000,0b57d9b9fae5652b350f184e80e8524183b04cd5946ef05c96e447fc524a28b8
reddit,1,reddit/1_fake/0453.jpg,41479,1710328250000000000,5a618f75d5c81642215b5371b5b2f051fe5da15f47d14348c3a7cefb96cf7857
reddit,1,reddit/1_fake/0454.png,3954146,1710328260000000000,9ecad9edfdc67f523a9a4cf289d166b7e862e44433a54436bb967482dacf9985
reddit,1,reddit/1_fake/0455.png,323374,1710668978000000000,1be8d4e8ed5db94c107078a24911586315056d10ab645b11d0d9b4c9a137d383
reddit,1,reddit/1_fake/0456.png,6228812,1710328258000000000,aab3339b7da14b9182e054013a979c20b6ca95f318f6a18c94a9c181b83f442f
reddit,1,reddit/1_fake/0457.png,9133526,1710668972000000000,668312ac82bee7bc68cf149d14c87dd0d08e6704066248761018d3ea8a2fa081
reddit,1,reddit/1_fake/0458.jpg,10069354,1710328250000000000,7957c688742c197f12aa21724c75c0dbdf9ccb359729881b71419412e284ff27
reddit,1,reddit/1_fake/0459.jpg,17949,1710328242000000000,33c98b47e8eae9163b15d71c1a7efeb3758682580bf3b737211ef7ffa1e4658d
reddit,1,reddit/1_fake/0460.png,4762772,1710328230000000000,ea2138cda02858266e887783cad3fcbc54df1ca73ebd32f10c7883d93043301a
reddit,1,reddit/1_fake/0461.png,332683,1710328238000000000,3e69f37a6715117e3df71e40031b9a82c8735e20089832c87b47a5e94dac457f
reddit,1,reddit/1_fake/0462.png,4911297,1710328244000000000,3088790e897700c705e677ccd6875740d78c8b2826d95d60ca9b967d4df34fe7
reddit,1,reddit/1_fake/0463.jpg,80065,1710328240000000000,2404b13d4c0191218215b598f8b5b817ff9edc4110f577f47259582a88cbd959
reddit,1,reddit/1_fake/0464.png,1490666,1710328240000000000,cc03a03abdb4199de91855a29d40317993fc1d7c9d88fad9c6a004eef85bf618
reddit,1,reddit/1_fake/0465.png,1490666,1710668982000000000,cc03a03abdb4199de91855a29d40317993fc1d7c9d88fad9c6a004eef85bf618
reddit,1,reddit/1_fake/0466.jpg,69294,1710328248000000000,d95f4a5924054d0f9d7262f6fe514765e1501297943f3805b034eef83abb0562
reddit,1,reddit/1_fake/0467.jpg,69294,1710668970000000000,d95f4a5924054d0f9d7262f6fe514765e1501297943f3805b034eef83abb0562
reddit,1,reddit/1_fake/0468.jpg,110626,1710328234000000000,cf9e1e511c867efacb191ea34789756f72613e546288d6ab3e3f5fcd15010754
reddit,1,reddit/1_fake/0469.jpg,40492,1710328254000000000,7de268e685478c30e0d9b3448c5c2926a153a4f91585b80ad29d9011ffb811d9
reddit,1,reddit/1_fake/0470.png,804301,1710328234000000000,1374e1e4d9116bb6d8dfebf945ca7c5deeb709ae64e3cea017615161a5950338
reddit,1,reddit/1_fake/0471.png,804301,1710668982000000000,1374e1e4d9116bb6d8dfebf945ca7c5deeb709ae64e3cea017615161a5950338
reddit,1,reddit/1_fake/0472.jpg,43274,1710328232000000000,621bbecf3688ad320889eca63ca58a0044e1a96272344f51dae6314c12f5f3b8
reddit,1,reddit/1_fake/0473.jpg,43274,1710668968000000000,621bbecf3688ad320889eca63ca58a0044e1a96272344f51dae6314c12f5f3b8
reddit,1,reddit/1_fake/0474.png,4340339,1710328236000000000,57de01cad35e24c4506c2e0c9e090374057450b933c49730d646d6bd324a1e37
reddit,1,reddit/1_fake/0475.jpg,634326,1710328254000000000,281056b4b47fb7a5132fe3f8ec3cbc8619e65e8856f0d9a8cae296ab65142ec3
reddit,1,reddit/1_fake/0476.jpg,186804,1710328248000000000,525b8f7ab09cb8bc8157846045fef299318e4272258f81ea9e4282605b9fac03
reddit,1,reddit/1_fake/0477.jpg,127177,1710328232000000000,5fbc3c2489e268cae9f8587495898a45b54736438f8e2b185ecebe410a27fcb7
reddit,1,reddit/1_fake/0478.jpg,27340,1710668986000000000,d7f1a8cd7195dfc15755bc7109a5b482b0fced6b948fa5dd5449c00adc199801
reddit,1,reddit/1_fake/0479.jpg,416951,1710668978000000000,e4ff5cb2d21898caa32a32e62a56c7c22b7e9684180d5476b21e1e81b7786421
reddit,1,reddit/1_fake/0480.png,473069,1710668986000000000,2823373f82242202a3212cf4dcec08433ac84f86fec4f1624236130d01bd5e76
reddit,1,reddit/1_fake/0481.png,3066605,1710328238000000000,22dbf09a6e803735d1768d482e912a1966b4dceea844675e3786020834dd06d3
reddit,1,reddit/1_fake/0482.jpg,81423,1710328232000000000,aa3e697ecf0dc21c4eda2e2ad1bbcdc920f22a543af65d4479529ec2e31e6a6b
reddit,1,reddit/1_fake/0483.jpg,127355,1710328234000000000,fc7726f71e5e6f91465dfcf914965869ac2cf735caf639a01fc8f1f4c5f9eb0e
reddit,1,reddit/1_fake/0484.png,3338735,1710668970000000000,76c12164944af71b857461604167175cc8a00393948ff9948b7d66640bba876c
reddit,1,reddit/1_fake/0485.png,1602209,1710668974000000000,75f30256867fb4bc64dcd2c15a8ada097646a0743aae1bf7b637b71dd11e0862
reddit,1,reddit/1_fake/0486.png,1006755,1710328256000000000,379f29115f5423504a664aef039e40b87c19e03ae4bad10ab0012038a0ab960e
reddit,1,reddit/1_fake/0487.png,705796,1710328254000000000,2ce7b98c5e63b0caff904f092d32f54441259c3d111c414c1fa3fb52cf5bab5e
reddit,1,reddit/1_fake/0488.jpg,93968,1710328248000000000,72312d916dc3f4bde01017272d9c3c7c52902c8ac65cd70c33be17d74549b4e2
reddit,1,reddit/1_fake/0489.jpg,103070,1710328238000000000,1bc78e20cd62170de077e4c5abf2d3133dd673a6a59992f68c69de208325bb25
reddit,1,reddit/1_fake/0490.png,3792672,1710328232000000000,41df15fe8670c674294c41c63686149960b83a5b7523e8e630b3e8fe62d1ee75
reddit,1,reddit/1_fake/0491.png,4004473,1710328258000000000,ef6e23484c8c3be60d513c2b31af657112de02163b481a2fd99e1dac0f36b900
reddit,1,reddit/1_fake/0492.png,289375,1710328256000000000,551180844dcd92b01ab12c30a9cd92d38fb6a773a22c9053388179e17146d698
reddit,1,reddit/1_fake/0493.png,2068619,1710328236000000000,7ac12ae93488597f91e02eb22363a1baae2ba67985e30d362ea07f09b7cbee76
reddit,1,reddit/1_fake/0494.png,1825037,1710328258000000000,8e020b2b926a868e7b67058fd8252ca47f1ad7aa7812e220efb2462016df645c
reddit,1,reddit/1_fake/0495.png,1825037,1710668974000000000,8e020b2b926a868e7b67058fd8252ca47f1ad7aa7812e220efb2462016df645c
reddit,1,reddit/1_fake/0496.png,377609,1710328248000000000,39a5fc963cd1c0f1ef1510176017afe6afca1778ec3428e7b6df2d94f15395cb
reddit,1,reddit/1_fake/0497.png,1066293,1710328236000000000,144bfece840699aceec2a1bd2cf228d583258893270b56b8565ab67e46c4c8bd
reddit,1,reddit/1_fake/0498.png,6206863,1710328244000000000,e9f6faedcaf8fa629bc37e8fc6960a1ab1d0ce7a8dcd59c4d71d9c88a27cf800
reddit,1,reddit/1_fake/0499.png,582744,1710328230000000000,5f9a20a88003531fe39e4b993e411e6dc13709e3669c280291be0baec8d2ae70
reddit,1,reddit/1_fake/0500.png,582744,1710668974000000000,5f9a20a88003531fe39e4b993e411e6dc13709e3669c280291be0baec8d2ae70
reddit,1,reddit/1_fake/0501.png,12583043,1710328248000000000,27bc55ecbd5750e1a445c3da9123031710a9845c9c98c40ad7cab985d18c80fe
reddit,1,reddit/1_fake/0502.jpg,212556,1710668984000000000,ea8eaa15a097a3c4a044c70a055f6a68ac480e3d7cee9f5e690938fc2f96a1c0
reddit,1,reddit/1_fake/0503.png,2250274,1710328234000000000,0a9fde257dd38f75d88551e0bd33dd9d5554b8c0deea9dd7618d07f84ec0cdb5
reddit,1,reddit/1_fake/0504.png,1742474,1710668968000000000,40121e16c17969f655df5b890fe8555cdbe0f498cfa5d5fc0c000c578e451e82
reddit,1,reddit/1_fake/0505.png,12206050,1710328248000000000,da87d78246091f9476831aef80ebe842799f6cb105180d91e57cdcfd280268c3
reddit,1,reddit/1_fake/0506.jpg,567698,1710328240000000000,6c3496af8131fe133d6dcb71d663fa5b464a14ea3b2c2bbd91d23c235ca49de8
reddit,1,reddit/1_fake/0507.png,4561386,1710328246000000000,377966aed69f3c9f166f35d15216c7f24ec93a72d63a2ea8c8f7b6e54d49913e
reddit,1,reddit/1_fake/0508.png,3165825,1710328240000000000,2f424c3440ebf18f62b6310c0cc5ec6108bdf638549060e222b229ad475a7181
reddit,1,reddit/1_fake/0509.jpg,368574,1710328230000000000,a20d4b3c70df9b5c9d168bde924a70abb84cd9fe921b2d403933a13419a56e58
reddit,1,reddit/1_fake/0510.png,2044058,1710328232000000000,77df97bbcbea54f1a6d573c627b7d0c51cbc6189ac2373eaf5aad77f18624697
reddit,1,reddit/1_fake/0511.png,547730,1710328258000000000,de0469a77a911e1f74e9263cbcf5d2b2b23249d32d562ebce8a1b71a65d3813d
reddit,1,reddit/1_fake/0512.png,389559,1710668974000000000,5919238b35ed14bd26960a49c0b050cb15a14d2c7ae46362fe2d0ade5eb36172
reddit,1,reddit/1_fake/0513.png,4400548,1710668988000000000,dc905936079a13d3242004e373bcfc443864d59b7be26a4083c7256832cc4bc9
reddit,1,reddit/1_fake/0514.png,1474912,1710328246000000000,c0390853a036eb2550a27d23e95587ebc5a882e5e7542a327caa2792bdcfdd24
reddit,1,reddit/1_fake/0515.jpg,167124,1710328246000000000,c12a5003ada9dbc4f4239ffde77d2a4bdb27ba109113def76e581227e5fde632
reddit,1,reddit/1_fake/0516.png,6999440,1710328236000000000,bfbb3ac774dbc309c7c237bed4c9b254382a76b0304f93428664b8a9a29d6dc8
reddit,1,reddit/1_fake/0517.png,574959,1710668974000000000,11bf444760056a70c6c92a6388fc6e7e3357ef021e2c91ec18029541fc3926b1
reddit,1,reddit/1_fake/0518.png,1016920,1710328234000000000,4062ff054db7a2d7932d4aeeef39bf3b388e15185ec2ef62fe7582842cf0c628
reddit,1,reddit/1_fake/0519.jpg,83022,1710668986000000000,f3c47de6ba66c1500bed1ffc6565c1cb37a6651cb1a7a260748ba4d38ce536af
reddit,1,reddit/1_fake/0520.jpg,616612,1710328230000000000,69b1a7fcd1a1690ededfec775cb5af496671b9699d0faa065574ffb633a43e3d
reddit,1,reddit/1_fake/0521.png,4782159,1710328248000000000,c05935502f2c9464d82c8e0be778dcaf7fc78b70c1ebc38237c2f69d6778bcea
reddit,1,reddit/1_fake/0522.png,644384,1710328234000000000,2220bd981d0acdc8794f90750abe474317ce1864d1dd6f4b01a2c5899b13c9e8
reddit,1,reddit/1_fake/0523.png,4043787,1710328242000000000,70cc10f1b97a07049a9974ad3fa5b6e287c4eefbdebf2e45d5c9970a79df9c17
reddit,1,reddit/1_fake/0524.png,1110228,1710328238000000000,e036c3960b406aa2d8d55d5f51410eba343526d1cf4bb17c2928acc0fd92bf54
reddit,1,reddit/1_fake/0525.png,2744114,1710668988000000000,1e9c5491bc9cabb6f9d8feae084c985f7f60ccc87eb5e84a1b548a8f49243f58
reddit,1,reddit/1_fake/0526.jpg,1424750,1710328242000000000,2b4e75ad08e058d2eb2d1e32d65289ed25a0b2e1375082caa47360d3ee8c674d
reddit,1,reddit/1_fake/0527.jpg,34051,1710328232000000000,4f00ca67aa77b05116a4ea24687aae542925d078c5ff7ee644f03630f9521415
reddit,1,reddit/1_fake/0528.jpg,9759,1710328254000000000,fcc0118ff72c9a0a672b153c0c65e22938bbccb8a2cb5ef75b4ae1dfae25ca0f
reddit,1,reddit/1_fake/0529.jpg,1807461,1710668982000000000,e5529db1847187b6c72c393230af681fc640903d3acdb41e57cf4f868fc584f1
reddit,1,reddit/1_fake/0530.png,3593804,1710328260000000000,8e3d63c5a091312a3d09a9059b85833abdfecbd9966e3fb6ec9bbed6553a65e2
reddit,1,reddit/1_fake/0531.png,3593804,1710668970000000000,8e3d63c5a091312a3d09a9059b85833abdfecbd9966e3fb6ec9bbed6553a65e2
reddit,1,reddit/1_fake/0532.jpg,220815,1710328254000000000,7f88a1d5c7992825ef69a94109a19574f98a0d85f209f2f190a717505fc97d7c
reddit,1,reddit/1_fake/0533.png,14347060,1710328252000000000,699198e434055670b00483656e6543387c8a9fc0211ac96ba91a02eecaba9c0c
reddit,1,reddit/1_fake/0534.jpg,3332550,1710328240000000000,b7f7e40c0d05e64954aa8422f719862a2c59d23e962f1e43cedd92a878462c3f
reddit,1,reddit/1_fake/0535.png,4631741,1710328246000000000,01588d8e49634ceb7c636e6b5158410b31c703cf819e702921325b47e0624ac7
reddit,1,reddit/1_fake/0536.jpg,237368,1710328234000000000,10e2bd40f02175cae3c07d1dc8bb1231b78df809fc4d1ef5960917ca13c8bf6a
reddit,1,reddit/1_fake/0537.png,446997,1710668974000000000,8bdd789bb9028c923bd287d51556878944a7c38403ad2b5ec957c7ffa83a8bba
reddit,1,reddit/1_fake/0538.png,390218,1710328232000000000,7918f59f6b84d2e301b8fa8e24cb66a8a319ea6a46f859a7513dbdf0a6aa505e
reddit,1,reddit/1_fake/0539.png,390218,1710668990000000000,7918f59f6b84d2e301b8fa8e24cb66a8a319ea6a46f859a7513dbdf0a6aa505e
reddit,1,reddit/1_fake/0540.png,3641738,1710668976000000000,19f4d21f10f2bca22fbc38a5a6a7a858bb04ff7ebb5f2cf00028a0cd7c0f540b
reddit,1,reddit/1_fake/0541.jpg,239436,1710668972000000000,88f45799afccd1810b686af886170c20f4cb51719a471164277127ced386c16d
reddit,1,reddit/1_fake/0542.png,340483,1710328240000000000,83f394c386b0d71ab5877e4fba684aa551deca14a430143064a53091c5682165
reddit,1,reddit/1_fake/0543.png,984944,1710328254000000000,fa0a68e3a072c2515953efb054f351b81294500243dcc33178712fe1ac3bb3cb
reddit,1,reddit/1_fake/0544.png,4945050,1710668976000000000,23bf3101e1da6fd58830674d8abed717bc71dd622f6d8fb116efaa641c214a9e
reddit,1,reddit/1_fake/0545.jpg,75327,1710668990000000000,aa8ebf426b3e56fc1b09db9bf727942c0ed0eeec4761f35848bb2d8c325a4c84
reddit,1,reddit/1_fake/0546.png,3685628,1710668980000000000,8c8990a80a6e24c40c119b337e6d0c2f1149995c4f3a7103e3c4f1d32aaa1e11
reddit,1,reddit/1_fake/0547.jpg,309917,1710328246000000000,af0e7e2fc1ad578b86e21a989b7058b4a3a83001ba388671a9f3a50d3654712c
reddit,1,reddit/1_fake/0548.jpg,484761,1710328238000000000,68c80dadcceb7311971d63dc4b813006073865bf0a2f0a328d5c18e03edcf525
reddit,1,reddit/1_fake/0549.png,2425555,1710328240000000000,ad4515558c0d216130ed363f11fc2015d77649479da901189f2b15b2b18d948e
reddit,1,reddit/1_fake/0550.png,2425555,1710668982000000000,ad4515558c0d216130ed363f11fc2015d77649479da901189f2b15b2b18d948e
reddit,1,reddit/1_fake/0551.png,1621667,1710668992000000000,a3373e976e12262b271d62b34fa0ce68da520b01ce657abdfec67b680f9b16d2
reddit,1,reddit/1_fake/0552.png,992545,1710328246000000000,125c9696f9076e9d999635e7077157e246e9ffd2850e2bf4d764710c2029dabd
reddit,1,reddit/1_fake/0553.png,1434602,1710668982000000000,eaee5ed921d22858511273ac5969f4f9265fbe91ace5943e993e2642182a5e0c
reddit,1,reddit/1_fake/0554.png,323215,1710328230000000000,a1e76fb3573c01e88278b74417556970450b5065c40f5cff0d054ecb60ffe3eb
reddit,1,reddit/1_fake/0555.png,6236121,1710328232000000000,2e46d3916906ebc1309254c37274c7e8b15d66bbf9eabb5a5bbdc9d6e1a5fbbc
reddit,1,reddit/1_fake/0556.jpg,60151,1710328256000000000,ed74e2f3605ba653eda1afa6ca889b32b4890fde878c173ae959c2e59d16d9a8
reddit,1,reddit/1_fake/0557.jpg,80470,1710328242000000000,bccf889b094d3973b9129682de7ba51fe6ccc3736dc48a55a7fe204b93af1e14
reddit,1,reddit/1_fake/0558.jpg,809868,1710668970000000000,d39ff9f985792d19b07da53e9702d4d69f5367a5efc07433c461dd545fd3544e
reddit,1,reddit/1_fake/0559.jpg,430044,1710328244000000000,6a5a54833862f62fff537e43eee14e274a481e24a15446ca31b7318f7d5497fa
reddit,1,reddit/1_fake/0560.jpg,290637,1710328230000000000,09e530f381ff59d7f51134e40d567ce85e7ac9d6222cc55797d74f9bb2256423
reddit,1,reddit/1_fake/0561.jpg,290637,1710668986000000000,09e530f381ff59d7f51134e40d567ce85e7ac9d6222cc55797d74f9bb2256423
reddit,1,reddit/1_fake/0562.jpg,154012,1710668980000000000,2cdf4374f21c2059990e7e2fa3f013e8030332ee3c532e0c2cede901234cbbc9
reddit,1,reddit/1_fake/0563.png,1632412,1710328232000000000,3f1600f041b24e6c4e8069df7b8cbc050951e5c22596415ba39e08259f6757ff
reddit,1,reddit/1_fake/0564.png,10764268,1710328246000000000,b60e1e6fbd26ee5e5e01473d0506f71bfa9dbe65a9378446684dedbd27aa52b0
reddit,1,reddit/1_fake/0565.jpg,369958,1710328246000000000,40a7910a4e164ef3b31b85234798bb6ee17c54099e8887c76c67ec01e8f63318
reddit,1,reddit/1_fake/0566.png,5376565,1710328234000000000,e6d5d8e4b474dde74ffadd1861b4ab133524056aa96a55b1da3a4480284c5201
reddit,1,reddit/1_fake/0567.jpg,1277623,1710328246000000000,efc5980bfcda4a25b4d4e6378fa67024f77f7f9a65a43d9fa280cdaab1636a3e
reddit,1,reddit/1_fake/0568.png,1268289,1710668984000000000,7cbc02f43d35cb83c5afdc1f6bd1fb5f4fdad326670890f0fa8fa455c3d3be97
reddit,1,reddit/1_fake/0569.jpg,146894,1710668982000000000,ba842809467b87c6b2fe1b4239bf08907f7e53017f8574e1022e167cdf6ca62b
reddit,1,reddit/1_fake/0570.png,3085421,1710328236000000000,2b864515e73720e017f19cbc29075bcf7446514d271018c80721c9258fe6b693
reddit,1,reddit/1_fake/0571.png,1610162,1710328256000000000,4955922ca3b06d56e8141900c0ee9f8158b95ba4ad34eec2fac1c2d4b2cc07d2
reddit,1,reddit/1_fake/0572.jpg,386724,1710328242000000000,d8a1647b35e0d631e66761db850f0f6eeee8d10c488cf5f413322a7d989b01c9
reddit,1,reddit/1_fake/0573.png,4883585,1710668986000000000,ff3419f87f9a898166acfb1680e1190125480acc183e126b78d9b91fba3277e0
reddit,1,reddit/1_fake/0574.jpg,52069,1710668970000000000,c7eccb1819736025c6dedd1ea84b25036b4d427edc56c984946249e554e9e6c6
reddit,1,reddit/1_fake/0575.jpg,143139,1710328260000000000,e441c988a1d2bb7c387d6b9820fe80f11379c53a00acc877cb0fb9586bbf178b
reddit,1,reddit/1_fake/0576.jpg,143139,1710668988000000000,e441c988a1d2bb7c387d6b9820fe80f11379c53a00acc877cb0fb9586bbf178b
reddit,1,reddit/1_fake/0577.png,281928,1710668992000000000,6ed1d9425b6f7d65c08d41af3bc573ffd5b90ad2589d3116f48424a2e37e45f7
reddit,1,reddit/1_fake/0578.jpg,528265,1710668990000000000,cfa07311a603695d23fd903d3b3a1f646bf972eeb71fa6e60016a1189b8fd4da
reddit,1,reddit/1_fake/0579.jpg,9586445,1710668992000000000,68e608ebb8c8b7198f75f610b77292536dbe0eb4d0764a953bb4da179bacb7da
reddit,1,reddit/1_fake/0580.png,4953078,1710668980000000000,a20d90f2dc1f7fff5258f9ffb2a2d1ca47665e2828275234c68e04cd3b3c9147
reddit,1,reddit/1_fake/0581.png,11333427,1710668976000000000,d27e9bee6aaae84b6ec693cda9cf65314161eb75697a06e6fc147e0f56bb1ab1
reddit,1,reddit/1_fake/0582.jpg,54361,1710668980000000000,37fd920bebafdd15d35da628c5a1c1200d44ccccee6631b85716870054975306
reddit,1,reddit/1_fake/0583.png,862741,1710328232000000000,8374e28457da468a8bf619ae377e40676f236d0ab0f6b43c1903bd3249de305f
reddit,1,reddit/1_fake/0584.jpg,308338,1710328254000000000,f14f54568825582b573be21ed0596688e2664320292d2372a3d1c4e1fb52e152
reddit,1,reddit/1_fake/0585.jpg,308338,1710668968000000000,f14f54568825582b573be21ed0596688e2664320292d2372a3d1c4e1fb52e152
reddit,1,reddit/1_fake/0586.png,676867,1710328242000000000,a13a6f6b926b22bacc5524969168c72280a94792c1e129104f8f14668212ddc2
reddit,1,reddit/1_fake/0587.png,3979328,1710328252000000000,99e6056167b482f8b89d0de7aedc5c43f666d95a1c9698e5fe0dcbb5c74129e9
reddit,1,reddit/1_fake/0588.png,2069311,1710668974000000000,5993f68b9b5fca89ce2b8320b3cb077d6eb0be761c0a5dac83df022aebf924a6
reddit,1,reddit/1_fake/0589.jpg,70938,1710668990000000000,76c92ec5a110f4a23e170200cf3037d2f398a5989e3f7feac5256d6f7bc66968
reddit,1,reddit/1_fake/0590.png,7081199,1710668988000000000,48ed98d286ec63e31bc9bbe33746f0328216ec719472734c2c9f8913b2008131
reddit,1,reddit/1_fake/0591.png,542628,1710328230000000000,8c67a0959d8e2f7e70e5feaf127653dc2d22cdaaf1391e60ae2f03b7aeb136af
reddit,1,reddit/1_fake/0592.png,6608427,1710328246000000000,284457fa4bcc3b957ac3be2721a36303c0a9d7a4926bf5e6e252e9d0e6ac24d2
reddit,1,reddit/1_fake/0593.png,531378,1710668972000000000,a079983269f37712a5986fa71ba88941237194d4b525ad720f11be08134616ca
reddit,1,reddit/1_fake/0594.png,5069438,1710328252000000000,315062effb1d4b68032bba53acf9bd54ab9dba1c3c1c36fb96809dac5d81b1d1
reddit,1,reddit/1_fake/0595.png,5069438,1710668984000000000,315062effb1d4b68032bba53acf9bd54ab9dba1c3c1c36fb96809dac5d81b1d1
reddit,1,reddit/1_fake/0596.png,1097673,1710328250000000000,9fbe4d57063bdee21189239cfc08a4d56fadf0b3459756fe0a9f2051167d2ce2
reddit,1,reddit/1_fake/0597.jpg,25436,1710668968000000000,c09ad06bb178e9f790ef33d589a47d23f767a98478d68ea076b26c0060115b8e
reddit,1,reddit/1_fake/0598.png,460353,1710668976000000000,a554cb191b45a32b796a655304ce6d2a9285fab2d2f2aa3c8e37218fdfc727c5
reddit,1,reddit/1_fake/0599.png,1569034,1710668986000000000,83317bdf68b1ead3a4efa9b17417cf577a680e11b1200957e8623cb215be7f7b
reddit,1,reddit/1_fake/0600.png,518082,1710668992000000000,6672d8bf55595a4ab46483e7328257f99103d79b8c572132bf78089404249c11
reddit,1,reddit/1_fake/0601.png,6114268,1710328256000000000,a8220837f5af4bc4cb4f0de5fd67abba2316f04621695a15f7113911bd085532
reddit,1,reddit/1_fake/0602.png,6114268,1710668992000000000,a8220837f5af4bc4cb4f0de5fd67abba2316f04621695a15f7113911bd085532
reddit,1,reddit/1_fake/0603.png,829586,1710328248000000000,192df54f3769455abf723661260b46d1eded67d5ec9e2af066da3f874351c85e
reddit,1,reddit/1_fake/0604.png,510169,1710328238000000000,0846cda909770251cb463fe205988c065123a28e231b8f74cdb69f8a3c40132a
reddit,1,reddit/1_fake/0605.jpg,164150,1710328256000000000,2389d2f530d0b75bd5d6674509bf96176c7b415116f959cac6210a00748b9355
reddit,1,reddit/1_fake/0606.jpg,373514,1710328250000000000,8a289578866ce6c8c3ff7f0148a571cff62998e1b17b9e79987fa414e473380f
reddit,1,reddit/1_fake/0607.jpg,94753,1710668988000000000,2eb637018a94177ccc0a7329b26734db597ad9270681689c12e38a41e35ddb57
reddit,1,reddit/1_fake/0608.png,574381,1710328248000000000,5ef5e80639872695cf81a27bbf03e046b89b31833e36a9685ce50aae713e5aa1
reddit,1,reddit/1_fake/0609.png,5451829,1710668984000000000,8c91e0a520e76cb031ac66d83834505d5240922a7374c10cd32b20b8dfff2b3e
reddit,1,reddit/1_fake/0610.jpg,293524,1710668988000000000,80c69612a021c082d0a834190d00927c11630e5556b54c4894801d37f1dc8048
reddit,1,reddit/1_fake/0611.png,3785627,1710328240000000000,095bf74610bcce8029b2ebd5622f989986a431f2ac1f9c4bfe534cab812374c5
reddit,1,reddit/1_fake/0612.png,3326969,1710668986000000000,b3d7104e89267d3f75067618ab21245d465658a5bf67125aad1e7188acb2ef3a
reddit,1,reddit/1_fake/0613.png,2050851,1710328238000000000,3c514ef8c6fe9795c6a44ebc0ea794d2525c78dcb4f379d871df1d26e6dd34c9
reddit,1,reddit/1_fake/0614.jpg,392980,1710668970000000000,b4c53a7e82e5e095ef06daba5ef363ef5b72669f9aa20b3f3989216c61c39a8e
reddit,1,reddit/1_fake/0615.png,4336740,1710668988000000000,f6e8d97b8476e1d0d936d367bfc5a60e73bd61cb7089100f0969bc31bdde147c
reddit,1,reddit/1_fake/0616.jpg,90788,1710668984000000000,3c4089af78ef0eca4d5621ddc31c77ea2bc1be8b587743bea5b20876c9d70fc4
reddit,1,reddit/1_fake/0617.png,5414331,1710328242000000000,2543a05d6a5c13fe504a630e4cbef1a20be7985e5db877d128b306b329331d61
reddit,1,reddit/1_fake/0618.png,327251,1710328230000000000,3b2380c83233978c73d1d3c6550e090e5b17e1c6b3df5ea1f6564076c1279c83
reddit,1,reddit/1_fake/0619.png,1231189,1710328234000000000,3f5496c54b81c4be153dccef89186a8d01c46d465ec46445ef1934ee498acfca
reddit,1,reddit/1_fake/0620.jpg,3608438,1710328236000000000,399d61ea98d2852dbc4b845a17dbeca44f2ec5d43576ff18b35f2370469eb6bf
reddit,1,reddit/1_fake/0621.png,433859,1710328230000000000,5a2d74e42b3d44b6a67d2e27fbdbbc2b5edec95cfd5dc7a799db88b61580b90f
reddit,1,reddit/1_fake/0622.png,3041902,1710328232000000000,9a757808ff347ecd5d78248950d9087c6fdf38a6035ceb7e96530be300754c2f
reddit,1,reddit/1_fake/0623.jpg,124546,1710328234000000000,7b43ae870e939dbbaca1f3f4c30e1564874e55ebb14427f6c4ee7e486bb51d84
reddit,1,reddit/1_fake/0624.png,626731,1710328238000000000,f2de1cddba391e610cb0c6b95a726f61b8c70a64a4454353941b54133e4d2ff5
reddit,1,reddit/1_fake/0625.png,2661486,1710328232000000000,81e824f37282d05d78f980ee384a8ddd899ea35edb5e141e31d1a4fa4b253124
reddit,1,reddit/1_fake/0626.png,1647627,1710668974000000000,660170363ee8c8b2f6c3b9270191d06658c66a8aa3ffdd86a26e3e54c7965ae0
reddit,1,reddit/1_fake/0627.png,1035203,1710668994000000000,d96e54e3eff1c24d83fc71dca27ccdbd102ebfc7d96245b74719b5b127e483e8
reddit,1,reddit/1_fake/0628.jpg,141413,1710668978000000000,72c2bfd0a6d3cad9ea11205ed8db5586ca04c4bdad84ee77b75795c01bad7533
reddit,1,reddit/1_fake/0629.jpg,29601,1710668986000000000,fc03875b024392901df5cfb19a833bb802d23b7b5cdb1ee6a581cd0e26d920fe
reddit,1,reddit/1_fake/0630.jpg,87464,1710668982000000000,4d2f6cab4a4cfc61fc6df0aaf8448fa3d121c479710545316b8c72762d95af03
reddit,1,reddit/1_fake/0631.jpg,557975,1710668984000000000,f904fcbb32fa0aef0efd9b6f8954b2eacaacbf346889d0957f6ec56ec1f6d923
reddit,1,reddit/1_fake/0632.png,511485,1710668982000000000,5d316a5165633da2b7325191af02238324b169db5dfea2d79a5bf2d786334837
reddit,1,reddit/1_fake/0633.jpg,68449,1710668970000000000,772156c1817e2bdb721eab1afaf4884a8468f4fcd01b9a2e17d0e1dde438e4c5
reddit,1,reddit/1_fake/0634.png,1822855,1710668972000000000,19cda1bfc0a8b4ddbe72f1b8cf77ee630c8ab4f35a929ccc4a036d6fb076d436
reddit,1,reddit/1_fake/0635.png,1882092,1710668972000000000,83d08f83307095a2ba581507fffcc690294590626c6ecea9e588bfb87c2715d2
reddit,1,reddit/1_fake/0636.png,3057583,1710668982000000000,de542e03fb42ee33afd3a6562dda0266de6291feffc1742d58a4827b822f092b
reddit,1,reddit/1_fake/0637.jpg,154162,1710668970000000000,f6d48890c8af81da5cd339ec47d8a72b119b29c6c65dabbc0bd60b21b83c97aa
reddit,1,reddit/1_fake/0638.png,1964590,1710668968000000000,7d4866f03da0c9caa889e032c2d3a9c36b12c7a4d94940dafe40e599e06dac33
reddit,1,reddit/1_fake/0639.png,1577015,1710668976000000000,2493cf8565c592a92ec2debbd587934d60ac329fc73ab5bb80692e9ab547cd77
reddit,1,reddit/1_fake/0640.png,564329,1710668980000000000,3bd3bf69f427e35e65f88d32e97588607f830bc3075aaf178fe80a3b4f838951
reddit,1,reddit/1_fake/0641.jpg,188741,1710668974000000000,6288fde1c2ed990cdbc6db5222d76d9cf59b483b939ef0c087f83eb9e91af8a9
reddit,1,reddit/1_fake/0642.jpg,560383,1710668976000000000,2a7a41b5ec649b1bc8991b8b00e66eaaa4a7b45a38f148a135971c823b628cd8
reddit,1,reddit/1_fake/0643.png,324267,1710668984000000000,7a59813eeec339ce68c0409520bc70e7490d23dae81aba3cc37a515b93ef3486
reddit,1,reddit/1_fake/0644.jpg,680095,1710668994000000000,441d3fbc4d3e65a808c29b3c551acfa4f5e97b9586879b0e4914dd96e386c8ae
reddit,1,reddit/1_fake/0645.png,1861471,1710668970000000000,7a414a26ab6831435626cfd1a0e100f9ad65f4e9b74a83361337712a2a074b6b
reddit,1,reddit/1_fake/0646.png,582361,1710668978000000000,ccb0e1d715f24b6d7bbf1d01a80d48c9fc68a555a695be964e78dcb8f845bd2c
reddit,1,reddit/1_fake/0647.png,947652,1710668984000000000,c6ed5ea6dc6280503909000b0f33e9652be6e3c43ea936ee096af9d6d30c5e65
reddit,1,reddit/1_fake/0648.png,3843238,1710668974000000000,4af590301adacfda06fe84ea4ff1dd74a6dafc83a82ed84e576024b76427bf05
reddit,1,reddit/1_fake/0649.png,1426896,1710668990000000000,1003e4028cbfcc82861c01ec11670f39230ceda43337bcda3cbdd97d5fceea90
reddit,1,reddit/1_fake/0650.png,3323990,1710668976000000000,dfcc40da8d8d47fd9a13a02fa11b93345645f1e76f3e1a2736cabd62e38f3f9b
reddit,1,reddit/1_fake/0651.png,2025402,1710328252000000000,60d626cf5c33e13f8e2bf5b95de011abeb0a05e2480500842a4fc40d1afa5ba4
reddit,1,reddit/1_fake/0652.jpg,50377,1710668994000000000,960c8009d66aa9fba0ca4076b299946df356805a7fc149cf527a4e2997481e69
reddit,1,reddit/1_fake/0653.jpg,128412,1710668990000000000,287501ff42897c5b71cca8fc16116aab68cce1542d829cca9774f0d97498d3dd
reddit,1,reddit/1_fake/0654.jpg,160355,1710668974000000000,9690c996159c965fd68475babe718b6a1b6c2e4ed691284bd52c33a7fbf2d814
reddit,1,reddit/1_fake/0655.png,4952509,1710328240000000000,ff07f14a1d5e58e1a09936f3380bf3f0e871da2110a7d11c40fb35223f6d2969
reddit,1,reddit/1_fake/0656.png,915439,1710328234000000000,2a1e28c722fe387745ba2597632b2aa9aee5df67acbdfae04214cda329029c12
reddit,1,reddit/1_fake/0657.png,1178151,1710668984000000000,952b20f033fd572d099958adf87824b47fc3bdad00368d4a33b5e340b3f5a99e
reddit,1,reddit/1_fake/0658.png,1246945,1710668984000000000,9d1cbc246eb76024bcbfd25a26e017fe1e6e879660bf896f22a3b331353dfbbd
reddit,1,reddit/1_fake/0659.png,1429329,1710668982000000000,85a00c8c09ddd2b86e4d9edb59104681c3e178c69bfde8a7c7169f309812adf5
reddit,1,reddit/1_fake/0660.png,2505782,1710328252000000000,19dcd121f95f39354f3d2e7e9e638e62b3aba8d009eb5ba56ba22a36133bcf6f
reddit,1,reddit/1_fake/0661.png,554204,1710328246000000000,e11cfd94042a0768680ab43b81035e2bfcc507e18ca64a4ba56bd1e1bd99d736
reddit,1,reddit/1_fake/0662.png,4469952,1710668984000000000,ddf4b4d533fdf86ed2dd8ae1c054852823a477488b3ea2dbf99b17642c0fb6af
reddit,1,reddit/1_fake/0663.png,3780856,1710328256000000000,f3c2aa3996cbacd9ecf852901aafe80c486d2a62ad26232a07cda4f4da257f92
reddit,1,reddit/1_fake/0664.png,3780856,1710668990000000000,f3c2aa3996cbacd9ecf852901aafe80c486d2a62ad26232a07cda4f4da257f92
reddit,1,reddit/1_fake/0665.png,5528716,1710668980000000000,13c8e54a289eebfc0e2002e451458cf31e1a0eafd35ed5d0ce4bfc41cbfb28e4
reddit,1,reddit/1_fake/0666.jpg,86185,1710668982000000000,8bcbc7cdf82fd20ef6881586c21272cfe1ed46f38ba44d516528f9985d244024
reddit,1,reddit/1_fake/0667.jpg,84907,1710668980000000000,649d2f931d2d1837c90bf5e7badb0ea3ff68a54faa90eeec832728f105a2a834
reddit,1,reddit/1_fake/0668.png,2571597,1710328238000000000,0af377e5a6fd413507c57b074a9656cd46bb64cdfa683caea87fe4c5e0703ba3
reddit,1,reddit/1_fake/0669.jpg,21314,1710668994000000000,772a0c0669000d1bd830ac16231c85cea8b39ffadb045de391417dc0a7ec2aaa
reddit,1,reddit/1_fake/0670.png,765990,1710328234000000000,0db94401036abb69351c1bc1bd9372eae43ddf51695375f1332f3111efa2f8a4
reddit,1,reddit/1_fake/0671.jpg,88863,1710668974000000000,a2db97346f682dd9ebcd622f05dde05ec3d091b3621295f6148dd7a07a8662fe
reddit,1,reddit/1_fake/0672.png,448310,1710328252000000000,bc83a720d8a00371ac97e1d7a398101536cf4be375ba907b9b7579c2cc6e1371
reddit,1,reddit/1_fake/0673.png,1362079,1710668982000000000,765b88adb696eb73a6864f0ecd3e85b74e3f7f93cec5f30ac062b427f3f32a06
reddit,1,reddit/1_fake/0674.jpg,611162,1710328242000000000,838956ab3748af12bf1b77ba9f19bcc89e115963d1b1c8fef3166c31b1f045b1
reddit,1,reddit/1_fake/0675.jpg,658591,1710668986000000000,9980d54b7c43a0a201387b1ee48da63784d2712d0ba05101abb9abdaa4ba3813
reddit,1,reddit/1_fake/0676.png,1158857,1710668980000000000,1cbb4bd316597577f288e41f8e228d3ca005120bf326c2c589154d137a8f8866
reddit,1,reddit/1_fake/0677.png,1965544,1710668976000000000,efeb6c30bc3fb54a9b0610ebabbfc1b1453425dc64c1ec57b80888d81ec58fe6
reddit,1,reddit/1_fake/0678.png,459753,1710328254000000000,7c13f0adb73dbce587188268f1bdd669eb64e79f97c6396eb0766e2a0090c6f7
reddit,1,reddit/1_fake/0679.png,7479025,1710668978000000000,fa8ca0dbaaa1d0d992602a902857d582df91f8898572ef828b3017bf96c84516
reddit,1,reddit/1_fake/0680.png,1299863,1710328260000000000,c8ae0e06a035d60816f865287e8c2ada5c60af3994e1ecb6a67b03f54c1d0e67
reddit,1,reddit/1_fake/0681.jpg,129704,1710668984000000000,9918a5113256378c39d896d11e9c846d1ba9e03c02797a9aefb4086cd712084d
reddit,1,reddit/1_fake/0682.png,2377973,1710668980000000000,a8a6741c2a8043b65161126b9f0a6339a1c6b31d40532131d0bcc0c249936849
reddit,1,reddit/1_fake/0683.png,349458,1710328238000000000,4ab93b2c2fbf903601fb4ef7efd8828cda017917fbc9c7dded2e515c0a93f808
reddit,1,reddit/1_fake/0684.png,1330202,1710668984000000000,d8b1a685d27d516d4a6fd48d93178ec310846b8822dc941ee10ae152f0395299
reddit,1,reddit/1_fake/0685.jpg,608473,1710668968000000000,3939c1b9561c6d7517174837fc22a062b5b9653584fb16b71b644eceac242579
reddit,1,reddit/1_fake/0686.png,1321009,1710328236000000000,9bfff74042a0a1c33ea9061cfda61f60f9e11296e8433ab2ca9a6d047fbdd73b
reddit,1,reddit/1_fake/0687.jpg,591462,1710668978000000000,af7e401dd7c87b14ec3525bf198bd786f551ba9fc2c057ea98df8bd1f42e1a41
reddit,1,reddit/1_fake/0688.jpg,356016,1710668970000000000,304a534024ed425632770a46e8fd79a603b1244911864f833a5411bc9b8e0959
reddit,1,reddit/1_fake/0689.png,1310352,1710668980000000000,94deb43c8f301d858b080be377b42eb7d702a69b3fe2ed950d7ee1c7204a0015
reddit,1,reddit/1_fake/0690.png,1097603,1710668978000000000,2b5f6ae0a9af4e776923b5aba7d9c829a0ed80cef5b31fab57c21c244c2b989f
reddit,1,reddit/1_fake/0691.png,6115999,1710668974000000000,2dd3544e634ccff2a3e4ce2e8cdcd828212f1b921e4b39844f4af17bafeafa52
reddit,1,reddit/1_fake/0692.png,761014,1710668982000000000,e139de11ecf3548f65529bfc590cf7ac37e196ef7827754bad897818ab5ee6cc
reddit,1,reddit/1_fake/0693.png,1012998,1710328230000000000,46171c1c6e71ac7c9ceaa92787ea2a9dc5e4257aafda4fd9c2e2fc17ece8fd5e
reddit,1,reddit/1_fake/0694.jpg,93414,1710328230000000000,32b619a397d6001309a918d30d1e2be33e3191b19a92f4bb48b5242bfefc6bca
reddit,1,reddit/1_fake/0695.png,1408925,1710668968000000000,0cb2ce5aa0da33421d39464c1dc6eb2e4cffbac00d0fd6e148c1aa0ae59706da
reddit,1,reddit/1_fake/0696.jpg,166834,1710328252000000000,7dd87be2abafa837fa1674ee313ed836e8be7a29aba53b60543ee1616a3187fb
reddit,1,reddit/1_fake/0697.jpg,291331,1710328250000000000,53a4a68d276dfe0f03c1a792e765cf79153f85442739ed18100f5adcb7a69111
reddit,1,reddit/1_fake/0698.jpg,291331,1710668980000000000,53a4a68d276dfe0f03c1a792e765cf79153f85442739ed18100f5adcb7a69111
reddit,1,reddit/1_fake/0699.jpg,28294,1710668990000000000,3985ead90070bbf57a1640b83b00fa7d7f8721c60399d893c894e5bc3cdca25c
reddit,1,reddit/1_fake/0700.png,571941,1710668974000000000,28d8aeb143587c272988ed2fb71b4dbdbd2e72f0d11b679c4dc518ce73832f86
reddit,1,reddit/1_fake/0701.png,1571707,1710668980000000000,08df30a030bc2cff908890b1d3334cccae9052a201cda95eb2d0d744f9424485
reddit,1,reddit/1_fake/0702.png,1410806,1710328230000000000,591ec630daf73ba82b2ce8f4d4795498f0865518ccbec3104124986ce07d68eb
reddit,1,reddit/1_fake/0703.jpg,148660,1710668976000000000,4d5a6c9c8351ced923ef48c25c2c75b24b2846dff125aa11c9e7faa1f7471211
reddit,1,reddit/1_fake/0704.png,293408,1710328242000000000,6b697a6f6e79d003872f3dcd71f04206f7b860de5cf2af85e7e6f7bf0bd599cc
reddit,1,reddit/1_fake/0705.png,1596678,1710668992000000000,b862c2e60b047f1dab5c0b03ebf6470d0ba28dbe528ee4573d9ba43f49b612ca
reddit,1,reddit/1_fake/0706.png,1732927,1710668990000000000,16e44593f998799dd7ac29fceacc548e3cf174844b9a740409c34ecf90d5e4e4
reddit,1,reddit/1_fake/0707.png,1722471,1710668984000000000,54217eb34133eb69ca786790222701ce19c329dcebde1b97d4edf8556b905cd6
reddit,1,reddit/1_fake/0708.jpg,52958,1710668980000000000,3086d5d7b72b4ac7c69bcbee807be5cbef89d04903f9188ffd564c415e9bfda3
reddit,1,reddit/1_fake/0709.png,908444,1710328240000000000,ca47c602d8c28c6342718155450be37031f727f38482659c6a2792f601aec05b
reddit,1,reddit/1_fake/0710.png,1688236,1710668978000000000,d6dcb333934a8a60808fd40626933a40dea7df5a0569fdeeedf0bbbddf838614
reddit,1,reddit/1_fake/0711.jpg,1226379,1710328238000000000,6681f4bc3cf626a498a524fcc7e81cf837ee205dc4b3b3bbe3f12c7cd545b8af
reddit,1,reddit/1_fake/0712.jpg,1339713,1710668994000000000,cfd96fc04237797ca3fbda28f2936973675e665e51d2a259b0a790b3437e3cf3
reddit,1,reddit/1_fake/0713.jpg,103424,1710328254000000000,6cefb0e62df974c317ea81cbb00339a5630320a633f0d1f8965bbe6b71e8380d
reddit,1,reddit/1_fake/0714.jpg,59602,1710328256000000000,ea5df8122490963cdc821d47f7b5ee740a4a61f423db6cff675406e052d6be7f
reddit,1,reddit/1_fake/0715.png,12068912,1710328258000000000,e1550529b6b2895688ab2c49e8c2991bfcd96c40b517f875be8eeda3684310e5
reddit,1,reddit/1_fake/0716.jpg,123399,1710668978000000000,c8acc027238d805477da720d7965405ecc30be60767d438c6a27d8daad4bb2c6
reddit,1,reddit/1_fake/0717.png,908993,1710328242000000000,b5a5b401deda55f3201a23f20ee7b2f3721a3c330bb8e8c3beec9bdfb19b50a2
reddit,1,reddit/1_fake/0718.png,1530127,1710668974000000000,91b1e3eb7390ea6e3d37db5cfc3584ccc817f476c4a16432e90c2ed698473b57
reddit,1,reddit/1_fake/0719.png,898478,1710668980000000000,938213d815d90a99f7153fb796979a8c7d2f719f7146b05e1be342c7bb424146
reddit,1,reddit/1_fake/0720.jpg,102868,1710668990000000000,9054f0148a42242551474bfc782a0d78fa2f10115bfe09e4cf1413ebb295a57c
reddit,1,reddit/1_fake/0721.jpg,127993,1710668978000000000,abe22b4680022076d129cbe41139bf01dd28eca82c9fd3c01bb0716c4dc3bf53
reddit,1,reddit/1_fake/0722.jpg,30402,1710668988000000000,b85dc11b7c3ac7102550837b4cd413402c24a1bb47ac507aa9e8a7657060d423
reddit,1,reddit/1_fake/0723.png,630327,1710668988000000000,7dcd06397d456bc1fc1f5304d14fbf4890fbdf8168138d9545a8a076fc00963f
reddit,1,reddit/1_fake/0724.jpg,79432,1710328258000000000,d8aa9f5f7d9c00363583545c4dd3ed07c336aa55e5a7e74394a8b9fb755faf25
reddit,1,reddit/1_fake/0725.png,1234651,1710328240000000000,63a37a736bf3ad8d0f9f2dba16b604e114bb789cce1887c570e3db2189ab98c0
reddit,1,reddit/1_fake/0726.png,1560486,1710668992000000000,7356c75330278ea961e1ce5e54f2d81d41a0f4954cd012ccc047c5d2d25a44a9
reddit,1,reddit/1_fake/0727.png,1690643,1710668992000000000,43f7a16856943c3093f500174b6a519bf5bbe98bb4885c85ef58d7aa3b6bf909
reddit,1,reddit/1_fake/0728.jpg,955126,1710328242000000000,2ef81b6ea46b702cf1a86dff816510b786958c4c39b6cdb6f59b91ff9fca0a9c
reddit,1,reddit/1_fake/0729.jpg,117626,1710668970000000000,787dd98d1ec12131e40f9b553bc50040356c7dac3a896127fcb7ad60cf795910
reddit,1,reddit/1_fake/0730.jpg,299133,1710328252000000000,ced9e8cbad136898963e1164bbdfff7d1e7efd64df5cccfc6a12149a6d804e4b
reddit,1,reddit/1_fake/0731.jpg,119590,1710668970000000000,1679b968378e92c00deea16672769940649e2c9331be497e14fd8a5c5fbfb9a2
reddit,1,reddit/1_fake/0732.png,1190032,1710668970000000000,ef3867292001790dfd28e03c2ffe7310a58ba8fadfc621ef5bf7fc2af67e7919
reddit,1,reddit/1_fake/0733.png,473271,1710668986000000000,cb55a8690668be5028ff17333a6b4e3455ce726b0947735af5e867db39694ecb
reddit,1,reddit/1_fake/0734.jpg,175160,1710668988000000000,7ac9004ba214910bbeaa796c825c86e89e6ef02f144278af767e1452eeba809c
reddit,1,reddit/1_fake/0735.png,983856,1710668978000000000,e0a969d9943b5194a274c38ee763bd1e5b8240c6620a8df640c5d0ec8ac81783
reddit,1,reddit/1_fake/0736.jpg,275589,1710328246000000000,eaf072459652eea5c040f3fc9bbf45f94c5917f7db7e562f7d2d015edb9f09f3
reddit,1,reddit/1_fake/0737.png,1435125,1710668980000000000,63b41c64ffebe9dedeed56ad0d1376d0a2c5fde372ab20e97e8a21f7a3f3dc03
reddit,1,reddit/1_fake/0738.jpg,81471,1710328234000000000,8c25083881eb54c5348d5d1886a341b58792b8b4a6f869c7e73b9351674ea84a
reddit,1,reddit/1_fake/0739.png,491558,1710328242000000000,9792c3186213f3e0e7895ec3c539653f906aafdc62c028d3b81a887c9ea2d6f2
reddit,1,reddit/1_fake/0740.png,491558,1710668980000000000,9792c3186213f3e0e7895ec3c539653f906aafdc62c028d3b81a887c9ea2d6f2
reddit,1,reddit/1_fake/0741.png,2058909,1710328238000000000,55e9d18417485dc2b4f6983b2fa5ef243b3bca674632a98b44097cbbe7c0320b
reddit,1,reddit/1_fake/0742.jpg,326347,1710328256000000000,3e4f561b5b6ba989a73b4db5b31dcf7a44dac03ed4b89005b4ce98340092fabb
reddit,1,reddit/1_fake/0743.jpg,48663,1710328250000000000,97c456544db96096719c2d2f933a1f0e03d0df71fea54995b52738814ae6cb5c
reddit,1,reddit/1_fake/0744.png,1057676,1710668970000000000,19ff5095d4b5ea41947d6de1317a59a28e2c3dd0ebf5f849640bb30ecfb0b646
reddit,1,reddit/1_fake/0745.jpg,124017,1710328244000000000,20f975a54cd7c3512fc1f084497caca854181520117c3f1d3142603ea59da858
reddit,1,reddit/1_fake/0746.jpg,124017,1710668982000000000,20f975a54cd7c3512fc1f084497caca854181520117c3f1d3142603ea59da858
reddit,1,reddit/1_fake/0747.png,615841,1710328240000000000,879350258a3f4d8cfe8808e96fa39c30aba2be7e38a5b41d5de720130b846b8a
reddit,1,reddit/1_fake/0748.png,2059571,1710328240000000000,be744b2e15d7f9c1f58512648acdeb8a491a32b389607a8ce65f0abfdfd61625
reddit,1,reddit/1_fake/0749.jpg,284683,1710668980000000000,1a1dbe439a7e831e8ea4290fe606c6520234753c02d8937e5fb12d617ee23338
facebook,0,facebook/0_real/0000.jpg,108400,1711270382000000000,80ece1bbee4baab37122c3d0dddee919c99012835e0e768889aef6b0d23b4e35
facebook,0,facebook/0_real/0001.jpg,222805,1711278014000000000,3213f40fb4041719719d7cd2973258024f4b9e6b355be93a7fcaee9812ab3f3c
facebook,0,facebook/0_real/0002.jpg,75056,1711270014000000000,77f6424213d2381a9190e7e664088a9b9a8b252a58959580a013b3f3d2596f37
facebook,0,facebook/0_real/0003.jpg,68766,1711271824000000000,bd874762464eb906b73504058bb28b6c2b77a5e2011b0fe1fa12bf0d0c1b81bc
facebook,0,facebook/0_real/0004.jpg,331286,1711270762000000000,b62cef42d49c70752cf59c6d75bb33f24c373da12a54b913ef8b9d38522b6972
facebook,0,facebook/0_real/0005.jpg,50920,1711270746000000000,4daae599d244a992aff49b9aaacc2f9098f0e9630bbaa29d6a3f68a96d60a0d5
facebook,0,facebook/0_real/0006.jpg,69256,1711270308000000000,524d7bd8df6f504c235872a71c439925da3065320ae821a86ca15e86f67c99bc
facebook,0,facebook/0_real/0007.jpg,380834,1711270290000000000,2b6be58acd565178dd4475c57f01466fdf80f6ac5fdac9feef1f14586c4c6923
facebook,0,facebook/0_real/0008.jpg,322082,1711269530000000000,624812e805c2c32204ceaf794f6cc9e153ffaa7dbcb5be0ee056c9d27513e08b
facebook,0,facebook/0_real/0009.jpg,117413,1711271990000000000,7126544f8a7706542d922f19b213141c4bf41aafa1bf968f24130274f4239ca6
facebook,0,facebook/0_real/0010.jpg,298034,1711270128000000000,902e5da48bc429ef142b4194821a4ed42905f69921c9dba0ff75c1326861c4b1
facebook,0,facebook/0_real/0011.jpg,380349,1711271970000000000,1696f7815673cdaeb907b0f6205a95acf8b9d2edf4cfb607d91782b235d53188
facebook,0,facebook/0_real/0012.jpg,73848,1711278086000000000,d61c958d05ed43eea89a3a529eab83b982a24754f5c013b84e8ed72d8443059a
facebook,0,facebook/0_real/0013.jpg,262998,1711278934000000000,59e7599dd380be781f78b82ddec699b192904543c3c28b7fb65f03dcb9215fa6
facebook,0,facebook/0_real/0014.jpg,261376,1711278914000000000,6883e912308ff727fa54f348b6320ca40bde8ae5083709136e5f94e2515f3c1b
facebook,0,facebook/0_real/0015.jpg,84104,1711270342000000000,30661f0a69da6e165499c0a701d830372fc3b28114025fcca9a0ab1ddfad97f5
facebook,0,facebook/0_real/0016.jpg,81039,1711271634000000000,8fcacb423ffd74ce50a917e06f45e6dabf162960774fbe828fbd6cfb45936d47
facebook,0,facebook/0_real/0017.jpg,101548,1711271620000000000,398ce90dacfd30b09a8d357d1234488a424a929ceaae4e3d7167de344602cfed
facebook,0,facebook/0_real/0018.jpg,51604,1711278864000000000,de6c149e4522f1c595e525431fe76aa388a5efff09e86f7e256a5cf9928d270f
facebook,0,facebook/0_real/0019.jpg,102095,1711270434000000000,a65a3cfd29fbb27ebd5289e44baf2e1f419671893dada196bf0b25f8bd271446
facebook,0,facebook/0_real/0020.jpg,56439,1711278842000000000,cd84d49b6eb1c0b35596f12602267c7ea5e8e998e8b302e2be43094393179514
facebook,0,facebook/0_real/0021.jpg,96964,1711278826000000000,e5f7fb721a3a50d8afe492c4f2d9656e2720a53d8998855ad932f0fd0f6db58c
facebook,0,facebook/0_real/0022.jpg,118848,1711270412000000000,2c059976d8b98cdb3f649ff9ff0398e77aa12c8716fb2427d6b362aef4af14e2
facebook,0,facebook/0_real/0023.jpg,203283,1711270444000000000,2960052ede2675c475db7188384c7fd4200895d870304bc292df8c7b97196edd
facebook,0,facebook/0_real/0024.jpg,141475,1711271598000000000,ebbd5d5f40020df0b5012c9d04b71cabf9920a2b885d7f1884c2fe736e21bf55
facebook,0,facebook/0_real/0025.jpg,149776,1711278802000000000,1ecf433ae77f4c7721dac3e46f12b402159f7d8bc0682dd5c0d994e841941ff9
facebook,0,facebook/0_real/0026.jpg,295358,1711270460000000000,ee79c75b712b14bb43331f001819715003904d2bf3544930d75fd6eb926143b2
facebook,0,facebook/0_real/0027.jpg,122929,1711271582000000000,7de819afafdc6d87f8fe27c72fd61ba0f53d4a177a90625584ecf8cbeacb979f
facebook,0,facebook/0_real/0028.jpg,224885,1711270484000000000,ca6f47fac0725b82570e6fa4406a956bccbb7b4cfff132952e89a4cf5cd56883
facebook,0,facebook/0_real/0029.jpg,151256,1711278792000000000,90b9f24ab9a1afdb9c7ea21440455e24406ce5d8cdf2bbd2988893e38eebfc1d
facebook,0,facebook/0_real/0030.jpg,86085,1711271542000000000,24a39da8319d57a937e32086cb05aacac9ca164a5a436a53dcee18f0e97dd496
facebook,0,facebook/0_real/0031.jpg,575077,1711271964000000000,3e5214a4b8fa2011e6027a4cfbb8e33e57f0ee07858c13570b07c36d28133090
facebook,0,facebook/0_real/0032.jpg,79059,1711270510000000000,121fe3cf861c937e3522794cd196e338bd98d3220191e48d09a9126a53e8f111
facebook,0,facebook/0_real/0033.jpg,352944,1711270108000000000,0958b4e0784ffa3daba87b19f90eb2273d3b066f06b64a2453b2fcd5e13811ba
facebook,0,facebook/0_real/0034.jpg,212827,1711268748000000000,9a738d6806d919348e2b4688087bfc2d666b29afe213af9e62ff60a36d79d055
facebook,0,facebook/0_real/0035.jpg,254519,1711278720000000000,1aa7200b20df1aab3e14405400ee5c316fb265ab71e96fb9ff0803c80c5527c5
facebook,0,facebook/0_real/0036.jpg,368936,1711268730000000000,d288f0825851d4a0111aec3a582573a55b46cda9e17da7d5a3ba86c43a383610
facebook,0,facebook/0_real/0037.jpg,68633,1711279220000000000,b013d11993df8c0fe5c4c3f649703fcab7645d12f891d1fd145553a7a9a077e0
facebook,0,facebook/0_real/0038.jpg,277118,1711278700000000000,102f96e343f0dc62bc08c0159c523cdfc9aa66af1a734b0767805ccf48fd903d
facebook,0,facebook/0_real/0039.jpg,253559,1711274880000000000,ba4ef17ac9ed2e0339343cec1824af163dd6af3820c8eee0046d096bfdb134c7
facebook,0,facebook/0_real/0040.jpg,456048,1711274856000000000,19b322e20fc51ac77b574e4ce3127b75f3b6669649f8de72f14c33a1802d9122
facebook,0,facebook/0_real/0041.jpg,73820,1711272890000000000,fdd726ce8788bb5ed133334781ea3fa28135ee8b9aef5be9fcb6f4fdebfb0d27
facebook,0,facebook/0_real/0042.jpg,265293,1711277976000000000,11391587a23dfe27c927b2fe1e255e33ad0e17533ad9057df15b868a7de563df
facebook,0,facebook/0_real/0043.jpg,123559,1711274504000000000,242a6df4f0741390af42bb235f020e63f51d5ced664a14a8c20f1c967a63720b
facebook,0,facebook/0_real/0044.jpg,188106,1711274794000000000,b7faae0605911d0d5ecf857c573e69d700bdc69cb334ece3ffc50bbd365e9d87
facebook,0,facebook/0_real/0045.jpg,152347,1711274442000000000,a8964aa526d9487d17299f84445ca8b4b6d5e4d2834eb53812c6fc2ffc693cc3
facebook,0,facebook/0_real/0046.jpg,111240,1711274406000000000,e3a6bd68a01613c849bf1ded905912d956b1928f6de1c7ee186db1cc8180ccc0
facebook,0,facebook/0_real/0047.jpg,101918,1711274388000000000,3afea77ba71df2d48f93ecabc3926c08360c4c8c94c247af408ba77eec58ff21
facebook,0,facebook/0_real/0048.jpg,179377,1711272898000000000,9ac06810995ab4242141c0f7ba4454b8d83fd00b642e984ef6c00abfaf1392d1
facebook,0,facebook/0_real/0049.jpg,149629,1711271080000000000,0aaede6ea9516ff432e342c7536ac5d9301e4f737df24b77dc5cdc0b609bc251
facebook,0,facebook/0_real/0050.jpg,271056,1711274282000000000,abd1a91ac822779ea59213a425bb02820f4d9ea0b7b9a46260c5ebb0006343be
facebook,0,facebook/0_real/0051.jpg,71580,1711268888000000000,f3bf189f855e6eb71190b167712c0c882567f00fc16060fd8d3aaccfef075207
facebook,0,facebook/0_real/0052.jpg,38620,1711274170000000000,90437eb0adb4010a4a971ce3aa457361ff7a7779b93d457de5b64702442c7aa0
facebook,0,facebook/0_real/0053.jpg,248199,1711268668000000000,0417a68bbb20a508eaf9659a227a4feb39e21c93f4758dc6128b1b4f4e9fb279
facebook,0,facebook/0_real/0054.jpg,115209,1711273508000000000,e57d86013f8e9cb32663519bca210492e2ac829955fbff0edceff66533839412
facebook,0,facebook/0_real/0055.jpg,205286,1711274724000000000,0ec42f0d113e017ba6c9e9af891560ec0ddaf48702a39d6db192237edabf6abe
facebook,0,facebook/0_real/0056.jpg,621226,1711272092000000000,c83c35265575852e03b08ca049817ab8475f7db41bbf5584d20c230f0dd509b3
facebook,0,facebook/0_real/0057.jpg,100595,1711269818000000000,10794d0ece3c30dad7022593eca3af7e32c5c8e9976f6cdd168f28500d2fd831
facebook,0,facebook/0_real/0058.jpg,96168,1711273550000000000,b32ece99cb36e0e4af294e031c670189a5d3fead0a8bdcff3380dde531ddcca6
facebook,0,facebook/0_real/0059.jpg,57233,1711268684000000000,a5ba55aa9dbe42c1ba08998fd80e00d56fbe69091a2d5e803518d64367142a66
facebook,0,facebook/0_real/0060.jpg,80460,1711275256000000000,31d33e6b2fae13150e0036ee60cc45bc395a7f18508f76694ef60b9381548463
facebook,0,facebook/0_real/0061.jpg,52640,1711278338000000000,27f4e556e543bfff680abbb215c1cd00a0ea55af84d0b11d49597450d67d6e96
facebook,0,facebook/0_real/0062.jpg,195915,1711279008000000000,452f00fb462f7b3619601c58cd259830e710aaea93d878b45cee87b6c8702dd2
facebook,0,facebook/0_real/0063.jpg,56453,1711275220000000000,c0d82526152d4ac85594a9bc86649088679a2ec1541ae56dcfd8974e7684c476
facebook,0,facebook/0_real/0064.jpg,192866,1711268530000000000,00837edcd31f2e61999aad9622c491ba4126f6a13de2d81784b24981d905c3b1
facebook,0,facebook/0_real/0065.jpg,134718,1711273108000000000,d5729272c71b9124595ed6446a6af80758d296e8defc3e971b7bf7890fa93b77
facebook,0,facebook/0_real/0066.jpg,50915,1711270680000000000,4153ae18e48419a3bdfbf9e9991db836223732801a8dab5ca20b19743246bbc8
facebook,0,facebook/0_real/0067.jpg,60941,1711270656000000000,fd53287ecdaa2207eae1a4e2c188903fdd2a0e5b7a8dcad146ed6420aea62479
facebook,0,facebook/0_real/0068.jpg,261968,1711278120000000000,80dc5eda4dbf026480b075a521663d218e41338f7db22efdc1d4e6d9a80b030f
facebook,0,facebook/0_real/0069.jpg,326146,1711275170000000000,7dea5b6b2a1ceb8640151c84087e4ca2e4365eae32b58a5519e63af739262c25
facebook,0,facebook/0_real/0070.jpg,135417,1711275142000000000,7a5d26f2b985911c337e269eb91340284f2d6fd1482ed4c09c26b56dda4f62b1
facebook,0,facebook/0_real/0071.jpg,177548,1711275130000000000,468ab380011d6235ef5372df82431c0a2aac5bee9189787ac58bc06b0a6a22d5
facebook,0,facebook/0_real/0072.jpg,113004,1711273530000000000,53cbf470a32c4c01b98010d9c2f74f91baab607aa2aa68618ae73354b65feb90
facebook,0,facebook/0_real/0073.jpg,177133,1711273062000000000,0a07e4f9ae68ac89c5272bcae10f65a420f4ec06b11bdb1dc2857ebb7678ac28
facebook,0,facebook/0_real/0074.jpg,202056,1711278112000000000,fafe46335db0d74a4471c2f698dd9a11a7417aa39c5bf1de0c3475b2b2b2a9f7
facebook,0,facebook/0_real/0075.jpg,248670,1711270930000000000,deb7c187acb4f13c8aea8fd5a7b3420deb66345b665f3c3bc4326808f773a62e
facebook,0,facebook/0_real/0076.jpg,85122,1711268662000000000,76c36254edd0f97b322a26ed4d83e0dccec4250c689c316bede87f0c87cb3dcf
facebook,0,facebook/0_real/0077.jpg,240423,1711268674000000000,114135740f89d40ee0db94899f66e70982167ce2ac6b3abbb793d782fbe1bdee
facebook,0,facebook/0_real/0078.jpg,190008,1711274158000000000,32a019ba07d8a73cf106f2ee4ed1c9a7166db4030188a9b5eb6db0d4a8930b7c
facebook,0,facebook/0_real/0079.jpg,399795,1711278460000000000,ab7c99b7e760e8b205f78f80cbf54d518fb517a086a4e8d5713f1f2fcc01cd8a
facebook,0,facebook/0_real/0080.jpg,232912,1711277922000000000,9ca615379d13339bab1de5c1d5b81cbee255b4c537f6c2991a3f679701549557
facebook,0,facebook/0_real/0081.jpg,236591,1711275054000000000,9b521f79c139031555510279c70c0003b7a1dd4281d6da2ea8bc93f25ba6758d
facebook,0,facebook/0_real/0082.jpg,227916,1711269474000000000,fa1efd9eba4a954f6567811cff442277851c5297657fc5c1ce63bd609bec1159
facebook,0,facebook/0_real/0083.jpg,62667,1711268644000000000,5b7114a61189b923be187a8f26cfa70d1602b3a13b05d1c9930e805d6cf96025
facebook,0,facebook/0_real/0084.jpg,242649,1711269482000000000,0beaff68bd83936d2dfefdd78637996885758e1e42aea8da51792a06f5a9dd82
facebook,0,facebook/0_real/0085.jpg,862796,1711272360000000000,363571f7f2da28dab07cf4392d440a25c4f9a71b37b022fe99ad2288b090e53c
facebook,0,facebook/0_real/0086.jpg,62719,1711279160000000000,cf29c15e3eb56c7a0dc16a6b36a81f90b70c47f7f97d90ba98da12fca556f656
facebook,0,facebook/0_real/0087.jpg,93319,1711274624000000000,ebbdcd91e85189d202e263dcd03775a1fafbeea425f71f540a0fd92885fd2863
facebook,0,facebook/0_real/0088.jpg,257687,1711268538000000000,cb618f34be02af4ec4420b2aadd117ce47638a8317bf4db555825af448ab6378
facebook,0,facebook/0_real/0089.jpg,499248,1711268610000000000,10934a7c1180c1993e086d5a91f538aba02bbc2ac638ef7b11a46847a446d2b5
facebook,0,facebook/0_real/0090.jpg,101102,1711269778000000000,64fe78a1c5a8fe37387192792f9465059d3b2e09537300276447553dc69c0f12
facebook,0,facebook/0_real/0091.jpg,127239,1711269772000000000,78cd05e54a6df748e8dace96bffa458cc81d67c5deeba6472bae620b5f0870e3
facebook,0,facebook/0_real/0092.jpg,346012,1711269930000000000,4978b1cafbf893d6ca33230904b0b345afa92ad57fec867fcbee9d688891225f
facebook,0,facebook/0_real/0093.jpg,325339,1711271024000000000,3f7acff7152f4a06537e2a3b289f67ebeb4ddacfd657dfcf2d583b7c51980eea
facebook,0,facebook/0_real/0094.jpg,73759,1711273032000000000,90112f44524591e3c5d55f1af35ec680555bd135849f0c33b651f788110fe362
facebook,0,facebook/0_real/0095.jpg,119580,1711270906000000000,9d106f1300e0011b81105a46f8298c9c4f9ea7ba5f877f4ac00807bf092e6e46
facebook,0,facebook/0_real/0096.jpg,284992,1711271018000000000,da4273a366a1f7be5cd62d838a53322506ffe6094477315d36db7c9c83f50c5b
facebook,0,facebook/0_real/0097.jpg,115463,1711273012000000000,59cbb9b5bca7af3026b802fa04718d79e36eeaf3b4dca2c3d1ca2967524f9495
facebook,0,facebook/0_real/0098.jpg,78280,1711279144000000000,db57debfc547803f7b1f26df13f8d66e931caed0f5b1b8cafdd26ab63719926d
facebook,0,facebook/0_real/0099.jpg,376939,1711274996000000000,d851f1a6e32c71614ba6c6fdd2af97500d3c41a9c53c17a6bcb5875dab5be8e1
facebook,0,facebook/0_real/0100.jpg,171414,1711273894000000000,d21e755f1fefd5d60f0f70285043d564f23d74a1c5e177febb155133d3150b89
facebook,0,facebook/0_real/0101.jpg,132667,1711272928000000000,c8c364c003d311e1852921d5c49e54f3f0f9307bca56bd10818b795d0b57d6aa
facebook,0,facebook/0_real/0102.jpg,164918,1711273098000000000,11f36b058862f75fc5cdc876ddb1376568985882154de4969fba79f4333c500b
facebook,0,facebook/0_real/0103.jpg,222483,1711268568000000000,4c615f4b9082179da31c6bd7759abb505e0b237be287d24be74942e68cb2fca0
facebook,0,facebook/0_real/0104.jpg,171281,1711269792000000000,88d0d7d28e43107e87fd084c8386d3811db2dcd4c1944aa9f08a880cf6121326
facebook,0,facebook/0_real/0105.jpg,51340,1711269742000000000,5aa5714a8f96ff2d50f8ae3a4e89b7d98be66a7ba23477e04bd7502cfd75b832
facebook,0,facebook/0_real/0106.jpg,209211,1711269734000000000,8f947c822a4c349c0112876563bd78ff423669aaada1e233564bcc4aef543567
facebook,0,facebook/0_real/0107.jpg,639796,1711272380000000000,a154a520051635153b09c8f60877352fe4f9e0b6a270fb14415540e4b0343620
facebook,0,facebook/0_real/0108.jpg,148175,1711273072000000000,ddf0ff19b6edbbbdefb741f8fca65006397d5f3bd6b1f658b8fbaaeaa1d6d41b
facebook,0,facebook/0_real/0109.jpg,169912,1711275010000000000,c95506d6db34bb55a540f330a385509a69ad7b06030cb690afd31971feb4f411
facebook,0,facebook/0_real/0110.jpg,107434,1711270144000000000,c392eef2178fc92c367a5c85ac15aa6e1070b6a1f7212c030d64fa5e3f5f74a3
facebook,0,facebook/0_real/0111.jpg,291794,1711274614000000000,364699dd3df22e1561fdca8df5225a5b433727cb620df58773f826e467108a8b
facebook,0,facebook/0_real/0112.jpg,45904,1711278560000000000,4d69a6716e3fbc7b1ea326884947dbd53751a8416aa20e48d828de807befbe7e
facebook,0,facebook/0_real/0113.jpg,488266,1711272350000000000,ed69f6235b5d3e9bc0080035727e148e03baa1cb6ee5da149576da90628677df
facebook,0,facebook/0_real/0114.jpg,69090,1711270174000000000,d3d19cabb9cf588c44f63e8a7cf18e7b6ecbe1fb0f21df0e927a06e6418b822c
facebook,0,facebook/0_real/0115.jpg,113592,1711279432000000000,1c12f81c29fc58168e0a4ef467a83882cd21d3d7892437fcd83f31a9d655e7e4
facebook,0,facebook/0_real/0116.jpg,590019,1711272178000000000,86aefc61877aa806d8d1370c5dbcf99ff82d384cf3abb9bf72a7ee626fe9c0e4
facebook,0,facebook/0_real/0117.jpg,407655,1711272188000000000,3c3822a2bf150a4693fae6e0a06a1c6e4af26d66114aa09058b2b027cfc30174
facebook,0,facebook/0_real/0118.jpg,179917,1711273710000000000,d152125fbf8e529f6a49bd1dfd8f17dbbee9065feb698ff2113b4ba23dba37dc
facebook,0,facebook/0_real/0119.jpg,134190,1711273812000000000,f092299e330bfab7663f2a26d4a5d10a856e90c04292c618484ec5fabec074d4
facebook,0,facebook/0_real/0120.jpg,317606,1711272080000000000,6196fcedecec603939c4f053e493b0948b2844b9c42fd127678b70a6cd1c9cb8
facebook,0,facebook/0_real/0121.jpg,169988,1711273982000000000,53c81d3b957091772da338c639ebd21f13287792f859dc6b0a3f57bba6a876e3
facebook,0,facebook/0_real/0122.jpg,322106,1711269448000000000,288bf913e0435ad6f8607bc1280467c58dd1cc4d00ea5c924fbc4db2759a6d08
facebook,0,facebook/0_real/0123.jpg,306765,1711272656000000000,eb343cbfe4a4795a1be8cb36fe56f679acd69d746ce21fc1ffb8f61c01804616
facebook,0,facebook/0_real/0124.jpg,693318,1711272640000000000,420856659a461fb1d3bb8d2c2070cfc0e332f1a69f6b12bf626cbccf9242b303
facebook,0,facebook/0_real/0125.jpg,287830,1711272410000000000,175017b311ae8a78226f4d789db801b8a1993bd9849d480b50730319ae0e7ea8
facebook,0,facebook/0_real/0126.jpg,104864,1711271008000000000,c6889f9e4aabcd2d536cd592b42b5a15e4f4c310815ae008896f188185cee83e
facebook,0,facebook/0_real/0127.jpg,66940,1711273624000000000,a10ad4c4bd8816b4a6a5e427baf54575ee137d04823943dafc1630ea7fae3810
facebook,0,facebook/0_real/0128.jpg,84285,1711274068000000000,45c11c64a1b5793645ee6b2d902a06ba308cfc456ce837198d272e6b3d80cf35
facebook,0,facebook/0_real/0129.jpg,110686,1711274048000000000,e9fceb65ea4ac7d63c1a7a10bfed40f36c60482348d89ab0b2fa95487681617f
facebook,0,facebook/0_real/0130.jpg,78605,1711273934000000000,b1703792bc5e6087a74dd9f0275444a2f8f19d03b7d119d807b52f713f115a28
facebook,0,facebook/0_real/0131.jpg,132725,1711274084000000000,e47178e3dc2efa7a93e3fdeaee1377852fa039b5b425cc31c15afef2cac73b48
facebook,0,facebook/0_real/0132.jpg,241074,1711268782000000000,5f77a6a2287f7f825f474fdfd4787c3b0d93da81c3b55b14f775004e269956db
facebook,0,facebook/0_real/0133.jpg,93688,1711272254000000000,befdc14a3934666b020fd7fab06efc3ce94c8202d3595b7c81f8273e92f84483
facebook,0,facebook/0_real/0134.jpg,110582,1711274128000000000,b124e400d24df98fdca17a5eb67a7dd9e402a500c4af940ef8d450751be299d4
facebook,0,facebook/0_real/0135.jpg,722816,1711269890000000000,e27194353460e43b694e71169ad2ae3b8ae676ab1c68e5340a81017085c612a0
facebook,0,facebook/0_real/0136.jpg,104356,1711278402000000000,2e97fabb35b22f3a4984665989965aa5480f98caa8a565c75f06a3b6aa2530fb
facebook,0,facebook/0_real/0137.jpg,561071,1711272692000000000,6653ff79cf84c26ff515ba36318f6f79eaea79738e70fb119675514dd42ed161
facebook,0,facebook/0_real/0138.jpg,86117,1711274094000000000,6e6fc790069bf7eb5cc5637ba30bfec912ffdcd0ac2dedab38560fe6583e81b6
facebook,0,facebook/0_real/0139.jpg,224308,1711272244000000000,e56848f5f32c99268b5e13ec391f6804d6f8597f2c5d950df7857da00ac2c641
facebook,0,facebook/0_real/0140.jpg,77040,1711272302000000000,eff419762eba95dfcc9ca73cfba0d9994fcd8193f99b766614c64294b10abb08
facebook,0,facebook/0_real/0141.jpg,54289,1711278390000000000,75682dca4d641565959a90556af79fa2efd354c2b3543ef4380b84437165add0
facebook,0,facebook/0_real/0142.jpg,74791,1711278420000000000,68a7da52cfc1e3be3c5d27ae2b8c583617859622fa4445b3ea8de8427e4012e3
facebook,0,facebook/0_real/0143.jpg,269024,1711272234000000000,8c71973ece014809d26e689fa52bf38d9dd40892a089ebe1de049a0f6bc123b6
facebook,0,facebook/0_real/0144.jpg,515388,1711269458000000000,9802c4b4d7042897b16b007607d114c8cd8c78aa22d089bee867e7bea34a60f6
facebook,0,facebook/0_real/0145.jpg,281523,1711279416000000000,71d6302fcaf353fe28f887833c870456a358ae2c447564e8c1c706d7b5d3a110
facebook,0,facebook/0_real/0146.jpg,188176,1711270228000000000,5f0901ae293083dc816f053c311118fccd81a238170a1e730e36a6774a0b6810
facebook,0,facebook/0_real/0147.jpg,156701,1711272104000000000,a71785a7ff05722a199b0a0477907dcb7bfb178497f62d9089907e50bdef8e1c
facebook,0,facebook/0_real/0148.jpg,237706,1711268592000000000,9815a206086ef734a30143b43107f18d85efd55fc33d434ac600e2fa3b07cb4e
facebook,0,facebook/0_real/0149.jpg,494488,1711272224000000000,5bf9a3e3e1fcc55d8bb206d1d73c633f66c0c10a56ea027b25d2d148ae9bf2c4
facebook,0,facebook/0_real/0150.jpg,210195,1711278352000000000,b2056285154e953a37587447d1278ed78111af92b33846b11bc80aef08e483b1
facebook,0,facebook/0_real/0151.jpg,174530,1711272160000000000,bab6c1ce6e23b9bc2d5c71d6d4b6213b1b8e26a40505a8e59d3099c5dc48209a
facebook,0,facebook/0_real/0152.jpg,264952,1711269488000000000,7cd8d59bbc5d7084d37630eada352ab231305580b4810154a4686edd0393f27c
facebook,0,facebook/0_real/0153.jpg,570469,1711272628000000000,8b3b759504995848ff34e35da11d351fc2cba20c70fe0667dd9c838ad82af0f8
facebook,0,facebook/0_real/0154.jpg,130714,1711272760000000000,47eab756d62cbe31ec3893b4586c595db67eabeff87357f143af9ec2f71ba99c
facebook,0,facebook/0_real/0155.jpg,216011,1711272728000000000,59865cdc3585899b701ed910843ae623a13b7a10265ba9d24ed683c731ae4814
facebook,0,facebook/0_real/0156.jpg,436785,1711272678000000000,c2c6ba21d28ca967556279131798081c37b8100a1450040d6345438477c45871
facebook,0,facebook/0_real/0157.jpg,232389,1711268522000000000,096f553a9e229c7b851af0eb27c21d42de8855e66374579034271a827633ce17
facebook,0,facebook/0_real/0158.jpg,434407,1711268634000000000,c9d2931e7cd1f14a1179b27165b91b4c37ede2769f3be940cc4411e00f60f2bc
facebook,0,facebook/0_real/0159.jpg,486315,1711272194000000000,87ae56b48d69044331ea240088fa244257cac026fc258ab794fb5562e0ae133c
facebook,1,facebook/1_fake/0000.jpg,121628,1711265192000000000,3aad79adbd9f0726dddd123b515a0580450f9bd73e92825424cf29791d389709
facebook,1,facebook/1_fake/0001.jpg,103077,1711269670000000000,df9a1ef447050f871c0f6c231135b7a5360c994bb543938f5ef5df9f37704407
facebook,1,facebook/1_fake/0002.jpg,157755,1711269700000000000,50879a0ef1242f37a7df3874731122a1f132e9ad21fe4a57a336ff927bd7539b
facebook,1,facebook/1_fake/0003.jpg,129227,1711269710000000000,edfb91d40fb4a2eb0a2be1bd5d40edb5f9581d1665936c71f990e7e4517f1bd1
facebook,1,facebook/1_fake/0004.jpg,173297,1711264708000000000,923f275ad6c5e13d70611dd600e193d8354db81caa34e7e9482895ccf660fc89
facebook,1,facebook/1_fake/0005.jpg,227934,1711264702000000000,629d3f36bdd94e2c0ed270b1fb8ce43f008d93efd8c36e4f7a2719c0ff670fa7
facebook,1,facebook/1_fake/0006.jpg,182954,1711268246000000000,0e58ebec715344c8fd947dbf507e1e09445994a3035c475155a93971b31d630c
facebook,1,facebook/1_fake/0007.jpg,180501,1711279710000000000,66839f2ea7ffa43f45359c869b8540b2f6abb2b191d9c6d98cb08608d3862e2a
facebook,1,facebook/1_fake/0008.jpg,177190,1711264726000000000,5e5fbc3615799083a897ac2a07208ac4538dadc27adb7d8473ef736360bfcf43
facebook,1,facebook/1_fake/0009.jpg,91988,1711280450000000000,b015b2ddf7e335c50bd3e3ba4580e1c9e591556de66bb76a8c29ef14104907a8
facebook,1,facebook/1_fake/0010.jpg,649919,1711264482000000000,e6474c5be6502eaf3318a73585df4689bd368ac653e0c2e99cd0c93cdd4a93e4
facebook,1,facebook/1_fake/0011.jpg,914992,1711264490000000000,d285edf76eba3a647323479ef407aa48ec25e56ae53528f760a52308df86ad0f
facebook,1,facebook/1_fake/0012.jpg,377596,1711264670000000000,73cec7560526612c3671b002350b6b70193a283251e031395e3407e1cacef5ef
facebook,1,facebook/1_fake/0013.jpg,193992,1711266830000000000,3c9533d858014a2616cd498aa94842b448dd69aa31082de7d2e81e181c2e6d69
facebook,1,facebook/1_fake/0014.jpg,72240,1711266722000000000,0c6f93e2a65f7d1fced7d43f3283166dea69a18293a4e91d71d148a11c4490dd
facebook,1,facebook/1_fake/0015.jpg,237210,1711264394000000000,24ed188e0fa4eb2f5b6831bdf67b6e8357fcc62ac9b3cce0fcddea2ad4887a7e
facebook,1,facebook/1_fake/0016.jpg,1289429,1711265102000000000,8541c8da2793dab2e57559853c78a3c43eb819860e72d85e8fdb67cce1b2e712
facebook,1,facebook/1_fake/0017.jpg,348196,1711264678000000000,52ce5de5493467285bfd2cc625675c2caa99ed3359842340100b4777f934affd
facebook,1,facebook/1_fake/0018.jpg,186299,1711266850000000000,266a60c891e5914c1445eb535a09d3813f05a9505fc5a8b2e720dc9e75ce67c4
facebook,1,facebook/1_fake/0019.jpg,216660,1711268140000000000,cad41c277b7a81fa2ee398f6a15df0c0cc06340e279da05e822cd05335d53d87
facebook,1,facebook/1_fake/0020.jpg,201487,1711268102000000000,3d0d8938e085794f548af750c5efadc91e8223781019b3780212a49e84f9dd60
facebook,1,facebook/1_fake/0021.jpg,222757,1711268118000000000,b0a57d0a9944a0b4a1773d237a5409d4637138b355935f457696a178c38ed1c6
facebook,1,facebook/1_fake/0022.jpg,182511,1711266856000000000,d47e3edd476e1c6855608d011d011774f53c15413831facd591c51ae2f5cab94
facebook,1,facebook/1_fake/0023.jpg,204918,1711267994000000000,8df1f26edaf12b230ce7067a3621a6c45eaa4662be6107b6390bd0e8a60cb3eb
facebook,1,facebook/1_fake/0024.jpg,239806,1711268014000000000,b5be46a26a397776b24b9d3f27ff6262a7780bfe544dd449534710d28db59793
facebook,1,facebook/1_fake/0025.jpg,1045460,1711268020000000000,349a17902cfbace6b2ddca73d8a08e1b38ff50081417994ac2eed35f1e351760
facebook,1,facebook/1_fake/0026.jpg,180054,1711268002000000000,93d9d0f5d10d450f8b5d1dc0f6ab62bc44bfb933c2223269213b132e4b2152ed
facebook,1,facebook/1_fake/0027.jpg,199876,1711268032000000000,e8e9a9e6632471b8c61360fa9883e6f0252a353d76332380dfdc569b095b519c
facebook,1,facebook/1_fake/0028.jpg,224251,1711268008000000000,2ddbc689e9e924fdaa91ab9025df2628f0e1340160c5503a6ef4ca3649011ebb
facebook,1,facebook/1_fake/0029.jpg,228420,1711268108000000000,188756229a2799f92a00b17ad542486779ffbfc664418d73c17ad6009fb7e254
facebook,1,facebook/1_fake/0030.jpg,1053036,1711268060000000000,01f8b84647504501f65c25f71b13bd34e02f2077af8e5c811b3e8ada733192dd
facebook,1,facebook/1_fake/0031.jpg,788324,1711264500000000000,6ff35c89c1a6dc1af8e0adb1526513414210ebac5f58ed28ca824360f7a45d08
facebook,1,facebook/1_fake/0032.jpg,182008,1711268278000000000,00f258f438a7a6ebae04fd21a775521d24894a688404f42a35c9488d5945f44d
facebook,1,facebook/1_fake/0033.jpg,250120,1711266836000000000,091f37cfd43fd62b69724e85e80a053830dfcec748dc225ea7afc9d7bc8b78b4
facebook,1,facebook/1_fake/0034.jpg,169106,1711266842000000000,33ffce318e6a8c6568824d3133c470c76db90ea791efceeccce158b66e37820c
facebook,1,facebook/1_fake/0035.jpg,274577,1711266448000000000,6974dfb71731ac1d2fa51b075d995d68e6ad36bdefc2c7b4da7fc8acea558d0b
facebook,1,facebook/1_fake/0036.jpg,618175,1711268080000000000,82082e584302305d1d90f9f6f0b94eefed9dfcb26e60fbe64c4a2cd52fa4bcb6
facebook,1,facebook/1_fake/0037.jpg,184401,1711267032000000000,8e4b9597289428ad3a7bb9d51fa46ce230c1c6e7393b6465c4ab8591b92e5b32
facebook,1,facebook/1_fake/0038.jpg,231100,1711267976000000000,0607e798376e57c6bb5d92ab17a9a36036812497b141f87860357554839298e9
facebook,1,facebook/1_fake/0039.jpg,160842,1711266146000000000,dc292e2d9e1831e128a198aabadb62fe62e4838e51635341684df33c6a690d52
facebook,1,facebook/1_fake/0040.jpg,55687,1711268178000000000,f102f3691c802a433ace80bd593c1be9f413ae1d2416fec7695486bcc210cd58
facebook,1,facebook/1_fake/0041.jpg,484358,1711267892000000000,7dc162dfc7080572ddfd53f96238338e986c3cd8e144c458a374e61e8e1be89e
facebook,1,facebook/1_fake/0042.jpg,188150,1711268182000000000,9d4eeb3e767c5c4326fbac625c9450e9879e94ab7f4e3333ed9436a1590d8c3e
facebook,1,facebook/1_fake/0043.jpg,157736,1711268190000000000,324a5c5e67f51181c24b743a9c1994f4b59ba162beac453ad79f655dcdcb9643
facebook,1,facebook/1_fake/0044.jpg,101323,1711268202000000000,82c6c3b293db08b9b19b2b521deaef6f432c03d0b8deede2f0a6becb04cd9c73
facebook,1,facebook/1_fake/0045.jpg,216943,1711265204000000000,118e253d12c39df6b82bfcaa26293d293130ad4d26503996bc792ac5db3f7b45
facebook,1,facebook/1_fake/0046.jpg,201330,1711266678000000000,a201a283a4f53e50d9e6a7c3c1be38bc9be600581fee965ec2826d8dd9edf2ed
facebook,1,facebook/1_fake/0047.jpg,152010,1711266666000000000,c8819b6f8f49f03d759a96acd8e827cbbb18a561dc5117b79949b20f6fd21d83
facebook,1,facebook/1_fake/0048.jpg,467632,1711267546000000000,87c1af768f618d7985b706e5ac1c33af4c58244ca03179b4bf321c365031d0ac
facebook,1,facebook/1_fake/0049.jpg,984549,1711267520000000000,c5c8cb963f33393db5b86917e7a2b0c8f5b2128108e90a3ef340894a9042c387
facebook,1,facebook/1_fake/0050.jpg,221161,1711266764000000000,c6b46876353a37a7bf1624552e40031d4ecb2c12ea70c0de3e2ac1849123b2b7
facebook,1,facebook/1_fake/0051.jpg,821935,1711267586000000000,d7bc5aadabfda1d9b2c0fe6b1155e8efcd99e2ecfd8520c1a9dc6cf9eb3152f6
facebook,1,facebook/1_fake/0052.jpg,448095,1711279688000000000,b92ddb595f1a510a9fecf4a1d757e0c77e1bbfd8566a9856df7d0513a6485dbb
facebook,1,facebook/1_fake/0053.jpg,72420,1711267582000000000,571a6c01d879a795e004203441be2e8377731f8e20f20017be8dba1a940105b4
facebook,1,facebook/1_fake/0054.jpg,89900,1711280528000000000,e468407e60b734c130c9646c4fbba9d4101eb2c03f338fe4f2ab3d0b0b54ebed
facebook,1,facebook/1_fake/0055.jpg,176549,1711266216000000000,923d8fac0a98f6a635c0dac069c18739a58207ea0e87e0bbec4caceea425a727
facebook,1,facebook/1_fake/0056.jpg,97685,1711265152000000000,09ddeb3e81bccbf7777af779070b8464c6cb0922c5879a3d0af6016d6d4498a2
facebook,1,facebook/1_fake/0057.jpg,95635,1711266574000000000,d9a66a1325be58dbadb250de75276b8b75a0432f51045083d5159dd7e4d34524
facebook,1,facebook/1_fake/0058.jpg,176280,1711266772000000000,4eb8e96d7b72652d4c7ddf8b2f9e632b40ead0e105a2930ad49c55232bcd204e
facebook,1,facebook/1_fake/0059.jpg,675947,1711266702000000000,7ee7bcef2b0f8b440cd8dc81bce48136b6596b0ddb50502146b815730e361b60
facebook,1,facebook/1_fake/0060.jpg,361321,1711266504000000000,44a51f12e67636242b9ba7009cb287b0efd9d900c7a0f7f9a4c6378fdd7d1b72
facebook,1,facebook/1_fake/0061.jpg,150306,1711266494000000000,ef7f693af5217011ec8646e498f0f4d71e55dcebe67f1a46bb31cae59670c157
facebook,1,facebook/1_fake/0062.jpg,306621,1711266380000000000,44e1a77b03d83b6f47a7edbddbadc33566ca8c234222f5c7412ff72bb0bf599a
facebook,1,facebook/1_fake/0063.jpg,351785,1711264820000000000,1b3dd5829c145757f24be5d78731dee6e2cd4268270e51319ce58bd4ba674f18
facebook,1,facebook/1_fake/0064.jpg,220893,1711266164000000000,6fc31b9d79c8d95a0f43714ed2bc3bf7956ed36a75ca7bb505a2653c4cf1a219
facebook,1,facebook/1_fake/0065.jpg,117811,1711264842000000000,63a6c355b143c186e8e4ec51e44854f9a06f4f9efa2cdf55f374b3d98505c525
facebook,1,facebook/1_fake/0066.jpg,62203,1711264834000000000,b3a720bc8994680baf11f61ff9b1c0152fb7ca7dc8ef6d4fdfada22735bcfefd
facebook,1,facebook/1_fake/0067.jpg,203695,1711264948000000000,05c884ebfa4327a6a2a88383e66b546e42425aa71cd3850092b2b0a83473e026
facebook,1,facebook/1_fake/0068.jpg,192210,1711264970000000000,ed48113b79108e5838112c051ae4e9b33d90ef862a50a712424173266ae68be8
facebook,1,facebook/1_fake/0069.jpg,1020588,1711267526000000000,39aa85f87af4c7892e89acc5e0ab7d645794943074817f05170147f43493d73c
facebook,1,facebook/1_fake/0070.jpg,202548,1711264956000000000,c85df7faeee8bddedc79c916c4dfff5dedff3b390c8da610282ab565499d3e61
facebook,1,facebook/1_fake/0071.jpg,542427,1711264360000000000,4eced755b5612fd6dc62e264c63c04c8e77ec4941c46ebc6651eb2a1b733c4c6
facebook,1,facebook/1_fake/0072.jpg,288444,1711266592000000000,b8c924af1c5ef53fe3609e99b4b7697dd341091590fa64721b7eeb732a6a8a98
facebook,1,facebook/1_fake/0073.jpg,130322,1711266646000000000,7fa51817fa78605e72758915ed24a793457a82ced80a09132363bceaabae86b5
facebook,1,facebook/1_fake/0074.jpg,59360,1711266394000000000,3be9a4fe990f7f85603658dc26a534e05dd5e9349cbbc47155521e736d897da7
facebook,1,facebook/1_fake/0075.jpg,132774,1711266234000000000,74dae3adb48011b66c19f1ab566de2b99bb8eb137b27279101651e5579321625
facebook,1,facebook/1_fake/0076.jpg,56056,1711268228000000000,cf7573f39d79318326b8f41fe950368b471fdc28369f96a6f3e14ae88d069973
facebook,1,facebook/1_fake/0077.jpg,271103,1711267026000000000,1955f29b001e2a39ae0608eb03b4a20637b582f8a7434f449376ee72ed29618c
facebook,1,facebook/1_fake/0078.jpg,176225,1711266948000000000,82a148ff98760793ca889b3329048f3634ef38a22e63205078de2fca4f737217
facebook,1,facebook/1_fake/0079.jpg,106171,1711266256000000000,8730539115d6e923e6ba3ed03c8d84934b66a30b2d816368f00686b2570c513a
facebook,1,facebook/1_fake/0080.jpg,89426,1711266284000000000,598fd82f7d5b23c83070163b3d86432eb301787b143cc5940cb16b95ed2ffa01
facebook,1,facebook/1_fake/0081.jpg,80828,1711265358000000000,7aa27204063b2963e68fa4cea88486409cc158e39ed2ca8cbd20fe4ad9eec197
facebook,1,facebook/1_fake/0082.jpg,359744,1711266736000000000,cef73ac41f8bc9deec07a3049de428addbf576837098b7bde6c309a51fcbfc47
facebook,1,facebook/1_fake/0083.jpg,197695,1711267014000000000,773fb4071cad65ff79a15af640df65aee67c63f56e8387c4da724ddb0726ab8a
facebook,1,facebook/1_fake/0084.jpg,611182,1711265022000000000,99f406ed8f995b5a9a60f4139cee94280dd301f88fc80928fe832eecbadd0f72
facebook,1,facebook/1_fake/0085.jpg,259196,1711266870000000000,8c552952a125976b7765c9c6921083688543a659bd41d8dde1f5a21e4fadb676
facebook,1,facebook/1_fake/0086.jpg,263355,1711266940000000000,96d311c402fd2d732f2573ab93890adc984babad76b119ecf39d9a1df7c4411b
facebook,1,facebook/1_fake/0087.jpg,126034,1711265366000000000,19583d3bf25a3cd88cd1771988ed5278a2b263e9f1f56fecaa167a88c7a62f15
facebook,1,facebook/1_fake/0088.jpg,153921,1711266304000000000,31821f82b97f7693c09a2eba7fb35d3f5f280c647cddc4147305d426bfe8931c
facebook,1,facebook/1_fake/0089.jpg,386787,1711267474000000000,a647610f299bd2244a3f48317b523f93a6cc6290bccb893fa8c703dcd2948829
facebook,1,facebook/1_fake/0090.jpg,294468,1711264640000000000,7f104da764fc4f0027f7d77775021d61effbb9e9c56880eb0225e0f2ed034675
facebook,1,facebook/1_fake/0091.jpg,268417,1711266934000000000,54de5b5e39e334b550818f91737df15b70d4f46fbb9d0eae8aff214518e5bc64
facebook,1,facebook/1_fake/0092.jpg,156474,1711267288000000000,b5c86d048308b1da675d8e7d3a448548df1648b51f6645a856ba9d3db894c084
facebook,1,facebook/1_fake/0093.jpg,396336,1711264650000000000,6b78ff810f71cf4a0f08404bde9ce9e7f90e80a3b549be31d41609d015069abc
facebook,1,facebook/1_fake/0094.jpg,73917,1711265060000000000,75ada12d48e823f285933563cf7a47984cb1534d9844bf256d2980a93d1f77f1
facebook,1,facebook/1_fake/0095.jpg,527073,1711266522000000000,37e952a016ecca898e6a32a109f2726f34010e0cb0dcb3a2a747c3fbbf1b442e
facebook,1,facebook/1_fake/0096.jpg,850976,1711267468000000000,c2d44f07cf97aa22050663041a1f6a3a0ba88cdb8f4fa4e0f9184162f0c973ba
facebook,1,facebook/1_fake/0097.jpg,141517,1711266312000000000,3c57e1ff71d3738a5b6346d4050dc03c5a78281ae6664696e38a566ee7974bbf
facebook,1,facebook/1_fake/0098.jpg,389049,1711266270000000000,1a31947f083e2932957793f49fe7794a34829a97828f2b1701d1deaa85f222d0
facebook,1,facebook/1_fake/0099.jpg,118245,1711266532000000000,2badfbeb15d777fb8c04dcc5d54dde779f137012416863cd466790ee42d436db
facebook,1,facebook/1_fake/0100.jpg,207831,1711266156000000000,127a63c32a2d5453e88fd7c842d626e8f0e232efaf58dc36a60b9317d7740e88
facebook,1,facebook/1_fake/0101.jpg,141166,1711264980000000000,017f5b5d61cf77a1989b8f88ab24090d5491737d373bec48823fa4ebdad10e68
facebook,1,facebook/1_fake/0102.jpg,87417,1711264582000000000,02d24bdade514e456843082847f742e1e5f4dcd63c22f863db285089be20afcd
facebook,1,facebook/1_fake/0103.jpg,569651,1711265270000000000,7b01198c3325c3bff80e7e2a6b874a90942dc2b408d85d9b0510c9656e28a688
facebook,1,facebook/1_fake/0104.jpg,41913,1711266140000000000,488a7193a1b6890b354145c4dc504d4cfc9a25dc3ee5aeacc972b745b012fc6d
facebook,1,facebook/1_fake/0105.jpg,234920,1711266966000000000,e1e437d640a1adb77340fb32925e22530d1a417a890efa4195764647ff7d4185
facebook,1,facebook/1_fake/0106.jpg,242690,1711266960000000000,1150f08110f42581a2adacf68bbbcf11db01acaf3d44f3fc529c7d4d1fdbf94a
facebook,1,facebook/1_fake/0107.jpg,241882,1711266974000000000,e2b523cfec21059c6b405934e1f1640d46894a86edaf0f842a072e238941420f
facebook,1,facebook/1_fake/0108.jpg,526464,1711264786000000000,f7084f24995b504de27d7f4aa111ed71e58b5ce70e58ba2578661d6578c40948
facebook,1,facebook/1_fake/0109.jpg,159888,1711267250000000000,a0b70d1caebb38788651e75b19b5a1771b03ce094b1eb3d99e4554d0a86a39b5
facebook,1,facebook/1_fake/0110.jpg,248497,1711267008000000000,92fc0475a920f760d4489b7573f5b3f9a02037206925ea384ee7a54073f59523
facebook,1,facebook/1_fake/0111.jpg,66790,1711264810000000000,9c445a8271bb5e093e3a93ecb4a1bab9ccc8744709e37a781a52708c9fc4e907
facebook,1,facebook/1_fake/0112.jpg,158685,1711264524000000000,becc65935bd885a9a644f82f89b1e5494b3164e827ead27dcb42eaebf6bf70f6
facebook,1,facebook/1_fake/0113.jpg,437962,1711265014000000000,c13c3f0aabd556acc8d5eee241041eba30579cf936fcfaf5549d17ecb93f642c
facebook,1,facebook/1_fake/0114.jpg,139953,1711265166000000000,dfb044e5543d9642fa8df4b4f2108ba70d6145fd5c180a1367f281f38b8c618c
facebook,1,facebook/1_fake/0115.jpg,63200,1711264256000000000,17c8ebd1cd9283dac68f2c227a2e9f4038efe94e5ce45a495a29ba60b12b09e1
facebook,1,facebook/1_fake/0116.jpg,70619,1711264220000000000,2e5addd1d80868107b3f19acac02feb6e50ebc3c952e58283e4967f10d104d8e
facebook,1,facebook/1_fake/0117.jpg,82750,1711264238000000000,5b414629f658c7821791c7cc790e6d5470e546215d22838a1699a638077a03dc
facebook,1,facebook/1_fake/0118.jpg,290315,1711264626000000000,0e633ae1f38cd0abaa178137e58b8024599f316428fef4266fbd781831ce5068
facebook,1,facebook/1_fake/0119.jpg,64572,1711264246000000000,e5b318f152002d8d180d04446fbf7c488a02e7dd5dfe08a139d8e0b524b4f93a
facebook,1,facebook/1_fake/0120.jpg,95064,1711264210000000000,281b1f6e3f885926db3644ceacfdaff9d9f45a020000809effbbc2f76090b768
facebook,1,facebook/1_fake/0121.jpg,460495,1711267222000000000,7c953368aa84aeffc5bf984d886f473bfee5dd70cccf0c57ddf588c1d0fa7df3
facebook,1,facebook/1_fake/0122.jpg,77290,1711264272000000000,56dc9e255a29f4523b0bdad7a199426d30dac4e411d7584a403a6c8aa75ffcd8
facebook,1,facebook/1_fake/0123.jpg,95807,1711264994000000000,ff40bf975817b3487bf56ff24ffddcc0288e860086df86287355e5159440013a
facebook,1,facebook/1_fake/0124.jpg,722306,1711267076000000000,59541ebbdf237a684f89d6856ae0f217b0d918a4f0368cbd99aaa440557976da
facebook,1,facebook/1_fake/0125.jpg,391230,1711264302000000000,4cad2aaa766f5c56a68ec569d3610735dfa5f02d7e672cca9bca392501288d64
facebook,1,facebook/1_fake/0126.jpg,892540,1711267052000000000,8ac054e59c868ac57413e437985ae461d47dc622bab11f0e73e6bfbfeb912aa0
facebook,1,facebook/1_fake/0127.jpg,84031,1711264228000000000,8d13ac0ad4460119fe90d260ec2cb42aae3a6354ede2180a3d2d3f1e7162de8b
facebook,1,facebook/1_fake/0128.jpg,75773,1711264766000000000,4947640936db886978c80609cf17f1b5f2694bf2d0bc1ea32fa75fe544e23947
facebook,1,facebook/1_fake/0129.jpg,857429,1711267116000000000,8c34c77cc815420fdf1df0e70e36590146ba84bf6faefdf4606cc3f44144672c
facebook,1,facebook/1_fake/0130.jpg,152129,1711264754000000000,ed93e5026d3c33e7970f93495a9b64a3360e0e66cf9ed409bd83412e9fc33e2c
facebook,1,facebook/1_fake/0131.jpg,286774,1711264778000000000,1ec98c586ab7cfdc3a66d7ed56d3e8480ae052d95710d12ad3d9f9c0b9164013
facebook,1,facebook/1_fake/0132.jpg,177652,1711264736000000000,3f9a8add3c0a95a218bcc31c18a3ff9743693fbeae22cfd0e88de84f1c8ae7fc
facebook,1,facebook/1_fake/0133.jpg,311044,1711264610000000000,65ed2a50f7e17347205d613ef5d26a2f6293dcdf719a8ee258355b13a08c2a88
facebook,1,facebook/1_fake/0134.jpg,276566,1711264742000000000,ca93b9b7d0d6d3bbb8a01ac618110c2e85d9118d223aa233a35b8a4bb1dfa6bd
facebook,1,facebook/1_fake/0135.jpg,848001,1711267104000000000,7fc7d10caacc2daa2c94164399c7e5758d57953ea7c7161493f65c1250902074
facebook,1,facebook/1_fake/0136.jpg,84616,1711266178000000000,645d5640b06de4ea42ca3205dd3eacaac34f49cb03fb7c5e4b2f7f2ba9c3f5bb
facebook,1,facebook/1_fake/0137.jpg,94573,1711268410000000000,146e2d6980567ce52b015433b3c4106c7df55c6bf26394bd1e861ddf8437f1cd
facebook,1,facebook/1_fake/0138.jpg,237393,1711264380000000000,a9fe178a3bbddc0be1caee20dcc863d737cdb13743e7a94bba6812afb39f3672
facebook,1,facebook/1_fake/0139.jpg,1018871,1711267066000000000,a3dcf05b8d45d2b0fd78b18bfc801aedcd1084bf669899b428259fc76d3dd313
facebook,1,facebook/1_fake/0140.jpg,732641,1711267072000000000,d2ab1dbef5626502164f7673cc28a37e787196d98b5541f48fd9b245266f989b
facebook,1,facebook/1_fake/0141.jpg,219278,1711264370000000000,a573351784da90424ea6478290826220e6f276d69154b1cb0c4f2048a4e4d584
facebook,1,facebook/1_fake/0142.jpg,639199,1711267212000000000,56ca68e67e5c96652388812a78b71b8bc4adc377e92a4c373f90556f36d51352
facebook,1,facebook/1_fake/0143.jpg,107650,1711264602000000000,57012082453a06097e8a6312cfb9def8236f993d479cc7cc2095f7609b3c01d5
facebook,1,facebook/1_fake/0144.jpg,856335,1711267124000000000,cd9524452e82406195d0e90e63cf722d7a27b7d4a754c2608e34b006da1c2536
facebook,1,facebook/1_fake/0145.jpg,71768,1711264432000000000,4dfd8b43f55ae44c106295815e8bb615a7663826d6d87bb0c86f932efe2c3231
facebook,1,facebook/1_fake/0146.jpg,879658,1711267060000000000,60ec91a813598b6be570b2a5761b218a2cd3cc3d44b8ab9cbdce0fe3a4d76b97
facebook,1,facebook/1_fake/0147.jpg,239513,1711267228000000000,42b00ca241836178602f1aebf41cc2a4e5167ddb65de1cc921da9951dd18ca38
facebook,1,facebook/1_fake/0148.jpg,429177,1711264312000000000,d53ca67dd41d9016e3f59cb239a8d6557037651bf73a43093d65b4298197fa5e
facebook,1,facebook/1_fake/0149.jpg,799163,1711267086000000000,462b7dcd46c30e0bbb55199c7145c1a4c5ffaeb78ac578aab4e87b5e1a812ae6
facebook,1,facebook/1_fake/0150.jpg,98928,1711267406000000000,c379c6e092936ea0f46f5b16ce3806635b7eeffaed0f2881bf0db26a8c9bc6ac
facebook,1,facebook/1_fake/0151.jpg,793535,1711267188000000000,f8dcf6b415fd0fc781117662725bec1ffdc1b3c6125be11cae10a0f2a513ceb1
facebook,1,facebook/1_fake/0152.jpg,639443,1711267040000000000,bebf64fe9ba328d5b823c4aa0fdff446acf01af9506601612039a5988ca66380
facebook,1,facebook/1_fake/0153.jpg,136266,1711267256000000000,dc7fbc95a0ceda7cb192e8f3020d01d2a8b58d3f0a51c4aaf6cd41afea97dae1
facebook,1,facebook/1_fake/0154.jpg,85405,1711264590000000000,5f78973b29651f84ba97151558a0d3b00d9d113227e2df380ecc68994af050d1
facebook,1,facebook/1_fake/0155.jpg,84558,1711264286000000000,406eb7cf04a3ad068e8712c7844bb6505afc9d965c6e16e25ab2197f94292719
facebook,1,facebook/1_fake/0156.jpg,55409,1711264416000000000,1e8894c31dd5541b6b1fd600dd5606cfa9b71052085204b18278eddfdf482f23
facebook,1,facebook/1_fake/0157.jpg,127508,1711264422000000000,fdf2e83155a672a90e94cce913e863dcbe5794ee72431fdc7f6961d2135ed88f
facebook,1,facebook/1_fake/0158.jpg,206698,1711267370000000000,b7b64ed80af9551f09280dba0b510a4a611ade27cb62e690285454d91416951b
facebook,1,facebook/1_fake/0159.jpg,138360,1711266914000000000,4ffb907dca1d9c83ad5dd9470aa1f4e608cf2ac19715bca68a6459d46f4e5fb8
twitter,0,twitter/0_real/0005.jpeg,749071,1710755764000000000,39a80953cfe5e1fec89cdeef585bfc1fef6e9cd3dcb04275257605384e08904b
twitter,0,twitter/0_real/0006.jpeg,464030,1710755750000000000,010fdd22cce7a9443e6e6b8530a46b8c8e1e82f59ea3d88dbf9790d1b0a4dc49
twitter,0,twitter/0_real/0007.jpeg,2252637,1710751820000000000,4325f7b53d9c3708bde04db25f77e409af9ab5409a9be1d638fefe894f090417
twitter,0,twitter/0_real/0008.jpeg,64685,1710755788000000000,e3de5d19e677a3da4b278ea6f2b35a0cab21338fbab7b9b43d7977ea1fdaf0bc
twitter,0,twitter/0_real/0009.jpeg,156226,1710751970000000000,6a6f164b5f023f7ee2c602952778f40037b9ddaadb0b39e82fcab2bd9dfc0c11
twitter,0,twitter/0_real/0010.jpeg,437710,1710752414000000000,9678d3ca7e207f4f9dbfedbd584c2bd118c5d41ccaf535b6b9e677eff229bacc
twitter,0,twitter/0_real/0011.jpeg,406668,1711255562000000000,c28f569633b0d7065c8e0f1425b069152d255f5f1ea8e02196c09f2d01031f1d
twitter,0,twitter/0_real/0013.jpeg,402936,1710754084000000000,a301801070d37ac44042f61267610ac11af356a43d2418a00b7dd5b89d593148
twitter,0,twitter/0_real/0014.jpeg,315319,1710754116000000000,d648d5155d1f8ddf59b1bb1357f9578e3bd9c09defd69f1d875e5c1f980e415f
twitter,0,twitter/0_real/0015.jpeg,1047835,1710754104000000000,712ba3061b50886b7ce56af31c892c176964d62d173e2c089894db726d238188
twitter,0,twitter/0_real/0019.jpeg,164901,1711255542000000000,852bbb4b7dbaa5d30b8ad6c53350505c8d62123387059c7e7f261985f5d486a7
twitter,0,twitter/0_real/0027.jpeg,554726,1711255752000000000,b52a3afd8be94fbeaf57c4c21a4e861a6ba5bf088d265eafb30826cf20263b46
twitter,0,twitter/0_real/0028.jpeg,249552,1711255734000000000,bc566809ef1280f1b8e5695b0c256a99397cea53f0652fb1c53519b9c707a7a1
twitter,0,twitter/0_real/0030.jpeg,322269,1711255798000000000,b9eef5e118a6c8138c2c4f66d0c4abb7aec5a72bf0134efddb317763e385e4f2
twitter,0,twitter/0_real/0031.jpeg,474546,1710824808000000000,88c4a7ad29bbb7a4fd5e1062ec6bda280bfee19e3a7de24122d77f619234bf2d
twitter,0,twitter/0_real/0032.jpeg,476876,1710753316000000000,6d0a64c44f2e3408100aaf1d5c01317f8573b5f3a1f1d4a02c6d3d9fc8c38515
twitter,0,twitter/0_real/0033.jpeg,392786,1710824818000000000,31f49e44ea5baf744e773f80264634bdcf0e0810236a4da17beec0bc81e9b9cf
twitter,0,twitter/0_real/0034.jpeg,111772,1710757364000000000,6e24873c6df9e14936ba8132fee3d6af8262b8fe2389954ed10f0e0009a483ee
twitter,0,twitter/0_real/0036.jpeg,296117,1710751386000000000,d71d4e599369192ce7e58076bad6d8d6d92dff8547d844985b822088c1d6947c
twitter,0,twitter/0_real/0037.jpeg,358130,1710751020000000000,66a3f44b5073807a6308cc7365359cdd0a6cadc7edbb6639c7f2fae7fc2b10c0
twitter,0,twitter/0_real/0038.jpeg,614170,1710750632000000000,9bc82f73797b890d228ef3364fade7f77296352d6f935fb69f9e41890807c510
twitter,0,twitter/0_real/0039.jpeg,479589,1710750780000000000,7b7ae48a41bb50f702a8f3ebf91f1a32374109cf7dc066d1a0a95258368284bf
twitter,0,twitter/0_real/0040.jpeg,69046,1711255714000000000,ad22b80f7b058731036d82165cfefafcc30b185025fc566518a013fb0b6ee8ff
twitter,0,twitter/0_real/0041.jpeg,89378,1710750838000000000,21347859d891c260acff9c353365964ce1d694ca7c4c341c14a378e5faec1961
twitter,0,twitter/0_real/0042.jpeg,481493,1710751036000000000,8bd3c1b5c5aa55adfe95267b3b44e941ca5238848e691a31873a37cc2eca76bb
twitter,0,twitter/0_real/0043.jpeg,492694,1710750984000000000,9706a6d41d848c74d64fab910f6113db2439af69e7b31a81e847e8982c5b9c84
twitter,0,twitter/0_real/0044.jpeg,533164,1710751048000000000,1ce579a4700f762938b1ba3bf71bb8f03f039d1c8ccf07133aba77c3c698b540
twitter,0,twitter/0_real/0045.jpeg,436630,1710750684000000000,f2172c7a095f75426148928ed2111b5233b11200ee0464e3e279f70c1cf3f399
twitter,0,twitter/0_real/0046.jpeg,360021,1710751000000000000,16f68abd72048ea123ecb81368d168c231cde023fb8c90261add202ca8be0e9e
twitter,0,twitter/0_real/0047.jpeg,369385,1710750862000000000,70936ab553a2fd1556413aeb1edbe222b9003293f8085a1c60d22cdc930efafb
twitter,0,twitter/0_real/0048.jpeg,228978,1710750754000000000,37df627eba933fd6691a623d82ebc0591aaf09e9d67cd8ac347b821c6cfa0b9b
twitter,0,twitter/0_real/0050.jpeg,651665,1711255304000000000,f1dce8193a4c90ef051fe852c7d4e2b3a661116b0c76a87d7b1d5eb4a846021a
twitter,0,twitter/0_real/0051.jpeg,344233,1711255154000000000,09f4d8cb97d1a8dd802097eaf529baaf38e268eeebb98ae04f4382e9821f3dcb
twitter,0,twitter/0_real/0052.jpeg,333999,1711255132000000000,3474496b1c3d4ac676d5e1752377ed6638250d8062d2ab0f1a306c0b771b7049
twitter,0,twitter/0_real/0053.jpeg,460604,1710754350000000000,054ac79b4c7698dd19017d677d593cc73d788876cd89f77c5992f11c6eaec734
twitter,0,twitter/0_real/0054.jpeg,1129064,1711255254000000000,8eb6650bc4f7c046f45c9fca43c738bc884c5cbf67809ffbdad70b70c1e3fda7
twitter,0,twitter/0_real/0055.jpeg,897746,1711255202000000000,8a8b69fb7b28b832113d22aafcdfc453d7b4dafad6484d5dc9128a8288633c67
twitter,0,twitter/0_real/0056.jpeg,1017103,1711255408000000000,5c4f39e918fda3dc74744d6bd266b1100221665c6ad05ad7d038b07fe53d00d1
twitter,0,twitter/0_real/0057.jpeg,437799,1710755716000000000,7932f178b25ec76b224aae0e32a9046b110ee102b253446cb611d46259aed0c7
twitter,0,twitter/0_real/0058.jpeg,214599,1710756446000000000,37193a27a42defead7b32d0000a74fc544840ba220234097b2e5f960a957bf1f
twitter,0,twitter/0_real/0059.jpeg,690638,1710754288000000000,8a635ac01a0c2ee8e81794f874e3e4f44df873501a0d6c391012ec11f5a7fdcb
twitter,0,twitter/0_real/0060.jpeg,1915024,1710754242000000000,d22438cfed648647a5a96e1041e36629ce86c01aa2f6559ed9ffcc36f6517c19
twitter,0,twitter/0_real/0061.jpeg,512639,1711255376000000000,6f8b63f48b0fc831fcda79a0ecd77fd6ce3320b98225b6a201c528e85fa6a79b
twitter,0,twitter/0_real/0062.jpeg,443324,1710756476000000000,c9f6d05969d90022c30295faa8ec915f3db799df91bbb6ac433de5fe2a9f3a4b
twitter,0,twitter/0_real/0063.jpeg,169009,1710754404000000000,733d2fbc0df5fc080f1663b2e78b425a5d933331a6e9274568e56402e8a00f0d
twitter,0,twitter/0_real/0064.jpeg,1739729,1710756462000000000,a27a686b517fd9add70096d46bfdc6c1ddbc863fc03557a7767758c3d7ff9075
twitter,0,twitter/0_real/0065.jpeg,404076,1711255610000000000,44958f82edef6ca0ca63c19f6ce0e5f6c01b0f5bc903e4aff8f818a4d14e8b2e
twitter,0,twitter/0_real/0066.jpeg,238367,1710756382000000000,e10f632bc25bdce701bd6daa2e8382990b2d4c6c7e76da1de5651e06e93b97a9
twitter,0,twitter/0_real/0067.jpeg,996474,1710754178000000000,564766a56f8b5cbcf210fe93f0b4325bb2b1d60c62ec8e680034da00d8f3e9a3
twitter,0,twitter/0_real/0073.jpeg,540665,1711256056000000000,bfd5dd80febe83c4e8df473f6a1895a70a811e5a5c5dc52915da04cc76ef2616
twitter,0,twitter/0_real/0074.jpeg,479652,1711256064000000000,4339a3dc29b17a419ce099844c2b17bafa4a898bd3c17dbbc4ca1aa1d4e7178a
twitter,0,twitter/0_real/0077.jpeg,249078,1710755914000000000,c6953a9179dd540cfbcb7f8342ef436bb765ceb866e2d4f83c626cb575ea81ee
twitter,0,twitter/0_real/0078.jpeg,441817,1710824224000000000,7bb3aed23cfc4630b8ddae62fd639c66bce60797b37e89bf1892c9d01a08634e
twitter,0,twitter/0_real/0080.jpeg,477850,1710755884000000000,4b3765ed174d6a102e36648083848f5545427e42f76837cbff2910abd00c2a81
twitter,0,twitter/0_real/0082.jpeg,942335,1710824172000000000,dc7cea67f7ce0a3fae503338bed420aadefc33d6647f9a930d34d009b42aecb7
twitter,0,twitter/0_real/0085.jpeg,404271,1710751228000000000,65ff3f19d87abddfa55fba9575140e8a08c5d5a0929abc8eb947a0972299f856
twitter,0,twitter/0_real/0086.jpeg,220956,1710751250000000000,5e6c23bdc78650ed10625738361c90c8f6a5ba5002a57456c815dd4d5bb4b497
twitter,0,twitter/0_real/0087.jpeg,493630,1710751202000000000,a24a301f6b040f9587a62723d9678591bef3db18fa540c19094bec2430c14c4d
twitter,0,twitter/0_real/0088.jpeg,448318,1710751280000000000,777db80281ce94378d298ad36841b98f6961c1828e22f025f47183a21c4425c7
twitter,0,twitter/0_real/0089.jpeg,435739,1710751262000000000,097591be99ff1cfca4a8d37ccefc59a28e6d5cabaee70bf90da260e9d5453c93
twitter,0,twitter/0_real/0090.jpeg,271384,1710755870000000000,a5180e475fc512e18f3164d0ce7645ed247fbe781ad1414c4d197d6f9edafa5e
twitter,0,twitter/0_real/0096.jpeg,317919,1710752826000000000,6ce33117f3c936228208e47ee767909d598e53cc077bbe5c32d930a2efe92973
twitter,0,twitter/0_real/0097.jpeg,300541,1710752870000000000,6756af0baba954c7f96965379981b02adaca3995378715bd25a6f6d5b8f13039
twitter,0,twitter/0_real/0098.jpeg,221151,1710750406000000000,561c20c7026bad7e0685021696349995b69460d6f743b6b0db14c6c619f4f03f
twitter,0,twitter/0_real/0099.jpeg,609421,1710752930000000000,68b3256e353e240907ed14d00d6ad3ea59b1be992dbe0a3055a5a6f231a0dfa5
twitter,0,twitter/0_real/0101.jpeg,119551,1710752570000000000,f07f9ca27748afe60e7b6fb11774edde2c903d5a3b8b20a173385c169b5e6c5a
twitter,0,twitter/0_real/0104.jpeg,286735,1710757196000000000,a3714873c1fcd70f499784e23599b2c15d0468edeff50cebdf326d1bf96fd4a7
twitter,0,twitter/0_real/0105.jpeg,299158,1710752710000000000,be8d0c0039d0644c7165ddf6291a60a07659c5ecaa83572c502440f8ce895c27
twitter,0,twitter/0_real/0106.jpeg,257221,1710752656000000000,74cebbc07b201e07e98bc55be3f57d83e361990ab3b2b53099208cb43d24ac9f
twitter,0,twitter/0_real/0107.jpeg,197931,1710750440000000000,141b26d1617efb570e7e86aa60eae314f7c138b40f538a664b76c06ca690ce12
twitter,0,twitter/0_real/0108.jpeg,644972,1710750608000000000,3d1fdb0c8b6f74ff49b168a09025085e33c3354fbe61c4d3efa3a475049b4bfa
twitter,0,twitter/0_real/0109.jpeg,1052371,1710752692000000000,e6eb3c63c8019b37723c64dc6b4b38a50e70122a0fe226f21b4269f8bbecaa07
twitter,0,twitter/0_real/0110.jpeg,528050,1710750556000000000,d28028d99676da73f25635c49fdca6103b356ec1d3a470ca17487c808412911b
twitter,0,twitter/0_real/0111.jpeg,451813,1710750516000000000,961c9a82bbc891b97bab84fcf5d9990c15fb19785ad0a70d9b2a7d9f0a141cf4
twitter,0,twitter/0_real/0112.jpeg,144306,1710750420000000000,9db685a0576b942c39fa244b0269682d62a1e1ce76efed4973289a6af6e7980c
twitter,0,twitter/0_real/0113.jpeg,259279,1710752672000000000,b5e1fa0652e016c74c49162de7f38925b37c3c66e686551b321688c0f2fe3ed6
twitter,0,twitter/0_real/0114.jpeg,261902,1710752596000000000,a7f1db725e3825423c5ad4f3ecdaf22c2e047b91b89d246c93fdc26b4da03301
twitter,0,twitter/0_real/0115.jpeg,561013,1710757232000000000,a572726b8550132223c56c6f39f8ef81c60306b76c39b07679a978390f6cda7d
twitter,0,twitter/0_real/0116.jpeg,1878559,1710752636000000000,2ec2aabad282548d52f3cb59af2cae3c827292d7f079d61ff95c3af81b0bfdb3
twitter,0,twitter/0_real/0117.jpeg,822434,1710756674000000000,3fa389dcca3ab3393c12fac08fec5325e4a399772c08e087c0a42d649024a18c
twitter,0,twitter/0_real/0118.jpeg,359550,1710753748000000000,d09d26f29f905d83e534b5df93286bc38e9e06604d1adbe2b82de38787d003a9
twitter,0,twitter/0_real/0120.jpeg,260766,1710756982000000000,9b839a2f40a6ed7ffa0eeac0d0122d99e55fb74a323d9902b482e12c1da134dd
twitter,0,twitter/0_real/0121.jpeg,366139,1710756532000000000,d48671388480d7752df760485262e083e2fce6337b0ccfa16dbd00e37ee00477
twitter,0,twitter/0_real/0122.jpeg,672688,1710756508000000000,fadff56586cbb185be7f3a758bb68ad91ad0452ead87ead5b8d54c679531510a
twitter,0,twitter/0_real/0123.jpeg,828570,1710756934000000000,9c9a7b7d2a5190690dab32370b382daab765a4f93a50764ac2861658928e8438
twitter,0,twitter/0_real/0124.jpeg,336320,1710754988000000000,71cd2c10d1e28818ef5f064ad440772a67939bcc78630ad51d5cb117f8cc7df3
twitter,0,twitter/0_real/0125.jpeg,171693,1710755062000000000,282d8aca377beef48764996e5fbd4ef3ae9e3a94a249eb53e6bb82c0b9367e17
twitter,0,twitter/0_real/0126.jpeg,596722,1710755598000000000,d6ad6ab89d38780793a50372dfcdccaec0db80af5e978c45b4bd7197888d26e7
twitter,0,twitter/0_real/0127.jpeg,663515,1710755546000000000,13e7b1c0cf710794e4f60f5c93ea49c0b5d4bfe5c9e82cb865d221b729d75f03
twitter,0,twitter/0_real/0128.jpeg,357646,1710755624000000000,315117913cc041da7c99851b3224e6a24b5f2c532398f942c95ffe08716c8fba
twitter,0,twitter/0_real/0129.jpeg,499020,1711255498000000000,b91389071a39d720f8f96a9a399d30c638f9ad37ec26ac803aac4e5e3e91bacb
twitter,0,twitter/0_real/0130.jpeg,2028438,1710752020000000000,2994250dfe7c4e7a8e81a0415c5949a9b24e766b33030e5e9c47ee1cab3e968a
twitter,0,twitter/0_real/0131.jpeg,459341,1710751996000000000,485c8d2ce5ef12f36984f64f333fc691387ef203367e1fab774850f4d093b315
twitter,0,twitter/0_real/0141.jpeg,504700,1710756270000000000,80bd1b9107238fc09f96b0a90b3e06cca9b91c2e475cfe7d26a649da97061b6c
twitter,0,twitter/0_real/0142.jpeg,1272328,1710754008000000000,3aa2bbc078d81781b9547aa8c09194e488c986afc483b0965c354a8cea741d71
twitter,0,twitter/0_real/0143.jpeg,335311,1710756256000000000,03ed901e0d565c2fff9b77a5e8bd017e9375a4f74d780922b18c0349c4ff0954
twitter,0,twitter/0_real/0144.jpeg,274056,1710753894000000000,62f7f246d998f492d4cb0fb56c8d9716d54d6c3f8b62e43cae511a817936a9b1
twitter,0,twitter/0_real/0145.jpeg,677817,1710753878000000000,3b589210934cbb0ea71383f22fe28a83fdabb082dd12d1252498a1f1f041d54d
twitter,0,twitter/0_real/0146.jpeg,250455,1710756304000000000,8cdbcb7026d61d0a12ecd8cc8ebc5ec18338aca5b32e69a271fadc892e345c5d
twitter,0,twitter/0_real/0147.jpeg,532265,1710753970000000000,1a8206167b06c704af542718acc00382cad669be99d9fe05d8396d3cb8a9d2e5
twitter,0,twitter/0_real/0148.jpeg,144153,1710756220000000000,fcf156935205ce03425d451c6d20f71aa59b9eb78f0bbd0eeb0a29b2214a9497
twitter,0,twitter/0_real/0159.jpeg,338673,1710751316000000000,2a7626a46c7eddbb30dffd6d13cfa64b21d7f24252efa7451aafcdc2d597f4d0
twitter,0,twitter/0_real/0161.jpeg,599188,1710752328000000000,8eab72d71c61caf280c5d8839cc078191dec8b97e41eefe10eaa7db6d5615915
twitter,0,twitter/0_real/0162.jpeg,1007489,1710752306000000000,7aa732a7735af813be73f66f2f881132727541821774bc749dada52d8e27af19
twitter,0,twitter/0_real/0164.jpeg,367460,1710824114000000000,156037724de4615d6d3a194102093f8ea44d76bcb31f652612143d3be5583e39
twitter,0,twitter/0_real/0165.jpeg,434196,1710824076000000000,cb347b510e19a7027c152e5774e5845b8fcb28af1216788a739b3aa82c7b9b45
twitter,0,twitter/0_real/0167.jpeg,175406,1710824102000000000,f3059188281428955243141a8952f6ac3dfd232e90dd27441923546758176110
twitter,0,twitter/0_real/0168.jpeg,1993469,1710755958000000000,11a22ed9ffe47bc4c8175209ccc0d840da39f2f7e36c0b57a26ec8924a522609
twitter,0,twitter/0_real/0169.jpeg,1159913,1710756006000000000,f7166cebe6f8f64c1162af71c31a63141c8810c7ff07cf03b906b0250cd66c24
twitter,0,twitter/0_real/0170.jpeg,542298,1711255956000000000,d1fc57b20934deccf0d977fe1aaafc1a99042af4be4fb17a0a625ec83e827a11
twitter,0,twitter/0_real/0171.jpeg,3107343,1711255908000000000,3fc38d9c7ecced49409f2cbec63b144cdc1672673c1ec8d15443621c50d44838
twitter,0,twitter/0_real/0175.jpeg,517555,1710750344000000000,564fd68a70509e6f30c696dcae1ebfb4cb506e1910b5ef014ee28e87401bc375
twitter,0,twitter/0_real/0177.jpeg,541454,1710823948000000000,31da609553382ad9309fc4f7b4e5bdd4c8a7da2f7985b252b5381bf46918549c
twitter,0,twitter/0_real/0181.jpeg,130971,1710750274000000000,9a9c9b8e475e694ff19a3c4b4951209615bbc2de884c86087ec2699730bc3890
twitter,0,twitter/0_real/0182.jpeg,439829,1710750362000000000,287367561f55b4f25011247cd720b903585a67311357d51229f8fb27a5d14191
twitter,0,twitter/0_real/0183.jpeg,216567,1710750300000000000,ab8f9ccd2a2880681618e62644f378aa32288f823a907cdf21a0eda8651e6335
twitter,0,twitter/0_real/0184.jpeg,561046,1710750310000000000,535dc91d2a8dcbe22636a67e48647bcbb23167bc45f8b07f0f09b45bf1adcc5f
twitter,0,twitter/0_real/0185.jpeg,544148,1710750286000000000,72b1b0dd50c27feb73938b328dba21352a06f9f511e0c2829cae058c5f543c99
twitter,0,twitter/0_real/0188.jpeg,1153316,1710757136000000000,953ecc8e974f992be3db194e4e6603424ae1f7c40672be9f19b8958e287a76cf
twitter,0,twitter/0_real/0190.jpeg,589405,1710757090000000000,e23b964a75741ea5322ed455c164e9188fe2dc265067d0a01bc0e1ed2fd082e9
twitter,0,twitter/0_real/0193.jpeg,418125,1710757172000000000,5dd1c3fe77009c6e7badb904ea952281d2225ad32c9c329bf2e70d050d0676af
twitter,0,twitter/0_real/0195.jpeg,433025,1710753192000000000,4aa7f823ec96f64cee47820746e8922d54bc07edf9b68d9429fee02f1ce1595b
twitter,0,twitter/0_real/0196.jpeg,282481,1710750260000000000,9ed3fff899fe7c9193b4950bc6c6927591808aaff6c24857bb92ff704c497bb9
twitter,0,twitter/0_real/0198.jpeg,284268,1710750320000000000,8b196d2b7f233bff91b9fae88d7982b3ccc6c3ff7b51318f5838ac580a7a0bfe
twitter,0,twitter/0_real/0204.jpeg,100219,1710750242000000000,e53d08505bdfc594b2b4f219f8a5ef3c0fbe2d14de023383b42986945dcc4c40
twitter,0,twitter/0_real/0206.jpeg,602743,1711257286000000000,26f9d4f2d86a98f4e16ea5e3d6025138a0a8f59410935d6ec49950d0788fdc68
twitter,0,twitter/0_real/0210.jpeg,804894,1711257044000000000,2a8803b3dfaaec26a2adf12d3e90990eb9a50dccc467ae22ed5a03998fa62a09
twitter,0,twitter/0_real/0212.jpeg,1400436,1711257072000000000,92c2cabff91c7bb34c92b239d2afff4576f77f670413a47e9f4fcba5bfcc5a04
twitter,0,twitter/0_real/0213.jpeg,608092,1710823858000000000,4b942a2cc8f010b7e2251a4879c4abb808549c9657179841bc17e5e805968120
twitter,0,twitter/0_real/0215.jpeg,358810,1710823874000000000,3de5e82eb072e5edb2a7a4821ad74d9dd089cdb478a84ce56b0579a2b9f2644a
twitter,0,twitter/0_real/0221.jpeg,101311,1710754430000000000,d4a9cc555ac720307c3db21ee3789fa4ad27b05d718a2179295ecc2ae08afbfd
twitter,0,twitter/0_real/0222.jpeg,380364,1710754496000000000,ac0ba8d13eadaa0aa6005e90ac29c1505319e133eb912f1eb7ee55b00cc14404
twitter,0,twitter/0_real/0228.jpeg,728168,1710754454000000000,8137e3117f588bc7614e32510080d3855e1940e319b84144e027a510109b98f6
twitter,0,twitter/0_real/0255.jpeg,753960,1711256008000000000,180f497496a0b2b81b8613727d2abcc9a45856a4625cdfedd5c9c34624382d3e
twitter,0,twitter/0_real/0256.jpeg,199875,1711256018000000000,33f3d9f3f64739d385caa9b471be03fe89a91283e7d9d4ade73e7dcf6981d7a2
twitter,0,twitter/0_real/0257.jpeg,836055,1711255996000000000,5a7ef5e5f24c7612432130904a2fc4119a90ff4421ccc29a96f9c5062e558bcb
twitter,0,twitter/0_real/0258.jpeg,556706,1711255980000000000,7bf82b3326c96a9881d1af3ccdf132f196d5b9090b79cbeaa6977f9d92e7a5eb
twitter,0,twitter/0_real/0265.jpeg,633300,1711258308000000000,accd99cce84b4f75104bd0d6c53407db3e00b304ea17420f4466846d943218ee
twitter,0,twitter/0_real/0268.jpeg,565173,1711258254000000000,f875ad9a102ad0595038bf471c1824a246771378253ff8afdb3d9eeeb815cfd7
twitter,0,twitter/0_real/0276.jpeg,392823,1711258284000000000,692402835dfbe9cad402ff2800404ddd6035332fc3247d13b7828ae1b7a20d8d
twitter,0,twitter/0_real/0279.jpeg,220525,1711258342000000000,c7ab68aeec56a0fa9f9ad2b1a222dc781c9a912ae99ab2fa748b04fc5d0106aa
twitter,0,twitter/0_real/0310.jpeg,1004680,1711005578000000000,7c3715e7ddf7452431c8135025c961635cc28e9c1178676bd373429018c64b1c
twitter,0,twitter/0_real/0313.jpeg,130300,1711258324000000000,487b18643081113fa0bb0e986788f889a1cb98b481f852c2f987a573bcf57722
twitter,0,twitter/0_real/0340.jpeg,537615,1711261274000000000,4dbd74394e299001c0dbd48c217c1ef928f32c552435035aa90a7449788b394c
twitter,1,twitter/1_fake/0000.jpeg,126779,1710821214000000000,5e059b2b1016ae2b1231422a10ba76f2fdf6efadf69d89ea2b57992dcd705426
twitter,1,twitter/1_fake/0001.jpeg,108532,1711015838000000000,7e922c81afaf0eae259319968501bfb3c2bd3a585ce105feb131b6767356f17a
twitter,1,twitter/1_fake/0002.jpeg,372783,1710999698000000000,969c9160c231779d6c856ea790386e5e2bcf0cca0e5ab9bc39997e7a839925af
twitter,1,twitter/1_fake/0004.png,521469,1711000034000000000,0fe827caaa2a8a31e344bc54a3cbecc45765d8f952d67ee16c74fd509c609e48
twitter,1,twitter/1_fake/0005.jpeg,752035,1711254742000000000,3d7495fa346312ec2ee78371dabe0e75fa2a81f8bf553a94f13053a5820699f2
twitter,1,twitter/1_fake/0008.jpeg,735378,1711254730000000000,75dd0be0df0708588888eecfcfd7d51008ee893e56046d9b180097cccbfd2cbd
twitter,1,twitter/1_fake/0011.jpeg,66390,1711254710000000000,41badeda2cff5c4d77a31c4e66e36c3971892e792dffb698eb5f28597a1396ce
twitter,1,twitter/1_fake/0012.jpeg,51322,1711258178000000000,12ccc5087242226ea9262d7b50c71d2f1baebcc2a3d1bf4dba2280ad1214e3d6
twitter,1,twitter/1_fake/0014.jpeg,354690,1711000102000000000,1ec5f6822b94fe6b2013d209b8ec23d6b1c13e858b23113ba7ebf9b7ee0e599d
twitter,1,twitter/1_fake/0016.jpeg,70645,1711016598000000000,40dae0a9cef11786803a8b369865fed7092acf4a8c8864175ab9a09047f1c198
twitter,1,twitter/1_fake/0017.jpeg,157986,1711258140000000000,0c4477d299d3ebd863f12ed2ec5df5e1d8017fa4c88524ed8e8914514ecdcba2
twitter,1,twitter/1_fake/0018.jpeg,849242,1711254694000000000,c8c3732a9dcdffe3e5f4062276c6e5ea83868c5081cb58a4e7ae383a6fd9c592
twitter,1,twitter/1_fake/0019.jpeg,1225838,1711254686000000000,a7b90c8f3101e22183c792b45ac8704a1fca78f618ec7fb2845a95ebad812d49
twitter,1,twitter/1_fake/0020.jpeg,1018943,1711254674000000000,91f956ac91e42c5155f82652124e4843ca3569973ea33e82732c2e9b961322c3
twitter,1,twitter/1_fake/0025.jpeg,161714,1711016630000000000,06163f67abe6567480547be3a717a8f93743a1fc7b856ef22efb663aa80b006a
twitter,1,twitter/1_fake/0027.jpeg,132560,1711015276000000000,d27428ccfb698f6c3851fbfbdb8390a0cfb42427a7223f017718bd6e5e436b32
twitter,1,twitter/1_fake/0028.jpeg,119399,1711015230000000000,5cd931e79e90baaaabb31877c5392376591ee91a6fa931d0ed2d14a27658ab7c
twitter,1,twitter/1_fake/0029.jpeg,141833,1711016144000000000,f7448da09defcc2502e97c6b6e429a6f4f4fa6a53ad4761ef205b1677f1ead81
twitter,1,twitter/1_fake/0030.jpeg,146357,1711016084000000000,57af46a2fa034285b43df37d44f72f49b5c4758b3c5265833c8c2fb0898bebda
twitter,1,twitter/1_fake/0031.jpeg,219919,1711016200000000000,28e439c9ad41184bf046e215d3a44b04a633556ebd4f730906228344cdd58dbd
twitter,1,twitter/1_fake/0032.jpeg,116012,1710820550000000000,f128ccad3e31903d4ef863399814eac124147cee11771d1d093c98688929c537
twitter,1,twitter/1_fake/0033.jpeg,246668,1710820574000000000,c8062752c07abf73526ea795ad1d22edb2cb171a631d81f034643b523bbf75e2
twitter,1,twitter/1_fake/0034.jpeg,141224,1710822646000000000,0e4aa7624cd9b1b0f81d453963d180f4c1225ef9bc4e608afa0328dbc6f19bb7
twitter,1,twitter/1_fake/0035.jpeg,273749,1710822720000000000,59cc5d787d68fc6f6c71683e004b6ab8b1128fb269290ed572c00736ed216da5
twitter,1,twitter/1_fake/0036.jpeg,279188,1710822672000000000,df1ee93a87e3ebe9077a5002204a506eecb65a999967efe4a7d8518d28912f6e
twitter,1,twitter/1_fake/0037.jpeg,107341,1710822782000000000,7d3b15edc1e148f598a29308dbf5fee6e3dd68441c38f154f0bd1e8e8e663349
twitter,1,twitter/1_fake/0038.jpeg,222647,1710822616000000000,fe3db676f1a988662e07b92447dc99cf8294a9da7c9dc9d193fc81cc5edea491
twitter,1,twitter/1_fake/0039.jpeg,1239451,1710822596000000000,0bf1d0ff281a95c09a97882794eff3997744a07ce6bbdfb8fffc386a5db02ed5
twitter,1,twitter/1_fake/0040.jpeg,174243,1710822658000000000,694ffa0c3282011923db0b910123bb0d48b51875945c40d62940e4707707abfd
twitter,1,twitter/1_fake/0041.jpeg,245817,1710822524000000000,816d516d26be500a0066fa5f44a4f7c5f87e5aced4d3a95518bea0a10636a713
twitter,1,twitter/1_fake/0042.jpeg,258671,1710822452000000000,252558e734ede0eb1a10af7d6c443d24d78ed9b2f378d3fffd4d717dcf7c5060
twitter,1,twitter/1_fake/0043.jpeg,635656,1710822432000000000,bfbe8b47bace099c8a011dacf3cc15b26d22e8502dfe8c35f5f99ca3fa92920a
twitter,1,twitter/1_fake/0044.jpeg,304975,1710822554000000000,839045e97f4378288d6315a30825351d996d333109064fe01c709041a12b0a94
twitter,1,twitter/1_fake/0045.jpeg,319181,1710822564000000000,5acf0d661c623f5a097bf2a63273281ba90e9524f0736e73ce91c7ac1fc54eaa
twitter,1,twitter/1_fake/0046.jpeg,238258,1710822802000000000,6735834dcba8e9656edcb736d1bcabe1f5e3ce994991fdbb904e1ec97206865b
twitter,1,twitter/1_fake/0047.jpeg,94038,1710822738000000000,9899a0574d2d5cc17a44b1bf42aea471726dcf79e236a6a0334d4fddbfecd941
twitter,1,twitter/1_fake/0048.jpeg,164728,1710822752000000000,32545d2859063dd6ea29d282bf0d70b240fe60932d3dad77b2c1f8b503736ad4
twitter,1,twitter/1_fake/0049.jpeg,193952,1710822708000000000,eac15337524a2ca52ff949b8a6de970ac034da282d1aeded4e7eb4b295f18e97
twitter,1,twitter/1_fake/0050.jpeg,388010,1710822394000000000,4212a7a37c2c794e5cb099533ce765f51181b30f155bfb4a133912d49d3ce9f6
twitter,1,twitter/1_fake/0051.jpeg,182745,1710822684000000000,570f4ddaf1ab7347d945a685dbc92af80e8b4beb90bdbe2e2b6f32ca250942ba
twitter,1,twitter/1_fake/0052.jpeg,939667,1710823144000000000,fee91622be3fb81ee40758c30c32d2682db00c57bf0e22e136e038ec7a583da5
twitter,1,twitter/1_fake/0053.jpeg,540164,1710822878000000000,0dc863ecf74e8c8fd6edaba7a8de750986bf3ace3b9b0684029bace315e19f22
twitter,1,twitter/1_fake/0054.png,573071,1710822838000000000,41d74349ebe831839619aeab26a30eab8c3023e6cc492dc0bf719156d4422eca
twitter,1,twitter/1_fake/0055.jpeg,319472,1710823178000000000,acac82773a8dc3636f95acfe2323c26ff0e18fe56c05ed5d283bc6f08525b96d
twitter,1,twitter/1_fake/0056.jpeg,73300,1710822850000000000,65e6dfcaed75f14010515f147c9b112f88d49995c1e8eb21693a51893abee512
twitter,1,twitter/1_fake/0057.jpeg,143320,1710823100000000000,7e35e15b910a835438b9fb52fd81419bc524f2362daa7bfbaf23269febfc7bca
twitter,1,twitter/1_fake/0058.png,582710,1710823072000000000,59682b0dd9de4febff4888501b5a07b1837a24172115d308351ff6f8a138b715
twitter,1,twitter/1_fake/0059.png,548380,1710823078000000000,11f5ae8db0bc3c5877b97e3bd6b05297a62dd7ea3751f55054fd56620aac2476
twitter,1,twitter/1_fake/0060.png,450912,1710822956000000000,4464f675c7d33928967a251db2e18da8db85ce2640ae195109b110514c9d1f4b
twitter,1,twitter/1_fake/0061.png,482777,1710822980000000000,ef3546017660618860f6af3e45d61991cbd8c971e4d1aa518fc5660a773312e0
twitter,1,twitter/1_fake/0062.jpeg,755042,1710822994000000000,813b9bee7135505e5b4e2e4e62558320fc52f10ff22f053c9cc2682c46ba5b3f
twitter,1,twitter/1_fake/0063.jpeg,90347,1710823120000000000,47a4849938d4165b0e2c55797b0c1508c714eaedfe5d2f6bddab9ff9cbe15688
twitter,1,twitter/1_fake/0064.jpeg,51145,1710823166000000000,36d445166a561986639978b1e9e4580cb05b5d563db5eed3ce0ee69b9e04d604
twitter,1,twitter/1_fake/0066.jpeg,65322,1710822894000000000,645808fb82c925eab00529c391b4f535537257d51701c7ef99dae1066ec30482
twitter,1,twitter/1_fake/0067.jpeg,105319,1710821638000000000,3eb330fe43ee3a82169f7aeda365f46c8e7ba0704a929ea4663a1f41852cfb93
twitter,1,twitter/1_fake/0068.jpeg,98932,1710821564000000000,182be6cb5ec06f0f55d542c63b00f484fbbaeb8304e080fbc2e1daf07ef8a047
twitter,1,twitter/1_fake/0069.jpeg,382391,1711254650000000000,a4ec64640cf5c8fbc52b2c58ef7e09503b835d1b7d6350d6ba22a1ee34e77dbf
twitter,1,twitter/1_fake/0070.jpeg,1107870,1711254658000000000,3fdb1af6499f8df26039a76f3d875e615d8f3f84332e8bcdf067075bc6d61906
twitter,1,twitter/1_fake/0071.jpeg,1450931,1711258202000000000,8998b72075b10c1e2291f30e5d1f3dc54d915806f2daacd009b839b937e63487
twitter,1,twitter/1_fake/0072.jpeg,856404,1711258214000000000,d959725136a58d49e5fca63ac30a7dccf079f0806caee26abb42e5fc652bbe77
twitter,1,twitter/1_fake/0073.jpeg,655503,1710821470000000000,d2c3e702fc2e2094f7f545880f0b1dda6ccca7fa57b0bc7ce24be700695d944d
twitter,1,twitter/1_fake/0074.jpeg,336627,1710821986000000000,622f502cf93eb1a0dee5003952e15cd4779572d2487b29d8a6a8130035b2d668
twitter,1,twitter/1_fake/0075.jpeg,394737,1710822080000000000,f3db8b61b796248df1154d5b74fe9b83858a4fe8e84ee872e99dcbe0ddcfef7f
twitter,1,twitter/1_fake/0076.jpeg,271768,1711254512000000000,9a6a35acc9bf344b02f7b1a7058a23a937748ff296fb7851807f6dc7f6f12b65
twitter,1,twitter/1_fake/0077.jpeg,143511,1710821654000000000,8c28c27b5d0d2fe4c3e30a8ce6e0029d6b14807ff06e1004743d1864c5467de6
twitter,1,twitter/1_fake/0078.jpeg,48011,1710821670000000000,3912ab15a08266574aaae1497a1cb5cdfb3784a63c6970599fa9abf4b3d7bebc
twitter,1,twitter/1_fake/0079.jpeg,38988,1711254528000000000,82bbcf1138cb2774f4ffaa7baf176ddd012b4d21811527faeec4c28248f0ee45
twitter,1,twitter/1_fake/0080.jpeg,190087,1711254904000000000,ceb6ee2a9b8bc9552f1e551088aca33d025d75530c531c06f5d41144184f15c0
twitter,1,twitter/1_fake/0081.png,832686,1710819850000000000,2a054516e8a9c52d67924dcb4d81ac811624322d7b44dca62c9f8ce7ad42670b
twitter,1,twitter/1_fake/0082.png,1091045,1710819736000000000,16dede870bc552d74abaaefb136fc87e053ed912908c8269b661e7ae514b7c21
twitter,1,twitter/1_fake/0083.jpeg,117673,1710819880000000000,319543348fba7d298f5713dbdbde9c9bc67daa436ddb85cbb1d714ef6bd45a28
twitter,1,twitter/1_fake/0084.jpeg,240737,1710819570000000000,3fab7458b3bc106364036f5084fb3d9fb2790f207309989d9cacaf883380acb8
twitter,1,twitter/1_fake/0085.jpeg,199657,1710819864000000000,5a4663d838c1eb00020edfa5aa7cb9bac610a1d27e01e7c10c8009ec0e9a33b5
twitter,1,twitter/1_fake/0086.jpeg,136699,1710819178000000000,6ad6282e699ea7116f865441375f84c07f88bbe71016b8e4c1286b95880a7dfa
twitter,1,twitter/1_fake/0087.jpeg,377086,1710819700000000000,e1bd124813b3c9c94f4ffd94087961a26f804b92f8177343b940fe2b86b7fd12
twitter,1,twitter/1_fake/0088.jpeg,111253,1710819198000000000,6d69f7a38e17656aaf6fd3ef7572c9cf218861df0697b77517167305b0f5fca2
twitter,1,twitter/1_fake/0089.png,403060,1710819484000000000,515943d6079f065ed145ad1d24808788d9427ad2babb2457098e85501fa5da80
twitter,1,twitter/1_fake/0090.jpeg,810528,1710819364000000000,769f6dfb704954c93b40d8a22bfe7d87fd923debbd496c662c82453b9053b746
twitter,1,twitter/1_fake/0091.jpeg,1239932,1710819512000000000,bfce39961b30ab2d4e078882e17f152c73abc3de3896ec27a5ba61b08c76ca52
twitter,1,twitter/1_fake/0092.jpeg,808010,1710819464000000000,b1d82e2fcdf7b23ec099bec2936135e8d399cbfc119c491df1cf62410ea74494
twitter,1,twitter/1_fake/0093.jpeg,142320,1710819644000000000,0ada2b7befcab633d0916d5547777b921718b7b79b38ce729776d4a33423578b
twitter,1,twitter/1_fake/0094.jpeg,162996,1710819654000000000,349bbabe09a9938c6d02dc3d044afe82ab7acb874a8e4289694984c6e1530880
twitter,1,twitter/1_fake/0095.jpeg,364431,1711257862000000000,57ef2aa57f2aedcfd0ec53cc2f94ed628519df938aa86ffaeed1c76b0322877c
twitter,1,twitter/1_fake/0096.jpeg,130056,1710820694000000000,0bf72f5bc4936f16bc7acd0193b5a7b1791573898444da313ac7b1329473020d
twitter,1,twitter/1_fake/0097.jpeg,171166,1710820746000000000,b4c7780065ce4bfdc21c027de2d259cd2b7dedd1defef4b64a5e99d4df42a14d
twitter,1,twitter/1_fake/0098.jpeg,191403,1710820792000000000,ccfe4d7849cc1e5da56044b90fb2ef20744c566440fca403c7c05cf66c21ebed
twitter,1,twitter/1_fake/0099.jpeg,439324,1710820710000000000,cf7ebec366fc5683c3e505ab9029f290579c35c0b24b11e3d699c75941ffe198
twitter,1,twitter/1_fake/0100.jpeg,125118,1710820852000000000,ab9c59985896c245ed3f27d79f32a59decd9bad67023b0ee60e03088458c8e0c
twitter,1,twitter/1_fake/0101.jpeg,149006,1710820650000000000,a02d3cfe5bbc3c1e47bd58f44340301a8e1476e755832b4f0acf4ec0869d844b
twitter,1,twitter/1_fake/0102.jpeg,148982,1710820884000000000,4b0df07a3227b2a48e8c657f5ff8dcb132d48516a5a2d5216a77f3447478fa22
twitter,1,twitter/1_fake/0103.jpeg,118968,1710820768000000000,3e91c2fc78f68290c4395d81dce5a99865b7dabb1065db0c46f11eb7d79e95cd
twitter,1,twitter/1_fake/0104.jpeg,53639,1710823314000000000,7ca07764be94cd0d501d83b04766e5fd9581789657886e053f09d9b62a7ce698
twitter,1,twitter/1_fake/0105.jpeg,93219,1710823212000000000,24be11556f1175d358f34bc03f62cb6e68b28d938ce70ec08349ed7f58b38259
twitter,1,twitter/1_fake/0106.jpeg,148116,1710820664000000000,001819c8d4d9fa2e3faf0f1501342028f47eefef51ceec40a7d25ce9b319b441
twitter,1,twitter/1_fake/0107.jpeg,137104,1710820806000000000,f9e3b976bc07acc33b671d69f5efa1703fcc55139ffb74a79a4bdd2854696917
twitter,1,twitter/1_fake/0108.jpeg,89020,1710820024000000000,e0f6720d04e57a2285409eed7a5749d0f78352cec9f7fd95ee96dc8f5984a8d8
twitter,1,twitter/1_fake/0109.jpeg,152274,1710821954000000000,deed6f7439c0d8a829d2da1a0b11415a6fc9da763782b34f9a1c1fd183c4273d
twitter,1,twitter/1_fake/0110.jpeg,147841,1710823530000000000,ebbf3c9ebc4d7e9b8deb131da5738c22aab33d0f0ee143ed79549f0a68765087
twitter,1,twitter/1_fake/0111.png,994413,1711006992000000000,8fdd7f5d118f2af6dfdde6f956f12edff35b5b1f0c0df4f907beb7c9fca1f416
twitter,1,twitter/1_fake/0112.jpeg,1507581,1711006898000000000,e300605fd46fc0cf1395d62b6bee9fbc4ca3b6c2e6b730d1780974fefe58bcfd
twitter,1,twitter/1_fake/0113.jpeg,103734,1711006686000000000,edb7bbf45497dafa05f6706e3c3c0f9addbe12fd4cd2345c2bfca136719a44b8
twitter,1,twitter/1_fake/0114.jpeg,379036,1711006826000000000,7dd8bb964b82d5c53a00f64526f6c4923dd073266e3858a60490315192f3cfd2
twitter,1,twitter/1_fake/0115.jpeg,175977,1711016476000000000,3ed75ea3f31fe7c13b122db0dd2b486b2d1abf8e213bf33a2311d9b54b084826
twitter,1,twitter/1_fake/0116.png,424231,1711016536000000000,e0e3db4b51dc6e0dd6e00dccc62e9d38dcb673a1b41579daf126920f3699e861
twitter,1,twitter/1_fake/0118.jpeg,996952,1710819924000000000,096e8e1b06a9c42f9ca6658957d56310ce31436bc12fdf15257464850c80bfcd
twitter,1,twitter/1_fake/0119.jpeg,177894,1711007238000000000,1179692031fdba0823d88bc8fab78d4612f6b39dcf2863ccd769f8250b840d92
twitter,1,twitter/1_fake/0120.jpeg,255571,1710763162000000000,5b5b2db0eac23dfdeee59efbfbe3442ecaf4feed559323577a7032bd3c16f164
twitter,1,twitter/1_fake/0121.jpeg,84475,1711257814000000000,e56023cca4fb3e8a8e8a7da8f61f6d1f69cb9f65f3537b95610439c1f74655db
twitter,1,twitter/1_fake/0122.jpeg,174110,1710823430000000000,b76aee6689d0abba356e36c284bc5037b05161b9d1728bdaf3a5e0b48abe05da
twitter,1,twitter/1_fake/0123.jpeg,385130,1710823452000000000,c8b3f3bbdbcbb477791d3616ca18cbb42ec756b0f99f80f8b2bb29bd469cd512
twitter,1,twitter/1_fake/0124.jpeg,83738,1710823594000000000,73c32782a2b2f7fc729f556beaf25d0c32115b3cd9c444d71b3e64b331c002e9
twitter,1,twitter/1_fake/0125.jpeg,43996,1711257762000000000,99b788527982de0cf805169a54f05d1b96adda7a825f85dbf741866ae6ba0707
twitter,1,twitter/1_fake/0126.jpeg,158724,1710763386000000000,95cd96d1632c2dc797a3444018850b6521921f7ff62c1d8410b2af553aa7e954
twitter,1,twitter/1_fake/0127.jpeg,179223,1711257710000000000,ff441835212d488cbd7582c7c602bbd55932a407f7e8db273729b64225c50179
twitter,1,twitter/1_fake/0128.jpeg,1439622,1711257826000000000,e140fbdc5ec4dc72655cbaef9167f482be808835c7ed3952ad9df40e0107c82b
twitter,1,twitter/1_fake/0129.jpeg,86804,1710763602000000000,82f7f811572988e351b2c945dbebab7a83c61a972f57ee1df5729c9730d62f12
twitter,1,twitter/1_fake/0130.jpeg,381766,1710820104000000000,4926df7a726fa19329f56bf421ce816786cefe9ed53ca652340579b151a751fe
twitter,1,twitter/1_fake/0131.jpeg,296520,1710763486000000000,c6e0015d48ed88b474c6ba2422bc5c06be953204beb18001b382686de0366dae
twitter,1,twitter/1_fake/0132.jpeg,109508,1711016388000000000,e0a450b79cecde0a738edf3c1f09ac11b96985ce6c853765172bb80289188a60
twitter,1,twitter/1_fake/0133.jpeg,104515,1710763524000000000,68666cae7dbc5111fd0d9eecd2c4d5f009b93d926d85a899031ea2cc76f8c8cb
twitter,1,twitter/1_fake/0134.jpeg,114349,1710763578000000000,3df2ad7f1e96b04bc9bbc04fa8379756408816a745df8db3939ff5ab758ec580
twitter,1,twitter/1_fake/0135.jpeg,69057,1710763508000000000,858e2660a130ebed7ac479b427ee00c8dfb0a366b69b61a63ca5a623df874c8f
twitter,1,twitter/1_fake/0136.jpeg,360189,1710763448000000000,e4c0509a7f2aa16814b9da516aaa9ff557211d079fb72b0070b3623fa51fa339
twitter,1,twitter/1_fake/0137.jpeg,174841,1710763346000000000,c7af09378d741b0135ad7c5c08ca1ba35e6aae581498c120f206d2ba968cd180
twitter,1,twitter/1_fake/0138.jpeg,128836,1710763220000000000,56a9f61db96e251a2e594b15d857f79aa27bb887b88a2c2ee944509a902ea024
twitter,1,twitter/1_fake/0139.jpeg,70280,1710819994000000000,00652faf174163840b17e8d9690e31e7d8783f19d435f021e111cf270da53363
twitter,1,twitter/1_fake/0140.jpeg,99500,1711007082000000000,a3d75fa9a8db8a1958f3d540417ea68120c6e8d44c4af45a5f2dfa56905c105e
twitter,1,twitter/1_fake/0141.jpeg,186183,1710822174000000000,828e99f40e1cc143f38e8599567b2331607b683aa368b8ec07dcf7784c2124f3
twitter,1,twitter/1_fake/0142.jpeg,49193,1711015754000000000,eb515d76b1f17884f2db44b30e7003e3a0838e2bc8f1cd2c35845e620065c2f6
twitter,1,twitter/1_fake/0144.jpeg,194266,1711254544000000000,72c58fcbd58d6bd612d887f7f1053ea97167b9d46c4d258b75e18f78cdb4d222
twitter,1,twitter/1_fake/0145.jpeg,103807,1710821874000000000,2545d2621b6dfe5d9510ceccd6e5f476e0e1fa4e11d895c32559ccd21f382670
twitter,1,twitter/1_fake/0146.jpeg,266198,1710822192000000000,5576aa8c5ed1a7395c7eadda5e1480fe4ff3be2086e5a03dd09e68fb2d7f7fbb
twitter,1,twitter/1_fake/0147.jpeg,203438,1711257724000000000,b4debd1148546aa538c1554c53bdee1041f0a6ddddfcb40e905c15ac85fe6b91
twitter,1,twitter/1_fake/0148.png,385195,1711007388000000000,c6c1ec3ba70ce62f2d02eda05e4ab5b65a31ddc8c07a617cc575ffb61b75dbab
twitter,1,twitter/1_fake/0149.jpeg,190172,1711257964000000000,f7f8d9a09ba0c207c6f71ef1303d529a652a445b1b67419561b4b44ff5ec6adf
twitter,1,twitter/1_fake/0150.jpeg,361697,1711257784000000000,2100474d7152f29a28881a76ce68037050da7dfc823a8a493bf746e7d3b51022
twitter,1,twitter/1_fake/0151.jpeg,167301,1711016454000000000,c88a24228b70234c9eed1907f8e37ee1779726ce32f8a408830d6d62160b4218
twitter,1,twitter/1_fake/0152.jpeg,362511,1711257770000000000,e6c90884fe56cdf177ad1adafac9381cbbad09a82a0d5eb6d3ff47aaa0583032
twitter,1,twitter/1_fake/0153.jpeg,167241,1711016270000000000,43d736459e57320469c0c0f91d6226ceaecea681d8e0cff137f4c4318f0dcfde
twitter,1,twitter/1_fake/0154.jpeg,188896,1711016418000000000,2a1bd90b0062142bf6855489426f27abb247432fc63b0b9d45170dc470483201
twitter,1,twitter/1_fake/0155.jpeg,69422,1710821718000000000,743a3d83cebfdd8cc9bf78b3f66a32778fb1918eb2d03980695ea3bd30ed2754
twitter,1,twitter/1_fake/0156.jpeg,134941,1710820092000000000,8cbab901e3c45ece4ec740123ed91f606ccd34da6f4234c92707d43b0c6fc21c
twitter,1,twitter/1_fake/0157.jpeg,184685,1711257986000000000,ea5c17ea7ce203a5552827629c684a81b5224b845afc36efe314e5499f29f5bb
twitter,1,twitter/1_fake/0158.jpeg,105120,1710821754000000000,d3d7ff340987f2cc17891628b8e79d2754978699c5907d84ffb21fde27fbb201
twitter,1,twitter/1_fake/0159.jpeg,169995,1710821768000000000,a3c2f645f7f7177c822ea738c526c3b7a84213225cd1196d707b4affeb5dffb8
twitter,1,twitter/1_fake/0160.jpeg,133512,1711257750000000000,d76019cbfa8a645114ced3978ae388bfd17503f27b335cd6e4cf88b08330997c
twitter,1,twitter/1_fake/0161.jpeg,178222,1710820064000000000,fa4cb206eff866a6d64ab108a1a66ee6ed667f7a2cef9a11066eaf294c988fae
twitter,1,twitter/1_fake/0162.jpeg,178206,1710820078000000000,244c12eed5904a6ee507ae00cf3cba4c7f6bb0d82d9063cf770886324e12bef5
twitter,1,twitter/1_fake/0163.jpeg,111231,1710820266000000000,1c5e264d5082afdc7db48e209b6bcfb6a4f8bbedbcbdf8d3916308818b272cb4
twitter,1,twitter/1_fake/0164.jpeg,97766,1710820294000000000,288c5792f4d2d7e2260aa82b2dad28c0a437cad80f00bbcd2f7d3ab26ff0bae5
twitter,1,twitter/1_fake/0165.jpeg,46158,1710819968000000000,639d79121f6f34cd56b8a1132cc383b0e20b31ddee5e7d4d5605c30b816745fc
twitter,1,twitter/1_fake/0166.jpeg,128417,1710820322000000000,0b86b904d1510e6687dd6ea8e5e46c117e6de6c17f2cec129a6ae241bc12c451
twitter,1,twitter/1_fake/0167.jpeg,817736,1710820306000000000,cea340152fb77a7c988a153e82bcf685e3581dff3b581f4a9bcfa71b02c50537
twitter,1,twitter/1_fake/0168.jpeg,110508,1710820220000000000,e2b1c7b1ecce6907fd4174545262b2376f0e9dfe967654dea07d7f9aa3450358
twitter,1,twitter/1_fake/0169.jpeg,184944,1710820362000000000,a0fded176b4428ce7b2b87f7cf10600fe05bc1a412c12f3b972ada40190fd568
twitter,1,twitter/1_fake/0170.jpeg,107882,1710820202000000000,9fbd3022d9831634a4b731f5ff4b35ec3a9a449008ad200df067c23e47890c22
twitter,1,twitter/1_fake/0171.jpeg,94032,1710820250000000000,7318ba7bfad04d228d976fd8faac3d798292ab4b92d5e87d538504dc9c5db16a
twitter,1,twitter/1_fake/0172.jpeg,276533,1711016442000000000,69f332f96ee3456b5bfd13848fbb92768ae8d80771ce7871fa97ddb6c193a628
twitter,1,twitter/1_fake/0173.jpeg,27150,1710822166000000000,33afac21fef5c4ab6d604ee1179154a34285217b2353c1874711bc2b1f226a5a
twitter,1,twitter/1_fake/0175.jpeg,158003,1711253904000000000,839ac6d8cf168424b4513063b8273ef2003354fcc51d2db91c504f262302da4b
twitter,1,twitter/1_fake/0176.jpeg,108961,1710821888000000000,04cf5e1e1873bc9a99c0a016a9309b1ed62b9ec7327f0b4d3da4cde120afdc9d
twitter,1,twitter/1_fake/0177.jpeg,203942,1710823732000000000,8a599320e251f9f3d024840a025869d2c1f4ea5961a94db0079291584f8a28e5
twitter,1,twitter/1_fake/0178.jpeg,137871,1710823720000000000,d718faff93e3a91151250f6538444678a437376b521128236bf23f5b1b14a580
twitter,1,twitter/1_fake/0179.jpeg,159601,1710822094000000000,a3f78221a57c6664514b2e75e358a97221a1378fe0fd53732619e918508d0f3f
twitter,1,twitter/1_fake/0180.jpeg,155412,1710823792000000000,ada9ebc70481137a2f0e2f3718b797d68b69832d454576f625f3bec7d8519759
twitter,1,twitter/1_fake/0181.jpeg,179454,1711254312000000000,46b667e757638abbe587dd7a0f0e397db36551863e533fd6629966de719d710b
twitter,1,twitter/1_fake/0182.jpeg,95495,1711253838000000000,1e5b420d2bf7f4266b750293c90590e7fd57e05889448b4150f984329ded7d68
twitter,1,twitter/1_fake/0183.jpeg,106128,1711253812000000000,3043d252e096482f93cf07b7651d0ec807949ba9d84f2d81c442265929b9e866
twitter,1,twitter/1_fake/0184.jpeg,215949,1711254552000000000,9aeafed8f1bc2e971512377b3d4566015cc63770248f44dc6ccbb08675152699
twitter,1,twitter/1_fake/0185.jpeg,41784,1710999998000000000,e1cbbe23d8f01ce247bf45e211a8f78a9034c43de99fecb14b61b837325dff7d
twitter,1,twitter/1_fake/0186.jpeg,453892,1711000008000000000,0b193756ffa0b8aee89626999ab34e920d8b530a16beace9131e304f11bf6e5a
twitter,1,twitter/1_fake/0187.jpeg,62902,1711254596000000000,56945b8c616cb5e719451d984de12becf919aad0a9cc60a9db33f9968a4f8123
twitter,1,twitter/1_fake/0188.jpeg,193742,1711258154000000000,ae31a647cb692c817f067c1d4fb83798ad6c29f1bdd93d8b60a2af098b46c2dc
twitter,1,twitter/1_fake/0189.jpeg,105497,1711253850000000000,1df0f351d622efb8659abf71481ac3c1e28628e2a0aa67a89d8cd81538c5ae0e
twitter,1,twitter/1_fake/0190.jpeg,90576,1711000086000000000,c464982115f37a8fb1f65f744bfefdd5df9511588f2ca73ce0446fa7e1eddeaa
twitter,1,twitter/1_fake/0191.jpeg,162940,1711254460000000000,2dd7e0eb3491593158674891b84b01541a426d5f5b7a1834cfb54fd485232001
twitter,1,twitter/1_fake/0192.jpeg,236980,1711255028000000000,5e0bbf55de807c4d5f6d7b35a79fa4145ab15842faabffc1352b82e7e0d714a5
twitter,1,twitter/1_fake/0193.jpeg,208104,1711255018000000000,a221a2cfa27cc02f854c9b12db9e4ba38ccf09c39c0c932364c48fb4de937a3d
twitter,1,twitter/1_fake/0194.png,683229,1711252798000000000,ebccf4f315768778e793bd07f80ef63b9761ddc062f7fd7ebe67d02d82613461
twitter,1,twitter/1_fake/0198.jpeg,654686,1711017420000000000,9453661cc75fafaf815eb8d7392c13a5b63a74cdce7c8cedd606bdb1db1f8b2d
twitter,1,twitter/1_fake/0200.jpeg,760723,1711017406000000000,afbab74c0405e068ef5586dfbb70b1596073cc988e86855aa1a76752abf036cf
twitter,1,twitter/1_fake/0202.jpeg,1049167,1711001838000000000,9157fa33970b5478fd1cccdfdbc01a93b7e7ff10dace6f21d80a9956de6285d5
twitter,1,twitter/1_fake/0203.jpeg,479597,1711006464000000000,d6b7ea51f9f22b98fc78f41fd452f5cfc0183edaa38676ef67fa43487ede4d2c
twitter,1,twitter/1_fake/0204.jpeg,277908,1711006402000000000,3e57c73cf5d398daf017ad2e84b266e3dc5e937bdd6f921cc58e0e212bcac3dd
twitter,1,twitter/1_fake/0205.jpeg,183975,1711004224000000000,e0ea787f6793331577e8de77786481a9279af13f7c9a37b2d074d26304e53782
twitter,1,twitter/1_fake/0206.jpeg,212620,1710999728000000000,13086ea164821eb3b3960f7ff8a2f8ada65cc1899376935c793cadd940949171
twitter,1,twitter/1_fake/0208.jpeg,803564,1711017354000000000,5102a3ea4db999b38bb1d08b6b0b6faf65ef3e4a32eea5b7d14dff3de186d2ef
twitter,1,twitter/1_fake/0209.jpeg,391736,1711017338000000000,503d9a4eb19a413d19b7d565f5b613d6d2b3fe67483dfbb5e852ec6674278daf
twitter,1,twitter/1_fake/0210.jpeg,224492,1711253412000000000,6b41fa940d0f3f646f1984b7d316af9e8a816b9c4c86d59cfc15b4355343c0b3
twitter,1,twitter/1_fake/0211.jpeg,57296,1711253402000000000,42b79af816674b992c3278ed1d389214d2f1923fae55be0022ac8ae0a192d3b7
twitter,1,twitter/1_fake/0212.jpeg,1661593,1711004456000000000,5370a16b90cd00452efee4f794efc7018e247ce3c8b4b6a0b107b78509653c08
twitter,1,twitter/1_fake/0213.jpeg,221698,1711253378000000000,7672254df86068fda8ec436e5b962112cc9256675d2b571e09fa0641dff442a9
twitter,1,twitter/1_fake/0214.jpeg,275044,1711004082000000000,069248ab7a6439f1e303936463f8a51c1e6cf831b77d5fd1a159b00c83f99bec
twitter,1,twitter/1_fake/0215.jpeg,127354,1711254630000000000,ee9143f1a7bbf8081b128e514ed651634678ef428d5852d594cda7e0f9298653
twitter,1,twitter/1_fake/0216.jpeg,80293,1711254616000000000,f21558bcd232186e4acc7b31c41448c831fead237b2a63a045098944ee17f7fd
twitter,1,twitter/1_fake/0217.jpeg,305647,1711004318000000000,5bc576ba643eba32e2391d239b9d0bedc5193eab956560a3de83173ae4057662
twitter,1,twitter/1_fake/0218.jpeg,94110,1711253316000000000,b810b342cf17c7466aed83ff94c6674d0159b1d7663b6b099beaf27910179b99
twitter,1,twitter/1_fake/0219.jpeg,126827,1711002466000000000,2b36f10257754e22d25b029e151f632053379d06874a4d010430c2cab4381a79
twitter,1,twitter/1_fake/0220.jpeg,169319,1711005782000000000,2cee15418645e652ccc72601def7c0ba2252e4a6e6e40c549f8416cfd59e6e04
twitter,1,twitter/1_fake/0221.jpeg,219715,1711006020000000000,8384ebed2cc22c0cd3146465c4e11d691bd2cf7d8c643b9e1848f703efab93fa
twitter,1,twitter/1_fake/0222.jpeg,171627,1711000746000000000,0985b22be3724774d765410b979376664e5d50ad1cb6ef2055119cd7371be24b
twitter,1,twitter/1_fake/0224.jpeg,517970,1710999632000000000,b0f277d0441dd3d90522baeba5878135c1891e9d39ea6d96380b609295af54d2
twitter,1,twitter/1_fake/0225.jpeg,147469,1710999808000000000,e7a19c40c9dd5d44065465106bf2cb404470a747fceeb5af615f1ccd46b6112e
twitter,1,twitter/1_fake/0227.jpeg,100128,1711253730000000000,e936eef308e9f4cb80f61ad10c3652bf507568cba0a3f119142f5c2b0e8b2864
twitter,1,twitter/1_fake/0228.jpeg,137300,1711253170000000000,68b6012c322437b192af09a5f2f820823807b31ecd07c86ea91c6b441544221a
twitter,1,twitter/1_fake/0229.jpeg,1297953,1711002154000000000,67ea11326704cbf921eb3296a1a4a76cdca3a4c5ff02c56b40973201b911e481
twitter,1,twitter/1_fake/0230.jpeg,251118,1711253020000000000,d7499108d6c90c7cf3fce62a907d0b2663c9fa4587ddda818b310016b8bd7fea
twitter,1,twitter/1_fake/0231.jpeg,185783,1711252986000000000,ee5a2c37ddfb420d171c5bfdfd8aab4b466eaef7b0794ae1308caab3a88e5446
twitter,1,twitter/1_fake/0232.jpeg,165812,1710999860000000000,e3a1fd66448153fc452ccefd91d8b54fbf98f6c8ab546b1457cc47cc5e195909
twitter,1,twitter/1_fake/0235.png,571742,1711004152000000000,e22e4b97c2bec0b8351063ee613edaa211af05ba9b334c851abaec9ee3f5f158
twitter,1,twitter/1_fake/0236.jpeg,655134,1711253268000000000,a91bca9bdeab616463167981beb4214adb6301f68d09242d601552b1e1154247
twitter,1,twitter/1_fake/0237.jpeg,775733,1711007460000000000,9843ee618d3128c567b7a570627858a58b7f5de94482db22ea44b3373d39689f
twitter,1,twitter/1_fake/0238.jpeg,159678,1711253246000000000,468714334312368dc8933055a559d1d45e7e10a1ca1c1b7ecdedd2037e01d347
twitter,1,twitter/1_fake/0240.jpeg,135267,1711253152000000000,2275787931363617a15a5d2212102467247396451a40ef4fec1418a6affb23de
twitter,1,twitter/1_fake/0241.jpeg,374899,1711005266000000000,6b874f7ae00301475dd1898fe3cf5ffba2c006a9ed1b753b20db291e1af67c34
twitter,1,twitter/1_fake/0242.jpeg,178906,1711253224000000000,d234eff1fbcec906db178302a12dd2cf3a7f3af6116285988246cf597c2bba17
twitter,1,twitter/1_fake/0243.jpeg,134390,1711007558000000000,33c7953c57e9bf56d7e253086079eb473e90c4c1770882ce2b5c3686fb112947
twitter,1,twitter/1_fake/0244.jpeg,191246,1711004352000000000,e5b5958cf600a1dd95ae20ada708451add1f67f449a8f8259283277e4b2d5db7
twitter,1,twitter/1_fake/0245.jpeg,581585,1711005330000000000,9a73b5a6b0f0376d82ed5a277ee7a873ed9ac4c5e78d9eca2f528d6d2a1eac0e
twitter,1,twitter/1_fake/0246.jpeg,190090,1711004306000000000,2c4699e207fa409f919dd86c5ec19882ccf158a29998dbc3b23075b6fa3fa4c0
twitter,1,twitter/1_fake/0247.jpeg,122431,1711003986000000000,70b6e8421102cdb86eac8d094e2fec900ee1ac00153ae0109f286d103bb2aa1a
twitter,1,twitter/1_fake/0248.jpeg,84511,1711005280000000000,f1fd4f729a2087b22f4feae7dfc50ca867e28ad78cdb914e73ee5430bf6636ff
twitter,1,twitter/1_fake/0249.jpeg,592707,1711017236000000000,93d90c27898731a506975359f3c5112ab5f9054d7ac9b158427b2c34e41eca9e
twitter,1,twitter/1_fake/0250.jpeg,75151,1711005810000000000,a1ddfb227205d93f8dc65e95756e2f81585d2f72acc2a0a82c23cdf41d73f366
twitter,1,twitter/1_fake/0251.jpeg,109357,1711005794000000000,36894a72e96e83705d1bc747a3cc78a508b83a8f12b168ee0bc05d2b95986a1d
twitter,1,twitter/1_fake/0252.jpeg,142910,1711005962000000000,06a2d8f18cd5deba33d400fffcea4398a169364bd7b0fcb2890cb8ea0aab71af
twitter,1,twitter/1_fake/0253.jpeg,213016,1711005936000000000,a8d27ced7f4d9563da833c244be2c41c492f0d37648a35bca0e7635c292266d8
twitter,1,twitter/1_fake/0254.jpeg,283639,1711004034000000000,d74573867f029e03f0e1c5b2f3e15551e881daa9aa8d5b5d705763ca806611d4
twitter,1,twitter/1_fake/0255.jpeg,392985,1711253670000000000,e3a55baee366bffeeb0696ce843ba260efb88eeee9d01991ee84b77818c937cd
twitter,1,twitter/1_fake/0256.jpeg,152033,1711004342000000000,d6321c2df4f61fed3496b70b63c4ec6e26ff0af9c6dd342df0ff3a56d3e3c470
twitter,1,twitter/1_fake/0257.jpeg,1117491,1711004494000000000,f930c807a2cc8db4327b7ab28a675188cfafbe7bc7aad1f774d44b8b1752f6cb
twitter,1,twitter/1_fake/0258.jpeg,271812,1711001268000000000,66e45a5d0ef78b44a388f55ecd330676aa55272b5e11a6dba81d9232693d798c
twitter,1,twitter/1_fake/0259.jpeg,36837,1711014984000000000,cc2fa4559e7f7f60aa51ee81458337a0e4f089325d4b88cacf1535ad402c5eb0
twitter,1,twitter/1_fake/0260.jpeg,136714,1711004254000000000,b1f01714e1df5280a65e604c908e790d762a92edfe2fa94bdaa4c0fa3d4defb9
twitter,1,twitter/1_fake/0262.jpeg,184266,1711000940000000000,813e91efbb41e51fe2d7d010015a8a93eb4efef9b3befca1e6083197c6dfe3e1
twitter,1,twitter/1_fake/0263.jpeg,148354,1711252930000000000,da1ac21d09b2724f68daf3e8f2b2c46b21602ff68a3f6d1a0972d5ddcfca8ec8
twitter,1,twitter/1_fake/0264.jpeg,165981,1711000712000000000,c4c293166f4c34a26afda137ae1964b9e389fdc4ce071a7880a4e81bbb37b0a5
twitter,1,twitter/1_fake/0265.jpeg,191732,1711000978000000000,cb8c73faa61e3c4bd74d5eba177e3f7f7f246d02bfd88e110d5685683075d914
twitter,1,twitter/1_fake/0267.jpeg,130174,1711005916000000000,06c779ef154d863d5665685552225aada1844e330490eed986014f5b2370d4a6
twitter,1,twitter/1_fake/0269.jpeg,130594,1711004376000000000,1f2b5bab08ca402de01accb268ac267966755dab42bb7c41f2b6bca506253c6b
twitter,1,twitter/1_fake/0270.jpeg,186226,1711004246000000000,dbdd42f2d4c4e89fc7e165c3735aa5a6c810c71fdb522199557de846acb8ff88
twitter,1,twitter/1_fake/0271.jpeg,263521,1711014790000000000,11d148ca610e9677241ab32a3c81ca2afb99adf8b2d4b07bce3d881348bf55f6
twitter,1,twitter/1_fake/0273.jpeg,194580,1711253646000000000,05ae350c9df97bd188f05fdb644639c04d77b952db70933da8512a13c756adc4
twitter,1,twitter/1_fake/0274.jpeg,204586,1711253538000000000,0c287da9c3ce078c3820e92fd888dd352e1180c2dcde920820536e921cba1d94
twitter,1,twitter/1_fake/0275.jpeg,231925,1710999604000000000,d51a448b4546bb830d89526d402f633ace1887d3e15dad9eaf36cbfbd443b8a0
twitter,1,twitter/1_fake/0277.jpeg,180259,1711005900000000000,cf3cbc3a5b360502fa22073bbae590db336c1fd8f5f114ed56829ae8dea06cfb
twitter,1,twitter/1_fake/0279.jpeg,144522,1711253004000000000,f26663c54c801be8fdfb3e968bf5560d73e9ba900150542713d05981a480ac7b
twitter,1,twitter/1_fake/0280.jpeg,237544,1711015086000000000,ed5fe5e6b8bcaeb9bd381c259024e2e7ed2c1c1b3acb8029cf380ce257401a08
twitter,1,twitter/1_fake/0288.png,443361,1711007588000000000,e7125b372a0e95bb262269e6580539e2293d2de60d0ff0c782eb961fc8ccc326
twitter,1,twitter/1_fake/0289.jpeg,100463,1710999844000000000,1b23778a2e5d560a0b3ebf95d26b404c27ad9ccfe15d43aee87fc059ba77c6df
twitter,1,twitter/1_fake/0290.jpeg,203510,1711253092000000000,7387c85eed6467db61ed98abcdd8643b525ff42168a5751e19afaf2c32e70d14
twitter,1,twitter/1_fake/0291.jpeg,245200,1711015682000000000,55be22b35948ee317b34b13627b6d65669f1e1aa3ef16d0d77a4c18a075e39a8
twitter,1,twitter/1_fake/0292.jpeg,258418,1711001156000000000,28cbcd1b8286a536e0d65ba70b0fba141a8d8e3c228efbae34b8ba2411a30ef9
twitter,1,twitter/1_fake/0293.jpeg,931108,1711001380000000000,108d8df0d66fdc8e1ef4bc8892cdf6a3d4435b914d19569148519fe4a6db8698
twitter,1,twitter/1_fake/0294.jpeg,96279,1710999790000000000,04dc05c0b63f188945fabeb31d905ae84d0fbaf47e1f38ef7990a9494ea2a703
twitter,1,twitter/1_fake/0296.jpeg,202953,1711000390000000000,8f6bcf4b2c38b7be20c19ad5045a1e2dbbcc9bd0eaf8e0f2e58df3799b291f1c
twitter,1,twitter/1_fake/0298.jpeg,212160,1711000448000000000,a0f7c23db86fe31213caa8b866eddb909e2add0b754e5f1cc54606565fa23a71
twitter,1,twitter/1_fake/0299.jpeg,226732,1711001008000000000,eb7bd0ab414be477793d676022cd21118531f57c206d705961860da52354377f
twitter,1,twitter/1_fake/0300.jpeg,269816,1711253060000000000,ae95434cc6cf4db2bedeafa97c89c30bd7ea5a3df90e369e5ee3d9930b90ce1a
twitter,1,twitter/1_fake/0301.jpeg,186704,1711001482000000000,30de20a8633dd93ebf7dccf417ccbc9aa866f5a6f04d99faef1ab67af46f0952
twitter,1,twitter/1_fake/0302.jpeg,169423,1711002084000000000,fcfdfaef238d2ceb96d0155b15ec418a5a39200e9dcacffa24ca2facfcbd077b
twitter,1,twitter/1_fake/0303.jpeg,174312,1711004204000000000,5f25f05d3ea00cd901bca957a868f0daae87b87d809e6c31a07737e7bcebe60e
twitter,1,twitter/1_fake/0304.jpeg,274115,1711004000000000000,393a9ac14cc374fedf9e9dab68fdea76ba9c3af8308aa608d2decc6bcbdcdc86
twitter,1,twitter/1_fake/0305.jpeg,4551516,1711014998000000000,f70bb76cf0153cb4f6cec0357f3b40df022beb678afdfefd990634303ca03710
twitter,1,twitter/1_fake/0306.jpeg,331145,1711252974000000000,0cd29ca64eb53a83ed3ec28ee0bd12690fb80dbcafb40267e455cad9047000df
twitter,1,twitter/1_fake/0307.jpeg,947749,1711015658000000000,17409a62c281214faf25f4f612e5984765156c7573908f88e794e7927a127e0c
twitter,1,twitter/1_fake/0308.jpeg,291059,1711001502000000000,e941e67cc6aee78c55a5a465c4d46165196b277ec3b40f531218890f25a597fc
twitter,1,twitter/1_fake/0309.jpeg,211083,1711000312000000000,0d6f1bbeb650bb6c4bc3d0b6c722d96fb698ea9f7284aa0db8c54a5fa4cacb64
twitter,1,twitter/1_fake/0310.jpeg,101407,1711000692000000000,04c4110a38d5605d55af465f2896609ae17e4846928af02335170d86729bea56
twitter,1,twitter/1_fake/0311.jpeg,329937,1711014812000000000,608f2c46a2cccb27660d8d35c09cdef764c393c410e889f5bab4b6ead1b6c899
twitter,1,twitter/1_fake/0312.jpeg,192290,1711006066000000000,1efc6cc0a1eb3d9a5009e142c7ca6147f972c60b7e0919af583983b96f0e0c98
twitter,1,twitter/1_fake/0313.jpeg,300198,1711000266000000000,489f98a992dee7af50845feee07c1ac3803b0b9b1ea912e48c19119913a69209
twitter,1,twitter/1_fake/0314.jpeg,478182,1711007432000000000,98db329fce13af7959717859a165594747b979f966613c2485b9d817d206fc10
twitter,1,twitter/1_fake/0323.jpeg,583995,1711253108000000000,81dd857db0129c323ab7b347d6ba1790b931e7bd73b6df6545dafe0f5a68694c
twitter,1,twitter/1_fake/0339.jpeg,171922,1711253788000000000,9151a83de91de7c9bbae2cd928e8391391d4096db532977b37d5d5033b64edc8
twitter,1,twitter/1_fake/0340.jpeg,132546,1711254354000000000,7b1053cc3eee408111aad9ede3223285769dd173ac06125f3598c0c6adaba41b
twitter,1,twitter/1_fake/0341.jpeg,167608,1711253468000000000,5bc7669917e386d360f489f021edd6cf924e0fa4d1f7fae7d79263ff6fa13720
