{
  "config": {
    "model_path": "teacher_blur_training/dinov3-vit7b16-pretrain-lvd1689m_blur01/best_teacher_blur_model.pth",
    "blur_mode": "both",
    "batch_size": 256
  },
  "results": {
    "cyclegan": {
      "no_blur": {
        "dataset_name": "cyclegan",
        "blur_mode": "no_blur",
        "accuracy": 0.9140802422407267,
        "precision": 0.9498355263157895,
        "recall": 0.874337623012869,
        "f1_score": 0.910524241229799,
        "confusion_matrix": [
          [
            1260,
            61
          ],
          [
            166,
            1155
          ]
        ],
        "total_samples": 2642,
        "time_seconds": 33.583556175231934
      },
      "global": {
        "dataset_name": "cyclegan",
        "blur_mode": "global",
        "accuracy": 0.753217259651779,
        "precision": 0.8939929328621908,
        "recall": 0.5745647236941711,
        "f1_score": 0.6995391705069124,
        "confusion_matrix": [
          [
            1231,
            90
          ],
          [
            562,
            759
          ]
        ],
        "total_samples": 2642,
        "time_seconds": 51.660457134246826
      }
    },
    "progan": {
      "no_blur": {
        "dataset_name": "progan",
        "blur_mode": "no_blur",
        "accuracy": 0.95575,
        "precision": 0.923953488372093,
        "recall": 0.99325,
        "f1_score": 0.9573493975903614,
        "confusion_matrix": [
          [
            3673,
            327
          ],
          [
            27,
            3973
          ]
        ],
        "total_samples": 8000,
        "time_seconds": 67.2680492401123
      },
      "global": {
        "dataset_name": "progan",
        "blur_mode": "global",
        "accuracy": 0.88425,
        "precision": 0.9349179400113187,
        "recall": 0.826,
        "f1_score": 0.8770905229625697,
        "confusion_matrix": [
          [
            3770,
            230
          ],
          [
            696,
            3304
          ]
        ],
        "total_samples": 8000,
        "time_seconds": 144.22003030776978
      }
    },
    "stylegan2": {
      "no_blur": {
        "dataset_name": "stylegan2",
        "blur_mode": "no_blur",
        "accuracy": 0.8816975463194792,
        "precision": 0.937948865268601,
        "recall": 0.8174762143214822,
        "f1_score": 0.8735785953177257,
        "confusion_matrix": [
          [
            7556,
            432
          ],
          [
            1458,
            6530
          ]
        ],
        "total_samples": 15976,
        "time_seconds": 133.85731554031372
      },
      "global": {
        "dataset_name": "stylegan2",
        "blur_mode": "global",
        "accuracy": 0.6527290936404607,
        "precision": 0.9212707182320442,
        "recall": 0.33400100150225337,
        "f1_score": 0.4902609334803381,
        "confusion_matrix": [
          [
            7760,
            228
          ],
          [
            5320,
            2668
          ]
        ],
        "total_samples": 15976,
        "time_seconds": 289.1147894859314
      }
    },
    "stylegan": {
      "no_blur": {
        "dataset_name": "stylegan",
        "blur_mode": "no_blur",
        "accuracy": 0.8356701719245535,
        "precision": 0.9276903445342407,
        "recall": 0.728092138207311,
        "f1_score": 0.8158608435425044,
        "confusion_matrix": [
          [
            5651,
            340
          ],
          [
            1629,
            4362
          ]
        ],
        "total_samples": 11982,
        "time_seconds": 100.74306440353394
      },
      "global": {
        "dataset_name": "stylegan",
        "blur_mode": "global",
        "accuracy": 0.6084960774495076,
        "precision": 0.9067584480600751,
        "recall": 0.24186279419128692,
        "f1_score": 0.3818684938727105,
        "confusion_matrix": [
          [
            5842,
            149
          ],
          [
            4542,
            1449
          ]
        ],
        "total_samples": 11982,
        "time_seconds": 219.38685631752014
      }
    },
    "adm": {
      "no_blur": {
        "dataset_name": "adm",
        "blur_mode": "no_blur",
        "accuracy": 0.8493333333333334,
        "precision": 0.9904071127749181,
        "recall": 0.7055,
        "f1_score": 0.8240218026085264,
        "confusion_matrix": [
          [
            5959,
            41
          ],
          [
            1767,
            4233
          ]
        ],
        "total_samples": 12000,
        "time_seconds": 101.45714807510376
      },
      "global": {
        "dataset_name": "adm",
        "blur_mode": "global",
        "accuracy": 0.6425,
        "precision": 0.9481132075471698,
        "recall": 0.3015,
        "f1_score": 0.4575113808801214,
        "confusion_matrix": [
          [
            5901,
            99
          ],
          [
            4191,
            1809
          ]
        ],
        "total_samples": 12000,
        "time_seconds": 220.01402831077576
      }
    },
    "vqdm": {
      "no_blur": {
        "dataset_name": "vqdm",
        "blur_mode": "no_blur",
        "accuracy": 0.9680833333333333,
        "precision": 0.995938548472541,
        "recall": 0.94,
        "f1_score": 0.9671611077767298,
        "confusion_matrix": [
          [
            5977,
            23
          ],
          [
            360,
            5640
          ]
        ],
        "total_samples": 12000,
        "time_seconds": 101.62016463279724
      },
      "global": {
        "dataset_name": "vqdm",
        "blur_mode": "global",
        "accuracy": 0.7933333333333333,
        "precision": 0.9690831556503199,
        "recall": 0.606,
        "f1_score": 0.7456931911402789,
        "confusion_matrix": [
          [
            5884,
            116
          ],
          [
            2364,
            3636
          ]
        ],
        "total_samples": 12000,
        "time_seconds": 216.23571872711182
      }
    },
    "sdv14": {
      "no_blur": {
        "dataset_name": "sdv14",
        "blur_mode": "no_blur",
        "accuracy": 0.99725,
        "precision": 0.9950223992035838,
        "recall": 0.9995,
        "f1_score": 0.9972561736093789,
        "confusion_matrix": [
          [
            5970,
            30
          ],
          [
            3,
            5997
          ]
        ],
        "total_samples": 12000,
        "time_seconds": 100.87726831436157
      },
      "global": {
        "dataset_name": "sdv14",
        "blur_mode": "global",
        "accuracy": 0.9018333333333334,
        "precision": 0.9797055312375647,
        "recall": 0.8206666666666667,
        "f1_score": 0.8931616179938328,
        "confusion_matrix": [
          [
            5898,
            102
          ],
          [
            1076,
            4924
          ]
        ],
        "total_samples": 12000,
        "time_seconds": 217.87803411483765
      }
    },
    "sdv15": {
      "no_blur": {
        "dataset_name": "sdv15",
        "blur_mode": "no_blur",
        "accuracy": 0.994875,
        "precision": 0.9931489785749875,
        "recall": 0.996625,
        "f1_score": 0.9948839530821063,
        "confusion_matrix": [
          [
            7945,
            55
          ],
          [
            27,
            7973
          ]
        ],
        "total_samples": 16000,
        "time_seconds": 133.01043272018433
      },
      "global": {
        "dataset_name": "sdv15",
        "blur_mode": "global",
        "accuracy": 0.8850625,
        "precision": 0.9769314135315065,
        "recall": 0.78875,
        "f1_score": 0.8728127809668719,
        "confusion_matrix": [
          [
            7851,
            149
          ],
          [
            1690,
            6310
          ]
        ],
        "total_samples": 16000,
        "time_seconds": 286.20657539367676
      }
    },