{
  "config": {
    "model_path": "teacher_blur_training/dinov3-vit7b16-pretrain-lvd1689m_blur01/best_teacher_blur_model.pth",
    "blur_mode": "both",
    "batch_size": 256
  },
  "results": {
    "reddit": {
      "no_blur": {
        "dataset_name": "reddit",
        "blur_mode": "no_blur",
        "accuracy": 0.952,
        "precision": 0.9346153846153846,
        "recall": 0.972,
        "f1_score": 0.9529411764705882,
        "confusion_matrix": [
          [
            699,
            51
          ],
          [
            21,
            729
          ]
        ],
        "total_samples": 1500,
        "time_seconds": 41.06767177581787
      },
      "global": {
        "dataset_name": "reddit",
        "blur_mode": "global",
        "accuracy": 0.8486666666666667,
        "precision": 0.8616874135546335,
        "recall": 0.8306666666666667,
        "f1_score": 0.8458927359131025,
        "confusion_matrix": [
          [
            650,
            100
          ],
          [
            127,
            623
          ]
        ],
        "total_samples": 1500,
        "time_seconds": 51.391083002090454
      }
    },
    "facebook": {
      "no_blur": {
        "dataset_name": "facebook",
        "blur_mode": "no_blur",
        "accuracy": 0.934375,
        "precision": 0.9161676646706587,
        "recall": 0.95625,
        "f1_score": 0.9357798165137615,
        "confusion_matrix": [
          [
            146,
            14
          ],
          [
            7,
            153
          ]
        ],
        "total_samples": 320,
        "time_seconds": 8.21912431716919
      },
      "global": {
        "dataset_name": "facebook",
        "blur_mode": "global",
        "accuracy": 0.834375,
        "precision": 0.8282208588957055,
        "recall": 0.84375,
        "f1_score": 0.8359133126934984,
        "confusion_matrix": [
          [
            132,
            28
          ],
          [
            25,
            135
          ]
        ],
        "total_samples": 320,
        "time_seconds": 13.10681414604187
      }
    },
    "twitter": {
      "no_blur": {
        "dataset_name": "twitter",
        "blur_mode": "no_blur",
        "accuracy": 0.9524940617577197,
        "precision": 0.9540636042402827,
        "recall": 0.9747292418772563,
        "f1_score": 0.9642857142857143,
        "confusion_matrix": [
          [
            131,
            13
          ],
          [
            7,
            270
          ]
        ],
        "total_samples": 421,
        "time_seconds": 14.896798133850098
      },
      "global": {
        "dataset_name": "twitter",
        "blur_mode": "global",
        "accuracy": 0.8717339667458432,
        "precision": 0.9305019305019305,
        "recall": 0.8700361010830325,
        "f1_score": 0.8992537313432836,
        "confusion_matrix": [
          [
            126,
            18
          ],
          [
            36,
            241
          ]
        ],
        "total_samples": 421,
        "time_seconds": 19.245171070098877
      }
    }
  }
}