{
  "config": {
    "model_path": "teacher_blur_training/dinov3-vith16plus-pretrain-lvd1689m_blur00/best_teacher_blur_model.pth",
    "blur_mode": "both",
    "batch_size": 256
  },
  "results": {
    "reddit": {
      "no_blur": {
        "dataset_name": "reddit",
        "blur_mode": "no_blur",
        "accuracy": 0.878,
        "precision": 0.8125689084895259,
        "recall": 0.9826666666666667,
        "f1_score": 0.8895594447797224,
        "confusion_matrix": [
          [
            580,
            170
          ],
          [
            13,
            737
          ]
        ],
        "total_samples": 1500,
        "time_seconds": 32.4264600276947
      },
      "global": {
        "dataset_name": "reddit",
        "blur_mode": "global",
        "accuracy": 0.744,
        "precision": 0.6794117647058824,
        "recall": 0.924,
        "f1_score": 0.7830508474576271,
        "confusion_matrix": [
          [
            423,
            327
          ],
          [
            57,
            693
          ]
        ],
        "total_samples": 1500,
        "time_seconds": 34.878774642944336
      }
    },
    "facebook": {
      "no_blur": {
        "dataset_name": "facebook",
        "blur_mode": "no_blur",
        "accuracy": 0.8375,
        "precision": 0.7673267326732673,
        "recall": 0.96875,
        "f1_score": 0.856353591160221,
        "confusion_matrix": [
          [
            113,
            47
          ],
          [
            5,
            155
          ]
        ],
        "total_samples": 320,
        "time_seconds": 7.148158550262451
      },
      "global": {
        "dataset_name": "facebook",
        "blur_mode": "global",
        "accuracy": 0.721875,
        "precision": 0.6606334841628959,
        "recall": 0.9125,
        "f1_score": 0.7664041994750657,
        "confusion_matrix": [
          [
            85,
            75
          ],
          [
            14,
            146
          ]
        ],
        "total_samples": 320,
        "time_seconds": 8.859737634658813
      }
    },
    "twitter": {
      "no_blur": {
        "dataset_name": "twitter",
        "blur_mode": "no_blur",
        "accuracy": 0.9049881235154394,
        "precision": 0.883495145631068,
        "recall": 0.9855595667870036,
        "f1_score": 0.931740614334471,
        "confusion_matrix": [
          [
            108,
            36
          ],
          [
            4,
            273
          ]
        ],
        "total_samples": 421,
        "time_seconds": 11.772109270095825
      },
      "global": {
        "dataset_name": "twitter",
        "blur_mode": "global",
        "accuracy": 0.8076009501187649,
        "precision": 0.8161290322580645,
        "recall": 0.9133574007220217,
        "f1_score": 0.8620102214650767,
        "confusion_matrix": [
          [
            87,
            57
          ],
          [
            24,
            253
          ]
        ],
        "total_samples": 421,
        "time_seconds": 15.161109924316406
      }
    }
  }
}