{
  "config": {
    "model_path": "teacher_blur_training/dinov3-vith16plus-pretrain-lvd1689m_blur00/best_teacher_blur_model.pth",
    "blur_mode": "both",
    "batch_size": 256
  },
  "results": {
    "cyclegan": {
      "no_blur": {
        "dataset_name": "cyclegan",
        "blur_mode": "no_blur",
        "accuracy": 0.8682816048448145,
        "precision": 0.9161676646706587,
        "recall": 0.8107494322482968,
        "f1_score": 0.8602409638554217,
        "confusion_matrix": [
          [
            1223,
            98
          ],
          [
            250,
            1071
          ]
        ],
        "total_samples": 2642,
        "time_seconds": 13.124048948287964
      },
      "global": {
        "dataset_name": "cyclegan",
        "blur_mode": "global",
        "accuracy": 0.631339894019682,
        "precision": 0.6613953488372093,
        "recall": 0.538228614685844,
        "f1_score": 0.5934891485809682,
        "confusion_matrix": [
          [
            957,
            364
          ],
          [
            610,
            711
          ]
        ],
        "total_samples": 2642,
        "time_seconds": 14.307693004608154
      }
    },
    "progan": {
      "no_blur": {
        "dataset_name": "progan",
        "blur_mode": "no_blur",
        "accuracy": 0.865875,
        "precision": 0.7926414717056589,
        "recall": 0.991,
        "f1_score": 0.8807910232196423,
        "confusion_matrix": [
          [
            2963,
            1037
          ],
          [
            36,
            3964
          ]
        ],
        "total_samples": 8000,
        "time_seconds": 15.019106149673462
      },
      "global": {
        "dataset_name": "progan",
        "blur_mode": "global",
        "accuracy": 0.78525,
        "precision": 0.7599088838268793,
        "recall": 0.834,
        "f1_score": 0.7952324195470799,
        "confusion_matrix": [
          [
            2946,
            1054
          ],
          [
            664,
            3336
          ]
        ],
        "total_samples": 8000,
        "time_seconds": 31.724283695220947
      }
    },
    "stylegan2": {
      "no_blur": {
        "dataset_name": "stylegan2",
        "blur_mode": "no_blur",
        "accuracy": 0.8091512268402604,
        "precision": 0.8500354358610914,
        "recall": 0.7507511266900351,
        "f1_score": 0.797314365485608,
        "confusion_matrix": [
          [
            6930,
            1058
          ],
          [
            1991,
            5997
          ]
        ],
        "total_samples": 15976,
        "time_seconds": 31.248453617095947
      },
      "global": {
        "dataset_name": "stylegan2",
        "blur_mode": "global",
        "accuracy": 0.5784301452178268,
        "precision": 0.6872944693572496,
        "recall": 0.28780671006509767,
        "f1_score": 0.4057178152298597,
        "confusion_matrix": [
          [
            6942,
            1046
          ],
          [
            5689,
            2299
          ]
        ],
        "total_samples": 15976,
        "time_seconds": 56.46054434776306
      }
    },
    "stylegan": {
      "no_blur": {
        "dataset_name": "stylegan",
        "blur_mode": "no_blur",
        "accuracy": 0.7556334501752628,
        "precision": 0.8176726820161793,
        "recall": 0.657986980470706,
        "f1_score": 0.7291897891231964,
        "confusion_matrix": [
          [
            5112,
            879
          ],
          [
            2049,
            3942
          ]
        ],
        "total_samples": 11982,
        "time_seconds": 23.826778888702393
      },
      "global": {
        "dataset_name": "stylegan",
        "blur_mode": "global",
        "accuracy": 0.556584877315974,
        "precision": 0.6510695187165776,
        "recall": 0.24386579869804706,
        "f1_score": 0.35482695810564663,
        "confusion_matrix": [
          [
            5208,
            783
          ],
          [
            4530,
            1461
          ]
        ],
        "total_samples": 11982,
        "time_seconds": 43.14307713508606
      }
    },
    "adm": {
      "no_blur": {
        "dataset_name": "adm",
        "blur_mode": "no_blur",
        "accuracy": 0.7984166666666667,
        "precision": 0.9811878527277613,
        "recall": 0.6085,
        "f1_score": 0.7511572883448205,
        "confusion_matrix": [
          [
            5930,
            70
          ],
          [
            2349,
            3651
          ]
        ],
        "total_samples": 12000,
        "time_seconds": 21.528934240341187
      },
      "global": {
        "dataset_name": "adm",
        "blur_mode": "global",
        "accuracy": 0.5856666666666667,
        "precision": 0.746641074856046,
        "recall": 0.25933333333333336,
        "f1_score": 0.38495794161306285,
        "confusion_matrix": [
          [
            5472,
            528
          ],
          [
            4444,
            1556
          ]
        ],
        "total_samples": 12000,
        "time_seconds": 43.088308572769165
      }
    },
    "vqdm": {
      "no_blur": {
        "dataset_name": "vqdm",
        "blur_mode": "no_blur",
        "accuracy": 0.9413333333333334,
        "precision": 0.988020641356432,
        "recall": 0.8935,
        "f1_score": 0.9383861368807982,
        "confusion_matrix": [
          [
            5935,
            65
          ],
          [
            639,
            5361
          ]
        ],
        "total_samples": 12000,
        "time_seconds": 22.06007194519043
      },
      "global": {
        "dataset_name": "vqdm",
        "blur_mode": "global",
        "accuracy": 0.7305833333333334,
        "precision": 0.8670734942955691,
        "recall": 0.5446666666666666,
        "f1_score": 0.6690551745316818,
        "confusion_matrix": [
          [
            5499,
            501
          ],
          [
            2732,
            3268
          ]
        ],
        "total_samples": 12000,
        "time_seconds": 42.03982329368591
      }
    },
    "sdv14": {
      "no_blur": {
        "dataset_name": "sdv14",
        "blur_mode": "no_blur",
        "accuracy": 0.993,
        "precision": 0.9902220749088498,
        "recall": 0.9958333333333333,
        "f1_score": 0.9930197772976567,
        "confusion_matrix": [
          [
            5941,
            59
          ],
          [
            25,
            5975
          ]
        ],
        "total_samples": 12000,
        "time_seconds": 28.35390043258667
      },
      "global": {
        "dataset_name": "sdv14",
        "blur_mode": "global",
        "accuracy": 0.8415833333333333,
        "precision": 0.9032067676568956,
        "recall": 0.7651666666666667,
        "f1_score": 0.8284760443923126,
        "confusion_matrix": [
          [
            5508,
            492
          ],
          [
            1409,
            4591
          ]
        ],
        "total_samples": 12000,
        "time_seconds": 41.59837198257446
      }
    },
    "sdv15": {
      "no_blur": {
        "dataset_name": "sdv15",
        "blur_mode": "no_blur",
        "accuracy": 0.9916875,
        "precision": 0.9900336364768905,
        "recall": 0.993375,
        "f1_score": 0.9917015037124852,
        "confusion_matrix": [
          [
            7920,
            80
          ],
          [
            53,
            7947
          ]
        ],
        "total_samples": 16000,
        "time_seconds": 37.79463243484497
      },
      "global": {
        "dataset_name": "sdv15",
        "blur_mode": "global",
        "accuracy": 0.83425,
        "precision": 0.9005392450569203,
        "recall": 0.7515,
        "f1_score": 0.8192968111201963,
        "confusion_matrix": [
          [
            7336,
            664
          ],
          [
            1988,
            6012
          ]
        ],
        "total_samples": 16000,
        "time_seconds": 55.22111177444458
      }
    },