{
  "config": {
    "model_path": "teacher_blur_training/dinov3-vitl16-pretrain-lvd1689m_blur01/best_teacher_blur_model.pth",
    "blur_mode": "both",
    "batch_size": 256
  },
  "results": {
    "cyclegan": {
      "no_blur": {
        "dataset_name": "cyclegan",
        "blur_mode": "no_blur",
        "accuracy": 0.8001514004542014,
        "precision": 0.9033570701932858,
        "recall": 0.67221801665405,
        "f1_score": 0.7708333333333334,
        "confusion_matrix": [
          [
            1226,
            95
          ],
          [
            433,
            888
          ]
        ],
        "total_samples": 2642,
        "time_seconds": 10.978433847427368
      },
      "global": {
        "dataset_name": "cyclegan",
        "blur_mode": "global",
        "accuracy": 0.5866767600302801,
        "precision": 0.6469833119383825,
        "recall": 0.38152914458743376,
        "f1_score": 0.48,
        "confusion_matrix": [
          [
            1046,
            275
          ],
          [
            817,
            504
          ]
        ],
        "total_samples": 2642,
        "time_seconds": 30.967949867248535
      }
    },
    "progan": {
      "no_blur": {
        "dataset_name": "progan",
        "blur_mode": "no_blur",
        "accuracy": 0.8065,
        "precision": 0.7365881898880741,
        "recall": 0.95425,
        "f1_score": 0.8314092790241777,
        "confusion_matrix": [
          [
            2635,
            1365
          ],
          [
            183,
            3817
          ]
        ],
        "total_samples": 8000,
        "time_seconds": 13.225454807281494
      },
      "global": {
        "dataset_name": "progan",
        "blur_mode": "global",
        "accuracy": 0.7155,
        "precision": 0.7050428163653664,
        "recall": 0.741,
        "f1_score": 0.7225743539736714,
        "confusion_matrix": [
          [
            2760,
            1240
          ],
          [
            1036,
            2964
          ]
        ],
        "total_samples": 8000,
        "time_seconds": 83.50836420059204
      }
    },
    "stylegan2": {
      "no_blur": {
        "dataset_name": "stylegan2",
        "blur_mode": "no_blur",
        "accuracy": 0.6492238357536304,
        "precision": 0.6927554980595084,
        "recall": 0.5363044566850276,
        "f1_score": 0.6045723962743438,
        "confusion_matrix": [
          [
            6088,
            1900
          ],
          [
            3704,
            4284
          ]
        ],
        "total_samples": 15976,
        "time_seconds": 27.297685384750366
      },
      "global": {
        "dataset_name": "stylegan2",
        "blur_mode": "global",
        "accuracy": 0.5075738607911868,
        "precision": 0.5179365549955529,
        "recall": 0.2187030545818728,
        "f1_score": 0.3075433500572133,
        "confusion_matrix": [
          [
            6362,
            1626
          ],
          [
            6241,
            1747
          ]
        ],
        "total_samples": 15976,
        "time_seconds": 169.02975511550903
      }
    },
    "stylegan": {
      "no_blur": {
        "dataset_name": "stylegan",
        "blur_mode": "no_blur",
        "accuracy": 0.6326990485728593,
        "precision": 0.7208333333333333,
        "recall": 0.43314972458688034,
        "f1_score": 0.5411323115420706,
        "confusion_matrix": [
          [
            4986,
            1005
          ],
          [
            3396,
            2595
          ]
        ],
        "total_samples": 11982,
        "time_seconds": 22.594616651535034
      },
      "global": {
        "dataset_name": "stylegan",
        "blur_mode": "global",
        "accuracy": 0.5054248038724753,
        "precision": 0.5168132436627004,
        "recall": 0.16675012518778168,
        "f1_score": 0.25214538112064616,
        "confusion_matrix": [
          [
            5057,
            934
          ],
          [
            4992,
            999
          ]
        ],
        "total_samples": 11982,
        "time_seconds": 124.4602563381195
      }
    },
    "adm": {
      "no_blur": {
        "dataset_name": "adm",
        "blur_mode": "no_blur",
        "accuracy": 0.6471666666666667,
        "precision": 0.9232981783317353,
        "recall": 0.321,
        "f1_score": 0.47637892653969827,
        "confusion_matrix": [
          [
            5840,
            160
          ],
          [
            4074,
            1926
          ]
        ],
        "total_samples": 12000,
        "time_seconds": 20.59874200820923
      },
      "global": {
        "dataset_name": "adm",
        "blur_mode": "global",
        "accuracy": 0.5363333333333333,
        "precision": 0.6061343719571568,
        "recall": 0.2075,
        "f1_score": 0.30916314874596473,
        "confusion_matrix": [
          [
            5191,
            809
          ],
          [
            4755,
            1245
          ]
        ],
        "total_samples": 12000,
        "time_seconds": 121.05241775512695
      }
    },
    "vqdm": {
      "no_blur": {
        "dataset_name": "vqdm",
        "blur_mode": "no_blur",
        "accuracy": 0.8428333333333333,
        "precision": 0.9630796938316074,
        "recall": 0.713,
        "f1_score": 0.8193832599118943,
        "confusion_matrix": [
          [
            5836,
            164
          ],
          [
            1722,
            4278
          ]
        ],
        "total_samples": 12000,
        "time_seconds": 19.84746289253235
      },
      "global": {
        "dataset_name": "vqdm",
        "blur_mode": "global",
        "accuracy": 0.6543333333333333,
        "precision": 0.7698135198135199,
        "recall": 0.44033333333333335,
        "f1_score": 0.5602205258693809,
        "confusion_matrix": [
          [
            5210,
            790
          ],
          [
            3358,
            2642
          ]
        ],
        "total_samples": 12000,
        "time_seconds": 127.04070496559143
      }
    },
    "sdv14": {
      "no_blur": {
        "dataset_name": "sdv14",
        "blur_mode": "no_blur",
        "accuracy": 0.9788333333333333,
        "precision": 0.9729996707276918,
        "recall": 0.985,
        "f1_score": 0.9789630611230744,
        "confusion_matrix": [
          [
            5836,
            164
          ],
          [
            90,
            5910
          ]
        ],
        "total_samples": 12000,
        "time_seconds": 27.863247871398926
      },
      "global": {
        "dataset_name": "sdv14",
        "blur_mode": "global",
        "accuracy": 0.8446666666666667,
        "precision": 0.8605299860529986,
        "recall": 0.8226666666666667,
        "f1_score": 0.8411724608043627,
        "confusion_matrix": [
          [
            5200,
            800
          ],
          [
            1064,
            4936
          ]
        ],
        "total_samples": 12000,
        "time_seconds": 123.10699200630188
      }
    },
    "sdv15": {
      "no_blur": {
        "dataset_name": "sdv15",
        "blur_mode": "no_blur",
        "accuracy": 0.974875,
        "precision": 0.9707558859975217,
        "recall": 0.97925,
        "f1_score": 0.9749844430616055,
        "confusion_matrix": [
          [
            7764,
            236
          ],
          [
            166,
            7834
          ]
        ],
        "total_samples": 16000,
        "time_seconds": 35.89766025543213
      },
      "global": {
        "dataset_name": "sdv15",
        "blur_mode": "global",
        "accuracy": 0.8438125,
        "precision": 0.8622415382589227,
        "recall": 0.818375,
        "f1_score": 0.8397357788751363,
        "confusion_matrix": [
          [
            6954,
            1046
          ],
          [
            1453,
            6547
          ]
        ],
        "total_samples": 16000,
        "time_seconds": 167.53042888641357
      }
    },