{
  "teacher_history": {
    "train_loss": [
      0.03226400003200624,
      0.005232363939285278
    ],
    "train_acc": [
      98.7522032202744,
      99.82463557545732
    ]
  },
  "student_history": {
    "train_total_loss": [
      0.40497291378858613,
      0.3175823862959699,
      0.2929906147282298
    ],
    "train_cls_loss": [
      0.03374693451858148,
      0.011872963207523997,
      0.008738709659111209
    ],
    "train_distill_loss": [
      0.0010824076286176357,
      0.0005797527548743458,
      0.0004434228488584844
    ],
    "train_feature_loss": [
      0.7067645933569932,
      0.5747885355135289,
      0.5338143139350705
    ],
    "train_simclr_loss": [
      0.05587084700421589,
      0.05911793941404761,
      0.05633757172561273
    ],
    "train_acc": [
      98.75339415015245,
      99.57424256859755,
      99.6873809070122
    ]
  },
  "teacher_best_acc": 99.82463557545732,
  "student_best_acc": 99.6873809070122,
  "config": {
    "dinov3_model_id": "/nas_train/app.e0016372/models/dinov3-vith16plus-pretrain-lvd1689m",
    "projection_dim": 512,
    "data_preset": "sdv14",
    "train_root": "/data/app.e0016372/imagenet_tmp/imagenet_ai_0419_sdv4",
    "ccmba_data_dir": "/data/app.e0016372/imagenet_tmp/ccmba_processed_sdv44",
    "blur_mode": "mixed",
    "blur_type": "motion",
    "blur_prob": 0.1,
    "blur_strength_range": [
      0.1,
      0.3
    ],
    "mixed_mode_ratio": 0.5,
    "alpha_simclr": 0.3,
    "enable_strong_aug": true,
    "transform_config": {
      "resize_size": 512,
      "crop_size": 448,
      "mean": [
        0.485,
        0.456,
        0.406
      ],
      "std": [
        0.229,
        0.224,
        0.225
      ]
    },
    "default_eval_branch": "student",
    "local_files_only": true
  }
}