{
  "config": {
    "model_path": "teacher_mixed_blur_training/dinov3-vit7b16-pretrain-lvd1689m_blur01/best_teacher_blur_model.pth",
    "blur_mode": "both",
    "batch_size": 256
  },
  "results": {
    "reddit": {
      "no_blur": {
        "dataset_name": "reddit",
        "blur_mode": "no_blur",
        "accuracy": 0.954,
        "precision": 0.9326556543837357,
        "recall": 0.9786666666666667,
        "f1_score": 0.9551073519843851,
        "confusion_matrix": [
          [
            697,
            53
          ],
          [
            16,
            734
          ]
        ],
        "total_samples": 1500,
        "time_seconds": 41.5072603225708
      },
      "global": {
        "dataset_name": "reddit",
        "blur_mode": "global",
        "accuracy": 0.8213333333333334,
        "precision": 0.7695749440715883,
        "recall": 0.9173333333333333,
        "f1_score": 0.8369829683698297,
        "confusion_matrix": [
          [
            544,
            206
          ],
          [
            62,
            688
          ]
        ],
        "total_samples": 1500,
        "time_seconds": 50.600266456604004
      }
    },
    "facebook": {
      "no_blur": {
        "dataset_name": "facebook",
        "blur_mode": "no_blur",
        "accuracy": 0.928125,
        "precision": 0.8959537572254336,
        "recall": 0.96875,
        "f1_score": 0.9309309309309309,
        "confusion_matrix": [
          [
            142,
            18
          ],
          [
            5,
            155
          ]
        ],
        "total_samples": 320,
        "time_seconds": 8.218471050262451
      },
      "global": {
        "dataset_name": "facebook",
        "blur_mode": "global",
        "accuracy": 0.8,
        "precision": 0.7448979591836735,
        "recall": 0.9125,
        "f1_score": 0.8202247191011236,
        "confusion_matrix": [
          [
            110,
            50
          ],
          [
            14,
            146
          ]
        ],
        "total_samples": 320,
        "time_seconds": 12.924195528030396
      }
    },
    "twitter": {
      "no_blur": {
        "dataset_name": "twitter",
        "blur_mode": "no_blur",
        "accuracy": 0.9572446555819477,
        "precision": 0.9543859649122807,
        "recall": 0.9819494584837545,
        "f1_score": 0.9679715302491103,
        "confusion_matrix": [
          [
            131,
            13
          ],
          [
            5,
            272
          ]
        ],
        "total_samples": 421,
        "time_seconds": 14.927500009536743
      },
      "global": {
        "dataset_name": "twitter",
        "blur_mode": "global",
        "accuracy": 0.8646080760095012,
        "precision": 0.8666666666666667,
        "recall": 0.9386281588447654,
        "f1_score": 0.901213171577123,
        "confusion_matrix": [
          [
            104,
            40
          ],
          [
            17,
            260
          ]
        ],
        "total_samples": 421,
        "time_seconds": 20.54693102836609
      }
    }
  }
}