{
  "config": {
    "model_path": "teacher_mixed_blur_training/dinov3-vit7b16-pretrain-lvd1689m_blur01/best_teacher_blur_model.pth",
    "blur_mode": "both",
    "batch_size": 256
  },
  "results": {
    "cyclegan": {
      "no_blur": {
        "dataset_name": "cyclegan",
        "blur_mode": "no_blur",
        "accuracy": 0.9118092354277063,
        "precision": 0.9594594594594594,
        "recall": 0.8599545798637396,
        "f1_score": 0.9069860279441118,
        "confusion_matrix": [
          [
            1273,
            48
          ],
          [
            185,
            1136
          ]
        ],
        "total_samples": 2642,
        "time_seconds": 33.38267207145691
      },
      "global": {
        "dataset_name": "cyclegan",
        "blur_mode": "global",
        "accuracy": 0.7626797880393641,
        "precision": 0.88470066518847,
        "recall": 0.6040878122634368,
        "f1_score": 0.717948717948718,
        "confusion_matrix": [
          [
            1217,
            104
          ],
          [
            523,
            798
          ]
        ],
        "total_samples": 2642,
        "time_seconds": 50.65427303314209
      }
    },
    "progan": {
      "no_blur": {
        "dataset_name": "progan",
        "blur_mode": "no_blur",
        "accuracy": 0.965375,
        "precision": 0.9399669108957693,
        "recall": 0.99425,
        "f1_score": 0.9663467379419268,
        "confusion_matrix": [
          [
            3746,
            254
          ],
          [
            23,
            3977
          ]
        ],
        "total_samples": 8000,
        "time_seconds": 67.2700502872467
      },
      "global": {
        "dataset_name": "progan",
        "blur_mode": "global",
        "accuracy": 0.92025,
        "precision": 0.9086047642197375,
        "recall": 0.9345,
        "f1_score": 0.921370470791225,
        "confusion_matrix": [
          [
            3624,
            376
          ],
          [
            262,
            3738
          ]
        ],
        "total_samples": 8000,
        "time_seconds": 147.77943444252014
      }
    },
    "stylegan2": {
      "no_blur": {
        "dataset_name": "stylegan2",
        "blur_mode": "no_blur",
        "accuracy": 0.9029168753129695,
        "precision": 0.9444828062422317,
        "recall": 0.8561592388582875,
        "f1_score": 0.8981548361678376,
        "confusion_matrix": [
          [
            7586,
            402
          ],
          [
            1149,
            6839
          ]
        ],
        "total_samples": 15976,
        "time_seconds": 134.64954566955566
      },
      "global": {
        "dataset_name": "stylegan2",
        "blur_mode": "global",
        "accuracy": 0.7620180270405609,
        "precision": 0.9141274238227147,
        "recall": 0.5783675513269905,
        "f1_score": 0.7084802944333691,
        "confusion_matrix": [
          [
            7554,
            434
          ],
          [
            3368,
            4620
          ]
        ],
        "total_samples": 15976,
        "time_seconds": 292.67305994033813
      }
    },
    "stylegan": {
      "no_blur": {
        "dataset_name": "stylegan",
        "blur_mode": "no_blur",
        "accuracy": 0.8621265231180103,
        "precision": 0.9376639096227557,
        "recall": 0.7758304122850943,
        "f1_score": 0.8491048593350383,
        "confusion_matrix": [
          [
            5682,
            309
          ],
          [
            1343,
            4648
          ]
        ],
        "total_samples": 11982,
        "time_seconds": 100.19351243972778
      },
      "global": {
        "dataset_name": "stylegan",
        "blur_mode": "global",
        "accuracy": 0.7331831079953264,
        "precision": 0.9116087212728344,
        "recall": 0.5164413286596562,
        "f1_score": 0.6593500266382525,
        "confusion_matrix": [
          [
            5691,
            300
          ],
          [
            2897,
            3094
          ]
        ],
        "total_samples": 11982,
        "time_seconds": 220.7021324634552
      }
    },
    "adm": {
      "no_blur": {
        "dataset_name": "adm",
        "blur_mode": "no_blur",
        "accuracy": 0.8614166666666667,
        "precision": 0.9922814982973893,
        "recall": 0.7285,
        "f1_score": 0.8401729937530034,
        "confusion_matrix": [
          [
            5966,
            34
          ],
          [
            1629,
            4371
          ]
        ],
        "total_samples": 12000,
        "time_seconds": 101.16807961463928
      },
      "global": {
        "dataset_name": "adm",
        "blur_mode": "global",
        "accuracy": 0.6956666666666667,
        "precision": 0.8976964769647696,
        "recall": 0.44166666666666665,
        "f1_score": 0.5920464700625558,
        "confusion_matrix": [
          [
            5698,
            302
          ],
          [
            3350,
            2650
          ]
        ],
        "total_samples": 12000,
        "time_seconds": 218.90272545814514
      }
    },
    "vqdm": {
      "no_blur": {
        "dataset_name": "vqdm",
        "blur_mode": "no_blur",
        "accuracy": 0.9724166666666667,
        "precision": 0.9944182801325658,
        "recall": 0.9501666666666667,
        "f1_score": 0.9717889712775931,
        "confusion_matrix": [
          [
            5968,
            32
          ],
          [
            299,
            5701
          ]
        ],
        "total_samples": 12000,
        "time_seconds": 102.50368356704712
      },
      "global": {
        "dataset_name": "vqdm",
        "blur_mode": "global",
        "accuracy": 0.8228333333333333,
        "precision": 0.936851601262968,
        "recall": 0.6923333333333334,
        "f1_score": 0.7962430515622005,
        "confusion_matrix": [
          [
            5720,
            280
          ],
          [
            1846,
            4154
          ]
        ],
        "total_samples": 12000,
        "time_seconds": 219.1031494140625
      }
    },
    "sdv14": {
      "no_blur": {
        "dataset_name": "sdv14",
        "blur_mode": "no_blur",
        "accuracy": 0.99825,
        "precision": 0.9966771889018109,
        "recall": 0.9998333333333334,
        "f1_score": 0.9982527664531159,
        "confusion_matrix": [
          [
            5980,
            20
          ],
          [
            1,
            5999
          ]
        ],
        "total_samples": 12000,
        "time_seconds": 101.1443510055542
      },
      "global": {
        "dataset_name": "sdv14",
        "blur_mode": "global",
        "accuracy": 0.9715833333333334,
        "precision": 0.9588130371331279,
        "recall": 0.9855,
        "f1_score": 0.9719733705925865,
        "confusion_matrix": [
          [
            5746,
            254
          ],
          [
            87,
            5913
          ]
        ],
        "total_samples": 12000,
        "time_seconds": 221.01804113388062
      }
    },
    "sdv15": {
      "no_blur": {
        "dataset_name": "sdv15",
        "blur_mode": "no_blur",
        "accuracy": 0.9949375,
        "precision": 0.9918022605887468,
        "recall": 0.998125,
        "f1_score": 0.9949535854463897,
        "confusion_matrix": [
          [
            7934,
            66
          ],
          [
            15,
            7985
          ]
        ],
        "total_samples": 16000,
        "time_seconds": 133.77317333221436
      },
      "global": {
        "dataset_name": "sdv15",
        "blur_mode": "global",
        "accuracy": 0.9665625,
        "precision": 0.9533584355641929,
        "recall": 0.981125,
        "f1_score": 0.9670424444033758,
        "confusion_matrix": [
          [
            7616,
            384
          ],
          [
            151,
            7849
          ]
        ],
        "total_samples": 16000,
        "time_seconds": 295.93849778175354
      }
    },