{
  "config": {
    "model_path": "teacher_blur_training/dinov3-vith16plus-pretrain-lvd1689m_blur02/best_teacher_blur_model.pth",
    "blur_mode": "both",
    "batch_size": 256
  },
  "results": {
    "cyclegan": {
      "no_blur": {
        "dataset_name": "cyclegan",
        "blur_mode": "no_blur",
        "accuracy": 0.8849356548069645,
        "precision": 0.9255230125523013,
        "recall": 0.8372445117335352,
        "f1_score": 0.8791732909379968,
        "confusion_matrix": [
          [
            1232,
            89
          ],
          [
            215,
            1106
          ]
        ],
        "total_samples": 2642,
        "time_seconds": 14.213192224502563
      },
      "global": {
        "dataset_name": "cyclegan",
        "blur_mode": "global",
        "accuracy": 0.6343679031037093,
        "precision": 0.6623970722781336,
        "recall": 0.5480696442089327,
        "f1_score": 0.59983429991715,
        "confusion_matrix": [
          [
            952,
            369
          ],
          [
            597,
            724
          ]
        ],
        "total_samples": 2642,
        "time_seconds": 13.05479621887207
      }
    },
    "progan": {
      "no_blur": {
        "dataset_name": "progan",
        "blur_mode": "no_blur",
        "accuracy": 0.867,
        "precision": 0.7958484482063684,
        "recall": 0.98725,
        "f1_score": 0.8812765007810757,
        "confusion_matrix": [
          [
            2987,
            1013
          ],
          [
            51,
            3949
          ]
        ],
        "total_samples": 8000,
        "time_seconds": 14.668247699737549
      },
      "global": {
        "dataset_name": "progan",
        "blur_mode": "global",
        "accuracy": 0.779,
        "precision": 0.7582137899120778,
        "recall": 0.81925,
        "f1_score": 0.7875510694544581,
        "confusion_matrix": [
          [
            2955,
            1045
          ],
          [
            723,
            3277
          ]
        ],
        "total_samples": 8000,
        "time_seconds": 28.20445466041565
      }
    },
    "stylegan2": {
      "no_blur": {
        "dataset_name": "stylegan2",
        "blur_mode": "no_blur",
        "accuracy": 0.7525037556334502,
        "precision": 0.7988148148148149,
        "recall": 0.6750125187781673,
        "f1_score": 0.7317139367621115,
        "confusion_matrix": [
          [
            6630,
            1358
          ],
          [
            2596,
            5392
          ]
        ],
        "total_samples": 15976,
        "time_seconds": 31.612658262252808
      },
      "global": {
        "dataset_name": "stylegan2",
        "blur_mode": "global",
        "accuracy": 0.5634076114171257,
        "precision": 0.635319262623564,
        "recall": 0.29769654481722585,
        "f1_score": 0.40542153269116016,
        "confusion_matrix": [
          [
            6623,
            1365
          ],
          [
            5610,
            2378
          ]
        ],
        "total_samples": 15976,
        "time_seconds": 56.85169959068298
      }
    },
    "stylegan": {
      "no_blur": {
        "dataset_name": "stylegan",
        "blur_mode": "no_blur",
        "accuracy": 0.6913703889167084,
        "precision": 0.7598005891683662,
        "recall": 0.5596728425972292,
        "f1_score": 0.644559784698193,
        "confusion_matrix": [
          [
            4931,
            1060
          ],
          [
            2638,
            3353
          ]
        ],
        "total_samples": 11982,
        "time_seconds": 23.663018941879272
      },
      "global": {
        "dataset_name": "stylegan",
        "blur_mode": "global",
        "accuracy": 0.528292438657987,
        "precision": 0.5798398492699011,
        "recall": 0.20547487898514438,
        "f1_score": 0.3034261769780626,
        "confusion_matrix": [
          [
            5099,
            892
          ],
          [
            4760,
            1231
          ]
        ],
        "total_samples": 11982,
        "time_seconds": 43.77335739135742
      }
    },
    "adm": {
      "no_blur": {
        "dataset_name": "adm",
        "blur_mode": "no_blur",
        "accuracy": 0.7880833333333334,
        "precision": 0.978146611341632,
        "recall": 0.5893333333333334,
        "f1_score": 0.7355174206968279,
        "confusion_matrix": [
          [
            5921,
            79
          ],
          [
            2464,
            3536
          ]
        ],
        "total_samples": 12000,
        "time_seconds": 21.727703332901
      },
      "global": {
        "dataset_name": "adm",
        "blur_mode": "global",
        "accuracy": 0.5810833333333333,
        "precision": 0.7445952740070387,
        "recall": 0.24683333333333332,
        "f1_score": 0.3707597947177369,
        "confusion_matrix": [
          [
            5492,
            508
          ],
          [
            4519,
            1481
          ]
        ],
        "total_samples": 12000,
        "time_seconds": 41.9699182510376
      }
    },
    "vqdm": {
      "no_blur": {
        "dataset_name": "vqdm",
        "blur_mode": "no_blur",
        "accuracy": 0.9466666666666667,
        "precision": 0.9883381924198251,
        "recall": 0.904,
        "f1_score": 0.9442896935933147,
        "confusion_matrix": [
          [
            5936,
            64
          ],
          [
            576,
            5424
          ]
        ],
        "total_samples": 12000,
        "time_seconds": 22.25260877609253
      },
      "global": {
        "dataset_name": "vqdm",
        "blur_mode": "global",
        "accuracy": 0.7364166666666667,
        "precision": 0.8670116429495472,
        "recall": 0.5585,
        "f1_score": 0.6793715154586923,
        "confusion_matrix": [
          [
            5486,
            514
          ],
          [
            2649,
            3351
          ]
        ],
        "total_samples": 12000,
        "time_seconds": 43.337541580200195
      }
    },
    "sdv14": {
      "no_blur": {
        "dataset_name": "sdv14",
        "blur_mode": "no_blur",
        "accuracy": 0.9925,
        "precision": 0.9897248922770965,
        "recall": 0.9953333333333333,
        "f1_score": 0.992521189961775,
        "confusion_matrix": [
          [
            5938,
            62
          ],
          [
            28,
            5972
          ]
        ],
        "total_samples": 12000,
        "time_seconds": 28.25853729248047
      },
      "global": {
        "dataset_name": "sdv14",
        "blur_mode": "global",
        "accuracy": 0.8405,
        "precision": 0.9037549407114625,
        "recall": 0.7621666666666667,
        "f1_score": 0.8269439421338155,
        "confusion_matrix": [
          [
            5513,
            487
          ],
          [
            1427,
            4573
          ]
        ],
        "total_samples": 12000,
        "time_seconds": 41.312387466430664
      }
    },
    "sdv15": {
      "no_blur": {
        "dataset_name": "sdv15",
        "blur_mode": "no_blur",
        "accuracy": 0.9913125,
        "precision": 0.9902706748160159,
        "recall": 0.992375,
        "f1_score": 0.9913217206717863,
        "confusion_matrix": [
          [
            7922,
            78
          ],
          [
            61,
            7939
          ]
        ],
        "total_samples": 16000,
        "time_seconds": 37.94579100608826
      },
      "global": {
        "dataset_name": "sdv15",
        "blur_mode": "global",
        "accuracy": 0.835125,
        "precision": 0.8977744807121661,
        "recall": 0.756375,
        "f1_score": 0.8210312075983718,
        "confusion_matrix": [
          [
            7311,
            689
          ],
          [
            1949,
            6051
          ]
        ],
        "total_samples": 16000,
        "time_seconds": 53.30328583717346
      }
    },