{
  "config": {
    "model_path": "teacher_blur_training/dinov3-vith16plus-pretrain-lvd1689m_blur02/best_teacher_blur_model.pth",
    "blur_mode": "both",
    "batch_size": 256
  },
  "results": {
    "reddit": {
      "no_blur": {
        "dataset_name": "reddit",
        "blur_mode": "no_blur",
        "accuracy": 0.8793333333333333,
        "precision": 0.8143646408839779,
        "recall": 0.9826666666666667,
        "f1_score": 0.8906344410876132,
        "confusion_matrix": [
          [
            582,
            168
          ],
          [
            13,
            737
          ]
        ],
        "total_samples": 1500,
        "time_seconds": 33.29905939102173
      },
      "global": {
        "dataset_name": "reddit",
        "blur_mode": "global",
        "accuracy": 0.7313333333333333,
        "precision": 0.665395614871306,
        "recall": 0.9306666666666666,
        "f1_score": 0.7759866592551418,
        "confusion_matrix": [
          [
            399,
            351
          ],
          [
            52,
            698
          ]
        ],
        "total_samples": 1500,
        "time_seconds": 37.38800883293152
      }
    },
    "facebook": {
      "no_blur": {
        "dataset_name": "facebook",
        "blur_mode": "no_blur",
        "accuracy": 0.84375,
        "precision": 0.7696078431372549,
        "recall": 0.98125,
        "f1_score": 0.8626373626373627,
        "confusion_matrix": [
          [
            113,
            47
          ],
          [
            3,
            157
          ]
        ],
        "total_samples": 320,
        "time_seconds": 6.141482591629028
      },
      "global": {
        "dataset_name": "facebook",
        "blur_mode": "global",
        "accuracy": 0.7375,
        "precision": 0.6666666666666666,
        "recall": 0.95,
        "f1_score": 0.7835051546391752,
        "confusion_matrix": [
          [
            84,
            76
          ],
          [
            8,
            152
          ]
        ],
        "total_samples": 320,
        "time_seconds": 8.037923812866211
      }
    },
    "twitter": {
      "no_blur": {
        "dataset_name": "twitter",
        "blur_mode": "no_blur",
        "accuracy": 0.9073634204275535,
        "precision": 0.8863636363636364,
        "recall": 0.9855595667870036,
        "f1_score": 0.9333333333333333,
        "confusion_matrix": [
          [
            109,
            35
          ],
          [
            4,
            273
          ]
        ],
        "total_samples": 421,
        "time_seconds": 11.87283992767334
      },
      "global": {
        "dataset_name": "twitter",
        "blur_mode": "global",
        "accuracy": 0.7957244655581948,
        "precision": 0.805111821086262,
        "recall": 0.9097472924187726,
        "f1_score": 0.8542372881355932,
        "confusion_matrix": [
          [
            83,
            61
          ],
          [
            25,
            252
          ]
        ],
        "total_samples": 421,
        "time_seconds": 15.664651155471802
      }
    }
  }
}