{
  "config": {
    "model_path": "teacher_mixed_blur_training/dinov3-vitl16-pretrain-lvd1689m_blur02/best_teacher_blur_model.pth",
    "blur_mode": "both",
    "batch_size": 256
  },
  "results": {
    "cyclegan": {
      "no_blur": {
        "dataset_name": "cyclegan",
        "blur_mode": "no_blur",
        "accuracy": 0.789553368660106,
        "precision": 0.9039070749736009,
        "recall": 0.647993943981832,
        "f1_score": 0.7548500881834215,
        "confusion_matrix": [
          [
            1230,
            91
          ],
          [
            465,
            856
          ]
        ],
        "total_samples": 2642,
        "time_seconds": 10.196570634841919
      },
      "global": {
        "dataset_name": "cyclegan",
        "blur_mode": "global",
        "accuracy": 0.546555639666919,
        "precision": 0.614100185528757,
        "recall": 0.2505677517032551,
        "f1_score": 0.35591397849462364,
        "confusion_matrix": [
          [
            1113,
            208
          ],
          [
            990,
            331
          ]
        ],
        "total_samples": 2642,
        "time_seconds": 16.61860179901123
      }
    },
    "progan": {
      "no_blur": {
        "dataset_name": "progan",
        "blur_mode": "no_blur",
        "accuracy": 0.836875,
        "precision": 0.7752808988764045,
        "recall": 0.94875,
        "f1_score": 0.8532883642495784,
        "confusion_matrix": [
          [
            2900,
            1100
          ],
          [
            205,
            3795
          ]
        ],
        "total_samples": 8000,
        "time_seconds": 13.14485502243042
      },
      "global": {
        "dataset_name": "progan",
        "blur_mode": "global",
        "accuracy": 0.677875,
        "precision": 0.7054576956396188,
        "recall": 0.61075,
        "f1_score": 0.6546965027468846,
        "confusion_matrix": [
          [
            2980,
            1020
          ],
          [
            1557,
            2443
          ]
        ],
        "total_samples": 8000,
        "time_seconds": 59.69270300865173
      }
    },
    "stylegan2": {
      "no_blur": {
        "dataset_name": "stylegan2",
        "blur_mode": "no_blur",
        "accuracy": 0.6684401602403606,
        "precision": 0.7423014586709886,
        "recall": 0.5160240360540811,
        "f1_score": 0.6088176648696552,
        "confusion_matrix": [
          [
            6557,
            1431
          ],
          [
            3866,
            4122
          ]
        ],
        "total_samples": 15976,
        "time_seconds": 28.01675295829773
      },
      "global": {
        "dataset_name": "stylegan2",
        "blur_mode": "global",
        "accuracy": 0.5084501752628944,
        "precision": 0.5209043047383091,
        "recall": 0.21056584877315973,
        "f1_score": 0.2999019345636088,
        "confusion_matrix": [
          [
            6441,
            1547
          ],
          [
            6306,
            1682
          ]
        ],
        "total_samples": 15976,
        "time_seconds": 113.97025561332703
      }
    },
    "stylegan": {
      "no_blur": {
        "dataset_name": "stylegan",
        "blur_mode": "no_blur",
        "accuracy": 0.6465531630779503,
        "precision": 0.7541980312680949,
        "recall": 0.4348188950091804,
        "f1_score": 0.5516146109052409,
        "confusion_matrix": [
          [
            5142,
            849
          ],
          [
            3386,
            2605
          ]
        ],
        "total_samples": 11982,
        "time_seconds": 22.025892972946167
      },
      "global": {
        "dataset_name": "stylegan",
        "blur_mode": "global",
        "accuracy": 0.5221999666165915,
        "precision": 0.5694879832810867,
        "recall": 0.18193957603071273,
        "f1_score": 0.275774826059456,
        "confusion_matrix": [
          [
            5167,
            824
          ],
          [
            4901,
            1090
          ]
        ],
        "total_samples": 11982,
        "time_seconds": 88.10047268867493
      }
    },
    "adm": {
      "no_blur": {
        "dataset_name": "adm",
        "blur_mode": "no_blur",
        "accuracy": 0.6361666666666667,
        "precision": 0.9406688241639698,
        "recall": 0.2906666666666667,
        "f1_score": 0.44410491469315,
        "confusion_matrix": [
          [
            5890,
            110
          ],
          [
            4256,
            1744
          ]
        ],
        "total_samples": 12000,
        "time_seconds": 20.384105443954468
      },
      "global": {
        "dataset_name": "adm",
        "blur_mode": "global",
        "accuracy": 0.5249166666666667,
        "precision": 0.5805061927840603,
        "recall": 0.17966666666666667,
        "f1_score": 0.2744049891816215,
        "confusion_matrix": [
          [
            5221,
            779
          ],
          [
            4922,
            1078
          ]
        ],
        "total_samples": 12000,
        "time_seconds": 87.90758657455444
      }
    },
    "vqdm": {
      "no_blur": {
        "dataset_name": "vqdm",
        "blur_mode": "no_blur",
        "accuracy": 0.8414166666666667,
        "precision": 0.9758420441347271,
        "recall": 0.7001666666666667,
        "f1_score": 0.8153323629306162,
        "confusion_matrix": [
          [
            5896,
            104
          ],
          [
            1799,
            4201
          ]
        ],
        "total_samples": 12000,
        "time_seconds": 19.665651559829712
      },
      "global": {
        "dataset_name": "vqdm",
        "blur_mode": "global",
        "accuracy": 0.6194166666666666,
        "precision": 0.7365467150874876,
        "recall": 0.37183333333333335,
        "f1_score": 0.4941854025916491,
        "confusion_matrix": [
          [
            5202,
            798
          ],
          [
            3769,
            2231
          ]
        ],
        "total_samples": 12000,
        "time_seconds": 90.99544525146484
      }
    },
    "sdv14": {
      "no_blur": {
        "dataset_name": "sdv14",
        "blur_mode": "no_blur",
        "accuracy": 0.9874166666666667,
        "precision": 0.98346834187469,
        "recall": 0.9915,
        "f1_score": 0.9874678396547432,
        "confusion_matrix": [
          [
            5900,
            100
          ],
          [
            51,
            5949
          ]
        ],
        "total_samples": 12000,
        "time_seconds": 27.263670682907104
      },
      "global": {
        "dataset_name": "sdv14",
        "blur_mode": "global",
        "accuracy": 0.9120833333333334,
        "precision": 0.8758169934640523,
        "recall": 0.9603333333333334,
        "f1_score": 0.91613005803323,
        "confusion_matrix": [
          [
            5183,
            817
          ],
          [
            238,
            5762
          ]
        ],
        "total_samples": 12000,
        "time_seconds": 88.87185597419739
      }
    },
    "sdv15": {
      "no_blur": {
        "dataset_name": "sdv15",
        "blur_mode": "no_blur",
        "accuracy": 0.9856875,
        "precision": 0.9835718730553827,
        "recall": 0.987875,
        "f1_score": 0.9857187402556907,
        "confusion_matrix": [
          [
            7868,
            132
          ],
          [
            97,
            7903
          ]
        ],
        "total_samples": 16000,
        "time_seconds": 36.48974394798279
      },
      "global": {
        "dataset_name": "sdv15",
        "blur_mode": "global",
        "accuracy": 0.910375,
        "precision": 0.8790117755714616,
        "recall": 0.95175,
        "f1_score": 0.9139359020525747,
        "confusion_matrix": [
          [
            6952,
            1048
          ],
          [
            386,
            7614
          ]
        ],
        "total_samples": 16000,