{
  "config": {
    "model_path": "teacher_blur_training/dinov3-vit7b16-pretrain-lvd1689m_blur00/best_teacher_blur_model.pth",
    "blur_mode": "both",
    "batch_size": 256
  },
  "results": {
    "reddit": {
      "no_blur": {
        "dataset_name": "reddit",
        "blur_mode": "no_blur",
        "accuracy": 0.948,
        "precision": 0.9221105527638191,
        "recall": 0.9786666666666667,
        "f1_score": 0.9495472186287193,
        "confusion_matrix": [
          [
            688,
            62
          ],
          [
            16,
            734
          ]
        ],
        "total_samples": 1500,
        "time_seconds": 40.264437437057495
      },
      "global": {
        "dataset_name": "reddit",
        "blur_mode": "global",
        "accuracy": 0.8513333333333334,
        "precision": 0.8813314037626628,
        "recall": 0.812,
        "f1_score": 0.8452463566967384,
        "confusion_matrix": [
          [
            668,
            82
          ],
          [
            141,
            609
          ]
        ],
        "total_samples": 1500,
        "time_seconds": 49.32337498664856
      }
    },
    "facebook": {
      "no_blur": {
        "dataset_name": "facebook",
        "blur_mode": "no_blur",
        "accuracy": 0.909375,
        "precision": 0.8659217877094972,
        "recall": 0.96875,
        "f1_score": 0.9144542772861357,
        "confusion_matrix": [
          [
            136,
            24
          ],
          [
            5,
            155
          ]
        ],
        "total_samples": 320,
        "time_seconds": 8.696473360061646
      },
      "global": {
        "dataset_name": "facebook",
        "blur_mode": "global",
        "accuracy": 0.865625,
        "precision": 0.8679245283018868,
        "recall": 0.8625,
        "f1_score": 0.8652037617554859,
        "confusion_matrix": [
          [
            139,
            21
          ],
          [
            22,
            138
          ]
        ],
        "total_samples": 320,
        "time_seconds": 12.862366676330566
      }
    },
    "twitter": {
      "no_blur": {
        "dataset_name": "twitter",
        "blur_mode": "no_blur",
        "accuracy": 0.9548693586698337,
        "precision": 0.951048951048951,
        "recall": 0.9819494584837545,
        "f1_score": 0.9662522202486679,
        "confusion_matrix": [
          [
            130,
            14
          ],
          [
            5,
            272
          ]
        ],
        "total_samples": 421,
        "time_seconds": 15.90129280090332
      },
      "global": {
        "dataset_name": "twitter",
        "blur_mode": "global",
        "accuracy": 0.8812351543942993,
        "precision": 0.9416342412451362,
        "recall": 0.8736462093862816,
        "f1_score": 0.9063670411985019,
        "confusion_matrix": [
          [
            129,
            15
          ],
          [
            35,
            242
          ]
        ],
        "total_samples": 421,
        "time_seconds": 19.830931663513184
      }
    }
  }
}