{
  "config": {
    "model_path": "teacher_blur_training/dinov3-vit7b16-pretrain-lvd1689m_blur00/best_teacher_blur_model.pth",
    "blur_mode": "both",
    "batch_size": 256
  },
  "results": {
    "cyclegan": {
      "no_blur": {
        "dataset_name": "cyclegan",
        "blur_mode": "no_blur",
        "accuracy": 0.9072672218016654,
        "precision": 0.9559322033898305,
        "recall": 0.8538985616956851,
        "f1_score": 0.9020391843262695,
        "confusion_matrix": [
          [
            1269,
            52
          ],
          [
            193,
            1128
          ]
        ],
        "total_samples": 2642,
        "time_seconds": 31.8544864654541
      },
      "global": {
        "dataset_name": "cyclegan",
        "blur_mode": "global",
        "accuracy": 0.7165026495079485,
        "precision": 0.9144927536231884,
        "recall": 0.47766843300529904,
        "f1_score": 0.627548483341621,
        "confusion_matrix": [
          [
            1262,
            59
          ],
          [
            690,
            631
          ]
        ],
        "total_samples": 2642,
        "time_seconds": 51.580520153045654
      }
    },
    "progan": {
      "no_blur": {
        "dataset_name": "progan",
        "blur_mode": "no_blur",
        "accuracy": 0.95825,
        "precision": 0.9290730337078652,
        "recall": 0.99225,
        "f1_score": 0.9596228239845261,
        "confusion_matrix": [
          [
            3697,
            303
          ],
          [
            31,
            3969
          ]
        ],
        "total_samples": 8000,
        "time_seconds": 67.06976222991943
      },
      "global": {
        "dataset_name": "progan",
        "blur_mode": "global",
        "accuracy": 0.867625,
        "precision": 0.9388242315726649,
        "recall": 0.7865,
        "f1_score": 0.8559379676234526,
        "confusion_matrix": [
          [
            3795,
            205
          ],
          [
            854,
            3146
          ]
        ],
        "total_samples": 8000,
        "time_seconds": 146.58911538124084
      }
    },
    "stylegan2": {
      "no_blur": {
        "dataset_name": "stylegan2",
        "blur_mode": "no_blur",
        "accuracy": 0.8768778167250876,
        "precision": 0.9227636567897767,
        "recall": 0.822608913370055,
        "f1_score": 0.8698126944205441,
        "confusion_matrix": [
          [
            7438,
            550
          ],
          [
            1417,
            6571
          ]
        ],
        "total_samples": 15976,
        "time_seconds": 134.81209564208984
      },
      "global": {
        "dataset_name": "stylegan2",
        "blur_mode": "global",
        "accuracy": 0.6582999499248874,
        "precision": 0.9247564662411824,
        "recall": 0.3446419629444166,
        "f1_score": 0.5021431828545372,
        "confusion_matrix": [
          [
            7764,
            224
          ],
          [
            5235,
            2753
          ]
        ],
        "total_samples": 15976,
        "time_seconds": 288.65179204940796
      }
    },
    "stylegan": {
      "no_blur": {
        "dataset_name": "stylegan",
        "blur_mode": "no_blur",
        "accuracy": 0.8336671674177933,
        "precision": 0.9074602527517326,
        "recall": 0.7431146720080121,
        "f1_score": 0.8171056254014867,
        "confusion_matrix": [
          [
            5537,
            454
          ],
          [
            1539,
            4452
          ]
        ],
        "total_samples": 11982,
        "time_seconds": 101.02391266822815
      },
      "global": {
        "dataset_name": "stylegan",
        "blur_mode": "global",
        "accuracy": 0.6054081121682524,
        "precision": 0.8999366687777074,
        "recall": 0.2371891170088466,
        "f1_score": 0.37542932628797887,
        "confusion_matrix": [
          [
            5833,
            158
          ],
          [
            4570,
            1421
          ]
        ],
        "total_samples": 11982,
        "time_seconds": 219.50036907196045
      }
    },
    "adm": {
      "no_blur": {
        "dataset_name": "adm",
        "blur_mode": "no_blur",
        "accuracy": 0.85375,
        "precision": 0.9923451635351427,
        "recall": 0.713,
        "f1_score": 0.8297934244981088,
        "confusion_matrix": [
          [
            5967,
            33
          ],
          [
            1722,
            4278
          ]
        ],
        "total_samples": 12000,
        "time_seconds": 101.07571148872375
      },
      "global": {
        "dataset_name": "adm",
        "blur_mode": "global",
        "accuracy": 0.6373333333333333,
        "precision": 0.9420600858369099,
        "recall": 0.2926666666666667,
        "f1_score": 0.44659206510681587,
        "confusion_matrix": [
          [
            5892,
            108
          ],
          [
            4244,
            1756
          ]
        ],
        "total_samples": 12000,
        "time_seconds": 218.77106356620789
      }
    },
    "vqdm": {
      "no_blur": {
        "dataset_name": "vqdm",
        "blur_mode": "no_blur",
        "accuracy": 0.9695833333333334,
        "precision": 0.9947322212467077,
        "recall": 0.9441666666666667,
        "f1_score": 0.9687900812312954,
        "confusion_matrix": [
          [
            5970,
            30
          ],
          [
            335,
            5665
          ]
        ],
        "total_samples": 12000,
        "time_seconds": 101.08040070533752
      },
      "global": {
        "dataset_name": "vqdm",
        "blur_mode": "global",
        "accuracy": 0.77475,
        "precision": 0.9687233437588855,
        "recall": 0.5678333333333333,
        "f1_score": 0.7159819270778607,
        "confusion_matrix": [
          [
            5890,
            110
          ],
          [
            2593,
            3407
          ]
        ],
        "total_samples": 12000,
        "time_seconds": 217.94845747947693
      }
    },
    "sdv14": {
      "no_blur": {
        "dataset_name": "sdv14",
        "blur_mode": "no_blur",
        "accuracy": 0.9969166666666667,
        "precision": 0.9945264554652513,
        "recall": 0.9993333333333333,
        "f1_score": 0.9969241000914457,
        "confusion_matrix": [
          [
            5967,
            33
          ],
          [
            4,
            5996
          ]
        ],
        "total_samples": 12000,
        "time_seconds": 101.63045930862427
      },
      "global": {
        "dataset_name": "sdv14",
        "blur_mode": "global",
        "accuracy": 0.8855833333333333,
        "precision": 0.9802781814407308,
        "recall": 0.787,
        "f1_score": 0.8730701673292041,
        "confusion_matrix": [
          [
            5905,
            95
          ],
          [
            1278,
            4722
          ]
        ],
        "total_samples": 12000,
        "time_seconds": 219.1773498058319
      }
    },
    "sdv15": {
      "no_blur": {
        "dataset_name": "sdv15",
        "blur_mode": "no_blur",
        "accuracy": 0.9951875,
        "precision": 0.9933989288827999,
        "recall": 0.997,
        "f1_score": 0.995196206875039,
        "confusion_matrix": [
          [
            7947,
            53
          ],
          [
            24,
            7976
          ]
        ],
        "total_samples": 16000,
        "time_seconds": 133.59540343284607
      },
      "global": {
        "dataset_name": "sdv15",
        "blur_mode": "global",
        "accuracy": 0.8771875,
        "precision": 0.9760214544880896,
        "recall": 0.773375,
        "f1_score": 0.8629611548922519,
        "confusion_matrix": [
          [
            7848,
            152
          ],
          [
            1813,
            6187
          ]
        ],
        "total_samples": 16000,
        "time_seconds": 288.1318895816803
      }
    },