{
  "config": {
    "model_path": "teacher_blur_training/dinov3-vitl16-pretrain-lvd1689m_blur00/best_teacher_blur_model.pth",
    "blur_mode": "both",
    "batch_size": 256
  },
  "results": {
    "reddit": {
      "no_blur": {
        "dataset_name": "reddit",
        "blur_mode": "no_blur",
        "accuracy": 0.7793333333333333,
        "precision": 0.7004784688995215,
        "recall": 0.976,
        "f1_score": 0.8155988857938719,
        "confusion_matrix": [
          [
            437,
            313
          ],
          [
            18,
            732
          ]
        ],
        "total_samples": 1500,
        "time_seconds": 32.43619346618652
      },
      "global": {
        "dataset_name": "reddit",
        "blur_mode": "global",
        "accuracy": 0.6686666666666666,
        "precision": 0.6217516843118384,
        "recall": 0.8613333333333333,
        "f1_score": 0.7221911682504192,
        "confusion_matrix": [
          [
            357,
            393
          ],
          [
            104,
            646
          ]
        ],
        "total_samples": 1500,
        "time_seconds": 42.7401282787323
      }
    },
    "facebook": {
      "no_blur": {
        "dataset_name": "facebook",
        "blur_mode": "no_blur",
        "accuracy": 0.74375,
        "precision": 0.6681034482758621,
        "recall": 0.96875,
        "f1_score": 0.7908163265306123,
        "confusion_matrix": [
          [
            83,
            77
          ],
          [
            5,
            155
          ]
        ],
        "total_samples": 320,
        "time_seconds": 7.051924467086792
      },
      "global": {
        "dataset_name": "facebook",
        "blur_mode": "global",
        "accuracy": 0.68125,
        "precision": 0.6342592592592593,
        "recall": 0.85625,
        "f1_score": 0.7287234042553191,
        "confusion_matrix": [
          [
            81,
            79
          ],
          [
            23,
            137
          ]
        ],
        "total_samples": 320,
        "time_seconds": 11.543522119522095
      }
    },
    "twitter": {
      "no_blur": {
        "dataset_name": "twitter",
        "blur_mode": "no_blur",
        "accuracy": 0.8527315914489311,
        "precision": 0.8208955223880597,
        "recall": 0.9927797833935018,
        "f1_score": 0.8986928104575164,
        "confusion_matrix": [
          [
            84,
            60
          ],
          [
            2,
            275
          ]
        ],
        "total_samples": 421,
        "time_seconds": 11.937439680099487
      },
      "global": {
        "dataset_name": "twitter",
        "blur_mode": "global",
        "accuracy": 0.7719714964370546,
        "precision": 0.7854889589905363,
        "recall": 0.8989169675090253,
        "f1_score": 0.8383838383838383,
        "confusion_matrix": [
          [
            76,
            68
          ],
          [
            28,
            249
          ]
        ],
        "total_samples": 421,
        "time_seconds": 18.821239948272705
      }
    }
  }
}