{
  "config": {
    "model_path": "teacher_blur_training/dinov3-vitl16-pretrain-lvd1689m_blur00/best_teacher_blur_model.pth",
    "blur_mode": "both",
    "batch_size": 256
  },
  "results": {
    "cyclegan": {
      "no_blur": {
        "dataset_name": "cyclegan",
        "blur_mode": "no_blur",
        "accuracy": 0.791445874337623,
        "precision": 0.9069767441860465,
        "recall": 0.6495079485238455,
        "f1_score": 0.7569475077194531,
        "confusion_matrix": [
          [
            1233,
            88
          ],
          [
            463,
            858
          ]
        ],
        "total_samples": 2642,
        "time_seconds": 11.385982751846313
      },
      "global": {
        "dataset_name": "cyclegan",
        "blur_mode": "global",
        "accuracy": 0.5529901589704769,
        "precision": 0.5943396226415094,
        "recall": 0.33383800151400456,
        "f1_score": 0.42753271934076587,
        "confusion_matrix": [
          [
            1020,
            301
          ],
          [
            880,
            441
          ]
        ],
        "total_samples": 2642,
        "time_seconds": 21.898091316223145
      }
    },
    "progan": {
      "no_blur": {
        "dataset_name": "progan",
        "blur_mode": "no_blur",
        "accuracy": 0.785625,
        "precision": 0.7120059380218965,
        "recall": 0.95925,
        "f1_score": 0.8173394397699435,
        "confusion_matrix": [
          [
            2448,
            1552
          ],
          [
            163,
            3837
          ]
        ],
        "total_samples": 8000,
        "time_seconds": 12.883389711380005
      },
      "global": {
        "dataset_name": "progan",
        "blur_mode": "global",
        "accuracy": 0.689375,
        "precision": 0.6923076923076923,
        "recall": 0.68175,
        "f1_score": 0.6869882856782971,
        "confusion_matrix": [
          [
            2788,
            1212
          ],
          [
            1273,
            2727
          ]
        ],
        "total_samples": 8000,
        "time_seconds": 46.344687938690186
      }
    },
    "stylegan2": {
      "no_blur": {
        "dataset_name": "stylegan2",
        "blur_mode": "no_blur",
        "accuracy": 0.6451552328492739,
        "precision": 0.6880168639532999,
        "recall": 0.5311717576364546,
        "f1_score": 0.5995054750971388,
        "confusion_matrix": [
          [
            6064,
            1924
          ],
          [
            3745,
            4243
          ]
        ],
        "total_samples": 15976,
        "time_seconds": 27.639648914337158
      },
      "global": {
        "dataset_name": "stylegan2",
        "blur_mode": "global",
        "accuracy": 0.5239734601902855,
        "precision": 0.5502229215840545,
        "recall": 0.26264396594892336,
        "f1_score": 0.355563087873909,
        "confusion_matrix": [
          [
            6273,
            1715
          ],
          [
            5890,
            2098
          ]
        ],
        "total_samples": 15976,
        "time_seconds": 105.9764313697815
      }
    },
    "stylegan": {
      "no_blur": {
        "dataset_name": "stylegan",
        "blur_mode": "no_blur",
        "accuracy": 0.6101652478718077,
        "precision": 0.6940035273368607,
        "recall": 0.3940911367050576,
        "f1_score": 0.5027147876077931,
        "confusion_matrix": [
          [
            4950,
            1041
          ],
          [
            3630,
            2361
          ]
        ],
        "total_samples": 11982,
        "time_seconds": 21.915688037872314
      },
      "global": {
        "dataset_name": "stylegan",
        "blur_mode": "global",
        "accuracy": 0.4899849774661993,
        "precision": 0.4608355091383812,
        "recall": 0.11784343181438825,
        "f1_score": 0.18769108068589657,
        "confusion_matrix": [
          [
            5165,
            826
          ],
          [
            5285,
            706
          ]
        ],
        "total_samples": 11982,
        "time_seconds": 84.85634899139404
      }
    },
    "adm": {
      "no_blur": {
        "dataset_name": "adm",
        "blur_mode": "no_blur",
        "accuracy": 0.658,
        "precision": 0.9305177111716622,
        "recall": 0.3415,
        "f1_score": 0.4996342355523043,
        "confusion_matrix": [
          [
            5847,
            153
          ],
          [
            3951,
            2049
          ]
        ],
        "total_samples": 12000,
        "time_seconds": 20.538004398345947
      },
      "global": {
        "dataset_name": "adm",
        "blur_mode": "global",
        "accuracy": 0.5341666666666667,
        "precision": 0.6100966702470462,
        "recall": 0.18933333333333333,
        "f1_score": 0.2889849910964131,
        "confusion_matrix": [
          [
            5274,
            726
          ],
          [
            4864,
            1136
          ]
        ],
        "total_samples": 12000,
        "time_seconds": 86.7156195640564
      }
    },
    "vqdm": {
      "no_blur": {
        "dataset_name": "vqdm",
        "blur_mode": "no_blur",
        "accuracy": 0.8531666666666666,
        "precision": 0.9667400881057269,
        "recall": 0.7315,
        "f1_score": 0.8328273244781784,
        "confusion_matrix": [
          [
            5849,
            151
          ],
          [
            1611,
            4389
          ]
        ],
        "total_samples": 12000,
        "time_seconds": 20.239017963409424
      },
      "global": {
        "dataset_name": "vqdm",
        "blur_mode": "global",
        "accuracy": 0.6445833333333333,
        "precision": 0.7701650576144503,
        "recall": 0.4121666666666667,
        "f1_score": 0.5369666702855281,
        "confusion_matrix": [
          [
            5262,
            738
          ],
          [
            3527,
            2473
          ]
        ],
        "total_samples": 12000,
        "time_seconds": 84.93763518333435
      }
    },
    "sdv14": {
      "no_blur": {
        "dataset_name": "sdv14",
        "blur_mode": "no_blur",
        "accuracy": 0.9805,
        "precision": 0.9765289256198347,
        "recall": 0.9846666666666667,
        "f1_score": 0.9805809128630706,
        "confusion_matrix": [
          [
            5858,
            142
          ],
          [
            92,
            5908
          ]
        ],
        "total_samples": 12000,
        "time_seconds": 27.19765281677246
      },
      "global": {
        "dataset_name": "sdv14",
        "blur_mode": "global",
        "accuracy": 0.8408333333333333,
        "precision": 0.8696673897324656,
        "recall": 0.8018333333333333,
        "f1_score": 0.83437391605966,
        "confusion_matrix": [
          [
            5279,
            721
          ],
          [
            1189,
            4811
          ]
        ],
        "total_samples": 12000,
        "time_seconds": 88.16676878929138
      }
    },
    "sdv15": {
      "no_blur": {
        "dataset_name": "sdv15",
        "blur_mode": "no_blur",
        "accuracy": 0.9755625,
        "precision": 0.97184670718095,
        "recall": 0.9795,
        "f1_score": 0.975658345265517,
        "confusion_matrix": [
          [
            7773,
            227
          ],
          [
            164,
            7836
          ]
        ],
        "total_samples": 16000,
        "time_seconds": 35.72157049179077
      },
      "global": {
        "dataset_name": "sdv15",
        "blur_mode": "global",
        "accuracy": 0.830375,
        "precision": 0.8662694013303769,
        "recall": 0.781375,
        "f1_score": 0.8216351209253417,
        "confusion_matrix": [
          [
            7035,
            965
          ],
          [
            1749,
            6251
          ]
        ],
        "total_samples": 16000,
        "time_seconds": 106.4713625907898
      }
    },