{
  "config": {
    "model_path": "teacher_mixed_blur_training/dinov3-vith16plus-pretrain-lvd1689m_blur01/best_teacher_blur_model.pth",
    "blur_mode": "both",
    "batch_size": 256
  },
  "results": {
    "cyclegan": {
      "no_blur": {
        "dataset_name": "cyclegan",
        "blur_mode": "no_blur",
        "accuracy": 0.8819076457229371,
        "precision": 0.9421560035056967,
        "recall": 0.813777441332324,
        "f1_score": 0.8732737611697806,
        "confusion_matrix": [
          [
            1255,
            66
          ],
          [
            246,
            1075
          ]
        ],
        "total_samples": 2642,
        "time_seconds": 13.23532509803772
      },
      "global": {
        "dataset_name": "cyclegan",
        "blur_mode": "global",
        "accuracy": 0.6483724451173354,
        "precision": 0.7227272727272728,
        "recall": 0.4814534443603331,
        "f1_score": 0.5779191276692413,
        "confusion_matrix": [
          [
            1077,
            244
          ],
          [
            685,
            636
          ]
        ],
        "total_samples": 2642,
        "time_seconds": 12.158887147903442
      }
    },
    "progan": {
      "no_blur": {
        "dataset_name": "progan",
        "blur_mode": "no_blur",
        "accuracy": 0.903125,
        "precision": 0.84315811874867,
        "recall": 0.9905,
        "f1_score": 0.910909299919531,
        "confusion_matrix": [
          [
            3263,
            737
          ],
          [
            38,
            3962
          ]
        ],
        "total_samples": 8000,
        "time_seconds": 15.115571737289429
      },
      "global": {
        "dataset_name": "progan",
        "blur_mode": "global",
        "accuracy": 0.81475,
        "precision": 0.7850996376811594,
        "recall": 0.86675,
        "f1_score": 0.8239068441064639,
        "confusion_matrix": [
          [
            3051,
            949
          ],
          [
            533,
            3467
          ]
        ],
        "total_samples": 8000,
        "time_seconds": 28.635603189468384
      }
    },
    "stylegan2": {
      "no_blur": {
        "dataset_name": "stylegan2",
        "blur_mode": "no_blur",
        "accuracy": 0.7913119679519279,
        "precision": 0.8518294526761415,
        "recall": 0.7053079619429143,
        "f1_score": 0.7716751129982194,
        "confusion_matrix": [
          [
            7008,
            980
          ],
          [
            2354,
            5634
          ]
        ],
        "total_samples": 15976,
        "time_seconds": 30.46212387084961
      },
      "global": {
        "dataset_name": "stylegan2",
        "blur_mode": "global",
        "accuracy": 0.5927015523284928,
        "precision": 0.6902132031852042,
        "recall": 0.33637956935403107,
        "f1_score": 0.4523188283814494,
        "confusion_matrix": [
          [
            6782,
            1206
          ],
          [
            5301,
            2687
          ]
        ],
        "total_samples": 15976,
        "time_seconds": 54.21731662750244
      }
    },
    "stylegan": {
      "no_blur": {
        "dataset_name": "stylegan",
        "blur_mode": "no_blur",
        "accuracy": 0.7228342513770656,
        "precision": 0.8299555116164112,
        "recall": 0.5605074278083793,
        "f1_score": 0.6691242403108498,
        "confusion_matrix": [
          [
            5303,
            688
          ],
          [
            2633,
            3358
          ]
        ],
        "total_samples": 11982,
        "time_seconds": 23.946057081222534
      },
      "global": {
        "dataset_name": "stylegan",
        "blur_mode": "global",
        "accuracy": 0.5696044066099148,
        "precision": 0.6802074330164217,
        "recall": 0.2627274244700384,
        "f1_score": 0.3790487658037327,
        "confusion_matrix": [
          [
            5251,
            740
          ],
          [
            4417,
            1574
          ]
        ],
        "total_samples": 11982,
        "time_seconds": 37.663379430770874
      }
    },
    "adm": {
      "no_blur": {
        "dataset_name": "adm",
        "blur_mode": "no_blur",
        "accuracy": 0.80475,
        "precision": 0.9856573705179282,
        "recall": 0.6185,
        "f1_score": 0.7600614439324117,
        "confusion_matrix": [
          [
            5946,
            54
          ],
          [
            2289,
            3711
          ]
        ],
        "total_samples": 12000,
        "time_seconds": 21.517078399658203
      },
      "global": {
        "dataset_name": "adm",
        "blur_mode": "global",
        "accuracy": 0.6074166666666667,
        "precision": 0.7642476424764247,
        "recall": 0.31066666666666665,
        "f1_score": 0.44175850219220286,
        "confusion_matrix": [
          [
            5425,
            575
          ],
          [
            4136,
            1864
          ]
        ],
        "total_samples": 12000,
        "time_seconds": 40.379509687423706
      }
    },
    "vqdm": {
      "no_blur": {
        "dataset_name": "vqdm",
        "blur_mode": "no_blur",
        "accuracy": 0.9473333333333334,
        "precision": 0.9913950933723911,
        "recall": 0.9025,
        "f1_score": 0.9448612807537952,
        "confusion_matrix": [
          [
            5953,
            47
          ],
          [
            585,
            5415
          ]
        ],
        "total_samples": 12000,
        "time_seconds": 21.08134698867798
      },
      "global": {
        "dataset_name": "vqdm",
        "blur_mode": "global",
        "accuracy": 0.73975,
        "precision": 0.8549222797927462,
        "recall": 0.5775,
        "f1_score": 0.6893464637421666,
        "confusion_matrix": [
          [
            5412,
            588
          ],
          [
            2535,
            3465
          ]
        ],
        "total_samples": 12000,
        "time_seconds": 38.148221254348755
      }
    },
    "sdv14": {
      "no_blur": {
        "dataset_name": "sdv14",
        "blur_mode": "no_blur",
        "accuracy": 0.99525,
        "precision": 0.9920516641828118,
        "recall": 0.9985,
        "f1_score": 0.9952653874906554,
        "confusion_matrix": [
          [
            5952,
            48
          ],
          [
            9,
            5991
          ]
        ],
        "total_samples": 12000,
        "time_seconds": 28.394553422927856
      },
      "global": {
        "dataset_name": "sdv14",
        "blur_mode": "global",
        "accuracy": 0.91925,
        "precision": 0.9093572009764036,
        "recall": 0.9313333333333333,
        "f1_score": 0.9202140798682585,
        "confusion_matrix": [
          [
            5443,
            557
          ],
          [
            412,
            5588
          ]
        ],
        "total_samples": 12000,
        "time_seconds": 39.407374143600464
      }
    },
    "sdv15": {
      "no_blur": {
        "dataset_name": "sdv15",
        "blur_mode": "no_blur",
        "accuracy": 0.9936875,
        "precision": 0.9920269091815124,
        "recall": 0.995375,
        "f1_score": 0.993698134398203,
        "confusion_matrix": [
          [
            7936,
            64
          ],
          [
            37,
            7963
          ]
        ],
        "total_samples": 16000,
        "time_seconds": 36.46863603591919
      },
      "global": {
        "dataset_name": "sdv15",
        "blur_mode": "global",
        "accuracy": 0.9151875,
        "precision": 0.9076960844482632,
        "recall": 0.924375,
        "f1_score": 0.9159596209822258,
        "confusion_matrix": [
          [
            7248,
            752
          ],
          [
            605,
            7395
          ]
        ],
        "total_samples": 16000,
        "time_seconds": 53.15415620803833
      }
    },