{
  "config": {
    "model_path": "teacher_mixed_blur_training/dinov3-vith16plus-pretrain-lvd1689m_blur01/best_teacher_blur_model.pth",
    "blur_mode": "both",
    "batch_size": 256
  },
  "results": {
    "reddit": {
      "no_blur": {
        "dataset_name": "reddit",
        "blur_mode": "no_blur",
        "accuracy": 0.9066666666666666,
        "precision": 0.8538283062645011,
        "recall": 0.9813333333333333,
        "f1_score": 0.913151364764268,
        "confusion_matrix": [
          [
            624,
            126
          ],
          [
            14,
            736
          ]
        ],
        "total_samples": 1500,
        "time_seconds": 33.68455624580383
      },
      "global": {
        "dataset_name": "reddit",
        "blur_mode": "global",
        "accuracy": 0.7373333333333333,
        "precision": 0.6765873015873016,
        "recall": 0.9093333333333333,
        "f1_score": 0.7758816837315131,
        "confusion_matrix": [
          [
            424,
            326
          ],
          [
            68,
            682
          ]
        ],
        "total_samples": 1500,
        "time_seconds": 41.52845525741577
      }
    },
    "facebook": {
      "no_blur": {
        "dataset_name": "facebook",
        "blur_mode": "no_blur",
        "accuracy": 0.85,
        "precision": 0.7828282828282829,
        "recall": 0.96875,
        "f1_score": 0.8659217877094972,
        "confusion_matrix": [
          [
            117,
            43
          ],
          [
            5,
            155
          ]
        ],
        "total_samples": 320,
        "time_seconds": 7.187164545059204
      },
      "global": {
        "dataset_name": "facebook",
        "blur_mode": "global",
        "accuracy": 0.75,
        "precision": 0.6834862385321101,
        "recall": 0.93125,
        "f1_score": 0.7883597883597884,
        "confusion_matrix": [
          [
            91,
            69
          ],
          [
            11,
            149
          ]
        ],
        "total_samples": 320,
        "time_seconds": 11.44395923614502
      }
    },
    "twitter": {
      "no_blur": {
        "dataset_name": "twitter",
        "blur_mode": "no_blur",
        "accuracy": 0.9216152019002375,
        "precision": 0.9039735099337748,
        "recall": 0.9855595667870036,
        "f1_score": 0.9430051813471503,
        "confusion_matrix": [
          [
            115,
            29
          ],
          [
            4,
            273
          ]
        ],
        "total_samples": 421,
        "time_seconds": 12.140928983688354
      },
      "global": {
        "dataset_name": "twitter",
        "blur_mode": "global",
        "accuracy": 0.7980997624703088,
        "precision": 0.8,
        "recall": 0.924187725631769,
        "f1_score": 0.8576214405360134,
        "confusion_matrix": [
          [
            80,
            64
          ],
          [
            21,
            256
          ]
        ],
        "total_samples": 421,
        "time_seconds": 18.902241945266724
      }
    }
  }
}