{
  "config": {
    "model_path": "teacher_mixed_blur_training/dinov3-vit7b16-pretrain-lvd1689m_blur02/best_teacher_blur_model.pth",
    "blur_mode": "both",
    "batch_size": 256
  },
  "results": {
    "cyclegan": {
      "no_blur": {
        "dataset_name": "cyclegan",
        "blur_mode": "no_blur",
        "accuracy": 0.9239212717638153,
        "precision": 0.9582651391162029,
        "recall": 0.886449659348978,
        "f1_score": 0.9209594966574911,
        "confusion_matrix": [
          [
            1270,
            51
          ],
          [
            150,
            1171
          ]
        ],
        "total_samples": 2642,
        "time_seconds": 30.474677324295044
      },
      "global": {
        "dataset_name": "cyclegan",
        "blur_mode": "global",
        "accuracy": 0.7702498107494322,
        "precision": 0.8210431654676259,
        "recall": 0.6911430734292203,
        "f1_score": 0.7505137690094533,
        "confusion_matrix": [
          [
            1122,
            199
          ],
          [
            408,
            913
          ]
        ],
        "total_samples": 2642,
        "time_seconds": 52.10251760482788
      }
    },
    "progan": {
      "no_blur": {
        "dataset_name": "progan",
        "blur_mode": "no_blur",
        "accuracy": 0.96875,
        "precision": 0.9460038058991437,
        "recall": 0.99425,
        "f1_score": 0.969527059970746,
        "confusion_matrix": [
          [
            3773,
            227
          ],
          [
            23,
            3977
          ]
        ],
        "total_samples": 8000,
        "time_seconds": 67.68022799491882
      },
      "global": {
        "dataset_name": "progan",
        "blur_mode": "global",
        "accuracy": 0.920375,
        "precision": 0.8907738786892866,
        "recall": 0.95825,
        "f1_score": 0.9232807419005179,
        "confusion_matrix": [
          [
            3530,
            470
          ],
          [
            167,
            3833
          ]
        ],
        "total_samples": 8000,
        "time_seconds": 146.92890167236328
      }
    },
    "stylegan2": {
      "no_blur": {
        "dataset_name": "stylegan2",
        "blur_mode": "no_blur",
        "accuracy": 0.8964697045568353,
        "precision": 0.9470638057594579,
        "recall": 0.8398848272408613,
        "f1_score": 0.89026008492569,
        "confusion_matrix": [
          [
            7613,
            375
          ],
          [
            1279,
            6709
          ]
        ],
        "total_samples": 15976,
        "time_seconds": 134.07569479942322
      },
      "global": {
        "dataset_name": "stylegan2",
        "blur_mode": "global",
        "accuracy": 0.7371056584877316,
        "precision": 0.9028073160357295,
        "recall": 0.5314221331997997,
        "f1_score": 0.6690307328605201,
        "confusion_matrix": [
          [
            7531,
            457
          ],
          [
            3743,
            4245
          ]
        ],
        "total_samples": 15976,
        "time_seconds": 294.21024990081787
      }
    },
    "stylegan": {
      "no_blur": {
        "dataset_name": "stylegan",
        "blur_mode": "no_blur",
        "accuracy": 0.8552829243865798,
        "precision": 0.9426076107298814,
        "recall": 0.756634952428643,
        "f1_score": 0.8394444444444444,
        "confusion_matrix": [
          [
            5715,
            276
          ],
          [
            1458,
            4533
          ]
        ],
        "total_samples": 11982,
        "time_seconds": 100.40636968612671
      },
      "global": {
        "dataset_name": "stylegan",
        "blur_mode": "global",
        "accuracy": 0.7099816391253547,
        "precision": 0.9193333333333333,
        "recall": 0.4603572024703722,
        "f1_score": 0.613502391280169,
        "confusion_matrix": [
          [
            5749,
            242
          ],
          [
            3233,
            2758
          ]
        ],
        "total_samples": 11982,
        "time_seconds": 218.00352478027344
      }
    },
    "adm": {
      "no_blur": {
        "dataset_name": "adm",
        "blur_mode": "no_blur",
        "accuracy": 0.8593333333333333,
        "precision": 0.991116173120729,
        "recall": 0.7251666666666666,
        "f1_score": 0.8375360923965351,
        "confusion_matrix": [
          [
            5961,
            39
          ],
          [
            1649,
            4351
          ]
        ],
        "total_samples": 12000,
        "time_seconds": 100.45415925979614
      },
      "global": {
        "dataset_name": "adm",
        "blur_mode": "global",
        "accuracy": 0.6935,
        "precision": 0.8938263229308006,
        "recall": 0.43916666666666665,
        "f1_score": 0.5889584264640143,
        "confusion_matrix": [
          [
            5687,
            313
          ],
          [
            3365,
            2635
          ]
        ],
        "total_samples": 12000,
        "time_seconds": 217.64952445030212
      }
    },
    "vqdm": {
      "no_blur": {
        "dataset_name": "vqdm",
        "blur_mode": "no_blur",
        "accuracy": 0.9723333333333334,
        "precision": 0.9949353824659448,
        "recall": 0.9495,
        "f1_score": 0.9716868497356302,
        "confusion_matrix": [
          [
            5971,
            29
          ],
          [
            303,
            5697
          ]
        ],
        "total_samples": 12000,
        "time_seconds": 100.66417002677917
      },
      "global": {
        "dataset_name": "vqdm",
        "blur_mode": "global",
        "accuracy": 0.83275,
        "precision": 0.9381171823568137,
        "recall": 0.7125,
        "f1_score": 0.8098891730605285,
        "confusion_matrix": [
          [
            5718,
            282
          ],
          [
            1725,
            4275
          ]
        ],
        "total_samples": 12000,
        "time_seconds": 220.55976057052612
      }
    },
    "sdv14": {
      "no_blur": {
        "dataset_name": "sdv14",
        "blur_mode": "no_blur",
        "accuracy": 0.99775,
        "precision": 0.9956846473029045,
        "recall": 0.9998333333333334,
        "f1_score": 0.9977546777546777,
        "confusion_matrix": [
          [
            5974,
            26
          ],
          [
            1,
            5999
          ]
        ],
        "total_samples": 12000,
        "time_seconds": 100.80370473861694
      },
      "global": {
        "dataset_name": "sdv14",
        "blur_mode": "global",
        "accuracy": 0.9731666666666666,
        "precision": 0.9568715803025426,
        "recall": 0.991,
        "f1_score": 0.9736368102177829,
        "confusion_matrix": [
          [
            5732,
            268
          ],
          [
            54,
            5946
          ]
        ],
        "total_samples": 12000,
        "time_seconds": 219.06323647499084
      }
    },
    "sdv15": {
      "no_blur": {
        "dataset_name": "sdv15",
        "blur_mode": "no_blur",
        "accuracy": 0.99625,
        "precision": 0.9940268790443006,
        "recall": 0.9985,
        "f1_score": 0.9962584185582439,
        "confusion_matrix": [
          [
            7952,
            48
          ],
          [
            12,
            7988
          ]
        ],
        "total_samples": 16000,
        "time_seconds": 133.29739379882812
      },
      "global": {
        "dataset_name": "sdv15",
        "blur_mode": "global",
        "accuracy": 0.9670625,
        "precision": 0.9512136215432919,
        "recall": 0.984625,
        "f1_score": 0.9676309808979793,
        "confusion_matrix": [
          [
            7596,
            404
          ],
          [
            123,
            7877
          ]
        ],
        "total_samples": 16000,
        "time_seconds": 287.1669592857361
      }
    },