{
  "model_path": "/nas_train/app.e0016372/models/dinov3-vit7b16-pretrain-lvd1689m",
  "data_root": "/data/app.e0016372/11ar_datasets/test/wukong/1_fake",
  "blur_type": "motion",
  "strengths": [
    0.0,
    0.1,
    0.2,
    0.3,
    0.4,
    0.5
  ],
  "average_consistency": {
    "0.000": 1.0,
    "0.100": 0.9886826719542143,
    "0.200": 0.9777891877311293,
    "0.300": 0.9583450726707712,
    "0.400": 0.9439570762993718,
    "0.500": 0.9290995951588523
  }
}