{
  "model_path": "/nas_train/app.e0016372/models/dinov3-vit7b16-pretrain-lvd1689m",
  "data_root": "/data/app.e0016372/11ar_datasets/test/wukong/1_fake",
  "blur_type": "motion",
  "transform_config": {
    "resize_size": 512,
    "crop_size": 448,
    "mean": [
      0.485,
      0.456,
      0.406
    ],
    "std": [
      0.229,
      0.224,
      0.225
    ]
  },
  "results": {
    "0_wukong_image128.png": {
      "0.000": 1.0,
      "0.100": 0.9910493168131309,
      "0.200": 0.9783198427796544,
      "0.300": 0.9539634762155945,
      "0.400": 0.9372954086033326,
      "0.500": 0.9200016131617148
    },
    "0_wukong_image188.png": {
      "0.000": 1.0,
      "0.100": 0.979410635795137,
      "0.200": 0.9697010521547453,
      "0.300": 0.9530441220441114,
      "0.400": 0.9461694552091502,
      "0.500": 0.9377704881678808
    },
    "0_wukong_image198.png": {
      "0.000": 1.0,
      "0.100": 0.9909475852242863,
      "0.200": 0.9793389878794582,
      "0.300": 0.9616088973751487,
      "0.400": 0.9487689334748303,
      "0.500": 0.9380115035825998
    },
    "0_wukong_image61.png": {
      "0.000": 1.0,
      "0.100": 0.9906517901519755,
      "0.200": 0.9813484837481715,
      "0.300": 0.9666285781963451,
      "0.400": 0.9562793773736831,
      "0.500": 0.9465121519502487
    },
    "0_wukong_image86.png": {
      "0.000": 1.0,
      "0.100": 0.9878349846450771,
      "0.200": 0.9795659563446553,
      "0.300": 0.9716745544582048,
      "0.400": 0.9674191462390591,
      "0.500": 0.9635547987962041
    },
    "0_wukong_image88.png": {
      "0.000": 1.0,
      "0.100": 0.9913120685210138,
      "0.200": 0.9859001537485731,
      "0.300": 0.9796269317032263,
      "0.400": 0.9738683482064867,
      "0.500": 0.966698207050057
    },
    "100_wukong_image128.png": {
      "0.000": 1.0,
      "0.100": 0.9852880232413199,
      "0.200": 0.9693249454436053,
      "0.300": 0.9408132243500594,
      "0.400": 0.9205387432251897,
      "0.500": 0.9028730067680186
    },
    "100_wukong_image188.png": {
      "0.000": 1.0,
      "0.100": 0.9880960380191658,
      "0.200": 0.9738145142101514,
      "0.300": 0.9464444278763119,
      "0.400": 0.9257563668449812,
      "0.500": 0.902544989992638
    },
    "100_wukong_image198.png": {
      "0.000": 1.0,
      "0.100": 0.9869519013641757,
      "0.200": 0.9730465644047068,
      "0.300": 0.9465165466923451,
      "0.400": 0.9289425638171779,
      "0.500": 0.9139384640457021
    },
    "100_wukong_image61.png": {
      "0.000": 1.0,
      "0.100": 0.9898783397426796,
      "0.200": 0.974498850870231,
      "0.300": 0.9356935705629745,
      "0.400": 0.906823792356104,
      "0.500": 0.873416414463828
    },
    "100_wukong_image86.png": {
      "0.000": 1.0,
      "0.100": 0.9895022710296499,
      "0.200": 0.9759854489363227,
      "0.300": 0.946838233163327,
      "0.400": 0.9227296128065263,
      "0.500": 0.8944402804106093
    },
    "100_wukong_image88.png": {
      "0.000": 1.0,
      "0.100": 0.9854364893154068,
      "0.200": 0.9693968675927074,
      "0.300": 0.9406705744614774,
      "0.400": 0.9215731615930838,
      "0.500": 0.901576552356824
    },
    "101_wukong_image128.png": {
      "0.000": 1.0,
      "0.100": 0.9900199420578432,
      "0.200": 0.9787784024328333,
      "0.300": 0.9610050737214128,
      "0.400": 0.952296539378427,
      "0.500": 0.9429171558001543
    },
    "101_wukong_image188.png": {
      "0.000": 1.0,
      "0.100": 0.9595075363196255,
      "0.200": 0.9293776221424188,
      "0.300": 0.8920863335643879,
      "0.400": 0.8623086740452874,
      "0.500": 0.8401323745286713
    },
    "101_wukong_image198.png": {
      "0.000": 1.0,
      "0.100": 0.9502879868916229,
      "0.200": 0.9136844188401441,
      "0.300": 0.8859564709781804,
      "0.400": 0.8684710386405685,
      "0.500": 0.851326269533168
    },
    "101_wukong_image61.png": {
      "0.000": 1.0,
      "0.100": 0.9916699419913764,
      "0.200": 0.9841790688398473,
      "0.300": 0.9747372302625157,
      "0.400": 0.964417095338537,
      "0.500": 0.958103559001536
    },
    "101_wukong_image86.png": {
      "0.000": 1.0,
      "0.100": 0.9825192060200093,
      "0.200": 0.9711761009957474,
      "0.300": 0.9493635546099901,
      "0.400": 0.9337403626473672,
      "0.500": 0.9153408492903344
    },
    "101_wukong_image88.png": {
      "0.000": 1.0,
      "0.100": 0.980398278561509,
      "0.200": 0.9583878263945013,
      "0.300": 0.9101210506290793,
      "0.400": 0.8872959442581766,
      "0.500": 0.8622466421492524
    },
    "102_wukong_image128.png": {
      "0.000": 1.0,
      "0.100": 0.9928979030196029,
      "0.200": 0.9850772960775526,
      "0.300": 0.973320857880394,
      "0.400": 0.9641237483166678,
      "0.500": 0.956427718432722
    },
    "102_wukong_image188.png": {
      "0.000": 1.0,
      "0.100": 0.989673834427979,
      "0.200": 0.9845127021255453,
      "0.300": 0.9783102911292247,
      "0.400": 0.9742509051120671,
      "0.500": 0.9688378224443396
    },
    "102_wukong_image198.png": {
      "0.000": 1.0,
      "0.100": 0.9898728546336415,
      "0.200": 0.9846195214417421,
      "0.300": 0.9764511199029132,
      "0.400": 0.9707140534378649,
      "0.500": 0.9652869009586844
    },
    "102_wukong_image61.png": {
      "0.000": 1.0,
      "0.100": 0.9907475898178703,
      "0.200": 0.9852292499656488,
      "0.300": 0.976844267713129,
      "0.400": 0.9721735202549808,
      "0.500": 0.966934853389931
    },
    "102_wukong_image86.png": {
      "0.000": 1.0,
      "0.100": 0.994673810835651,
      "0.200": 0.9901282209493062,
      "0.300": 0.9837567666579946,
      "0.400": 0.9790379021233218,
      "0.500": 0.9733933863544818
    },
    "102_wukong_image88.png": {
      "0.000": 1.0,
      "0.100": 0.9932041339599597,
      "0.200": 0.9889565247359374,
      "0.300": 0.9813939446341751,
      "0.400": 0.9778562851835138,
      "0.500": 0.9731753453000235
    },
    "103_wukong_image128.png": {
      "0.000": 1.0,
      "0.100": 0.9924166044843362,
      "0.200": 0.9829524898230405,
      "0.300": 0.963079777782416,
      "0.400": 0.9477089000022657,
      "0.500": 0.9321024900995709
    },
    "103_wukong_image188.png": {
      "0.000": 1.0,
      "0.100": 0.9930888466401363,
      "0.200": 0.9872235520986815,
      "0.300": 0.9775969962016813,
      "0.400": 0.9694592130847275,
      "0.500": 0.9610898106310485
    },
    "103_wukong_image198.png": {
      "0.000": 1.0,
      "0.100": 0.9903705186626882,
      "0.200": 0.9779098815205948,
      "0.300": 0.9521318930572408,
      "0.400": 0.9307867211444794,
      "0.500": 0.9080376968866981
    },
    "103_wukong_image61.png": {
      "0.000": 1.0,
      "0.100": 0.9923664439398606,
      "0.200": 0.9807136593432303,
      "0.300": 0.9647502660454985,
      "0.400": 0.9574914283896117,
      "0.500": 0.9497881022444857
    },
    "103_wukong_image86.png": {
      "0.000": 1.0,
      "0.100": 0.99485224667347,
      "0.200": 0.9919132064584436,
      "0.300": 0.9859549641867507,
      "0.400": 0.9811970012006608,
      "0.500": 0.9749378683310127
    },
    "103_wukong_image88.png": {
      "0.000": 1.0,
      "0.100": 0.9900613837682257,
      "0.200": 0.9818755568155441,
      "0.300": 0.972067360376218,
      "0.400": 0.9675312355546001,
      "0.500": 0.9599102923478845
    },
    "104_wukong_image128.png": {
      "0.000": 1.0,
      "0.100": 0.993345596613111,
      "0.200": 0.9864265727162232,
      "0.300": 0.9720045657097645,
      "0.400": 0.9585732689419121,
      "0.500": 0.9434235630172056
    },
    "104_wukong_image188.png": {
      "0.000": 1.0,
      "0.100": 0.9916600696440665,
      "0.200": 0.982793949594238,
      "0.300": 0.9647195756949344,
      "0.400": 0.9502810123114209,
      "0.500": 0.934473382019251
    },
    "104_wukong_image198.png": {
      "0.000": 1.0,
      "0.100": 0.9916631342529845,
      "0.200": 0.9833743921705745,
      "0.300": 0.9677237609375484,