{
  "config": {
    "model_path": "teacher_blur_training/dinov3-vith16plus-pretrain-lvd1689m_blur01/best_teacher_blur_model.pth",
    "blur_mode": "both",
    "batch_size": 256
  },
  "results": {
    "reddit": {
      "no_blur": {
        "dataset_name": "reddit",
        "blur_mode": "no_blur",
        "accuracy": 0.868,
        "precision": 0.7980561555075594,
        "recall": 0.9853333333333333,
        "f1_score": 0.8818615751789977,
        "confusion_matrix": [
          [
            563,
            187
          ],
          [
            11,
            739
          ]
        ],
        "total_samples": 1500,
        "time_seconds": 33.497835636138916
      },
      "global": {
        "dataset_name": "reddit",
        "blur_mode": "global",
        "accuracy": 0.7053333333333334,
        "precision": 0.6410256410256411,
        "recall": 0.9333333333333333,
        "f1_score": 0.760043431053203,
        "confusion_matrix": [
          [
            358,
            392
          ],
          [
            50,
            700
          ]
        ],
        "total_samples": 1500,
        "time_seconds": 41.568605184555054
      }
    },
    "facebook": {
      "no_blur": {
        "dataset_name": "facebook",
        "blur_mode": "no_blur",
        "accuracy": 0.8375,
        "precision": 0.7673267326732673,
        "recall": 0.96875,
        "f1_score": 0.856353591160221,
        "confusion_matrix": [
          [
            113,
            47
          ],
          [
            5,
            155
          ]
        ],
        "total_samples": 320,
        "time_seconds": 5.910006284713745
      },
      "global": {
        "dataset_name": "facebook",
        "blur_mode": "global",
        "accuracy": 0.715625,
        "precision": 0.6493506493506493,
        "recall": 0.9375,
        "f1_score": 0.7672634271099744,
        "confusion_matrix": [
          [
            79,
            81
          ],
          [
            10,
            150
          ]
        ],
        "total_samples": 320,
        "time_seconds": 11.00782299041748
      }
    },
    "twitter": {
      "no_blur": {
        "dataset_name": "twitter",
        "blur_mode": "no_blur",
        "accuracy": 0.9216152019002375,
        "precision": 0.9013157894736842,
        "recall": 0.9891696750902527,
        "f1_score": 0.9432013769363167,
        "confusion_matrix": [
          [
            114,
            30
          ],
          [
            3,
            274
          ]
        ],
        "total_samples": 421,
        "time_seconds": 12.113770723342896
      },
      "global": {
        "dataset_name": "twitter",
        "blur_mode": "global",
        "accuracy": 0.8123515439429929,
        "precision": 0.8113207547169812,
        "recall": 0.9314079422382672,
        "f1_score": 0.8672268907563025,
        "confusion_matrix": [
          [
            84,
            60
          ],
          [
            19,
            258
          ]
        ],
        "total_samples": 421,
        "time_seconds": 16.444002866744995
      }
    }
  }
}