{
  "config": {
    "model_path": "teacher_mixed_blur_training/dinov3-vith16plus-pretrain-lvd1689m_blur02/best_teacher_blur_model.pth",
    "blur_mode": "both",
    "batch_size": 256
  },
  "results": {
    "cyclegan": {
      "no_blur": {
        "dataset_name": "cyclegan",
        "blur_mode": "no_blur",
        "accuracy": 0.8800151400454201,
        "precision": 0.9419014084507042,
        "recall": 0.8099924299772899,
        "f1_score": 0.870980870980871,
        "confusion_matrix": [
          [
            1255,
            66
          ],
          [
            251,
            1070
          ]
        ],
        "total_samples": 2642,
        "time_seconds": 12.693009376525879
      },
      "global": {
        "dataset_name": "cyclegan",
        "blur_mode": "global",
        "accuracy": 0.6752460257380772,
        "precision": 0.7173708920187793,
        "recall": 0.5783497350492052,
        "f1_score": 0.6404023470243084,
        "confusion_matrix": [
          [
            1020,
            301
          ],
          [
            557,
            764
          ]
        ],
        "total_samples": 2642,
        "time_seconds": 12.30893588066101
      }
    },
    "progan": {
      "no_blur": {
        "dataset_name": "progan",
        "blur_mode": "no_blur",
        "accuracy": 0.8975,
        "precision": 0.8353015605229861,
        "recall": 0.99025,
        "f1_score": 0.9061999542438801,
        "confusion_matrix": [
          [
            3219,
            781
          ],
          [
            39,
            3961
          ]
        ],
        "total_samples": 8000,
        "time_seconds": 14.716552257537842
      },
      "global": {
        "dataset_name": "progan",
        "blur_mode": "global",
        "accuracy": 0.82025,
        "precision": 0.7811676909569798,
        "recall": 0.88975,
        "f1_score": 0.8319308087891538,
        "confusion_matrix": [
          [
            3003,
            997
          ],
          [
            441,
            3559
          ]
        ],
        "total_samples": 8000,
        "time_seconds": 26.656240224838257
      }
    },
    "stylegan2": {
      "no_blur": {
        "dataset_name": "stylegan2",
        "blur_mode": "no_blur",
        "accuracy": 0.7864922383575363,
        "precision": 0.8401962241712502,
        "recall": 0.7075613420130196,
        "f1_score": 0.7681957186544343,
        "confusion_matrix": [
          [
            6913,
            1075
          ],
          [
            2336,
            5652
          ]
        ],
        "total_samples": 15976,
        "time_seconds": 31.686469793319702
      },
      "global": {
        "dataset_name": "stylegan2",
        "blur_mode": "global",
        "accuracy": 0.6030295443164747,
        "precision": 0.7063691073219659,
        "recall": 0.35265398097145717,
        "f1_score": 0.47044088176352705,
        "confusion_matrix": [
          [
            6817,
            1171
          ],
          [
            5171,
            2817
          ]
        ],
        "total_samples": 15976,
        "time_seconds": 51.896926164627075
      }
    },
    "stylegan": {
      "no_blur": {
        "dataset_name": "stylegan",
        "blur_mode": "no_blur",
        "accuracy": 0.7316808546152562,
        "precision": 0.8388671875,
        "recall": 0.5735269571023202,
        "f1_score": 0.6812729255477347,
        "confusion_matrix": [
          [
            5331,
            660
          ],
          [
            2555,
            3436
          ]
        ],
        "total_samples": 11982,
        "time_seconds": 24.426432847976685
      },
      "global": {
        "dataset_name": "stylegan",
        "blur_mode": "global",
        "accuracy": 0.5844600233683859,
        "precision": 0.7030497592295345,
        "recall": 0.2924386579869805,
        "f1_score": 0.4130614169515502,
        "confusion_matrix": [
          [
            5251,
            740
          ],
          [
            4239,
            1752
          ]
        ],
        "total_samples": 11982,
        "time_seconds": 37.46134686470032
      }
    },
    "adm": {
      "no_blur": {
        "dataset_name": "adm",
        "blur_mode": "no_blur",
        "accuracy": 0.801,
        "precision": 0.9841823056300268,
        "recall": 0.6118333333333333,
        "f1_score": 0.754573484069887,
        "confusion_matrix": [
          [
            5941,
            59
          ],
          [
            2329,
            3671
          ]
        ],
        "total_samples": 12000,
        "time_seconds": 21.613864183425903
      },
      "global": {
        "dataset_name": "adm",
        "blur_mode": "global",
        "accuracy": 0.6068333333333333,
        "precision": 0.7653145695364238,
        "recall": 0.30816666666666664,
        "f1_score": 0.43940114068441066,
        "confusion_matrix": [
          [
            5433,
            567
          ],
          [
            4151,
            1849
          ]
        ],
        "total_samples": 12000,
        "time_seconds": 37.557732343673706
      }
    },
    "vqdm": {
      "no_blur": {
        "dataset_name": "vqdm",
        "blur_mode": "no_blur",
        "accuracy": 0.9438333333333333,
        "precision": 0.9918729220539343,
        "recall": 0.895,
        "f1_score": 0.9409497108813738,
        "confusion_matrix": [
          [
            5956,
            44
          ],
          [
            630,
            5370
          ]
        ],
        "total_samples": 12000,
        "time_seconds": 21.507493495941162
      },
      "global": {
        "dataset_name": "vqdm",
        "blur_mode": "global",
        "accuracy": 0.7456666666666667,
        "precision": 0.8614516920058852,
        "recall": 0.5855,
        "f1_score": 0.6971621353443144,
        "confusion_matrix": [
          [
            5435,
            565
          ],
          [
            2487,
            3513
          ]
        ],
        "total_samples": 12000,
        "time_seconds": 38.5644736289978
      }
    },
    "sdv14": {
      "no_blur": {
        "dataset_name": "sdv14",
        "blur_mode": "no_blur",
        "accuracy": 0.9946666666666667,
        "precision": 0.9910655195234944,
        "recall": 0.9983333333333333,
        "f1_score": 0.9946861507804716,
        "confusion_matrix": [
          [
            5946,
            54
          ],
          [
            10,
            5990
          ]
        ],
        "total_samples": 12000,
        "time_seconds": 27.821632862091064
      },
      "global": {
        "dataset_name": "sdv14",
        "blur_mode": "global",
        "accuracy": 0.9275833333333333,
        "precision": 0.9131905298759865,
        "recall": 0.945,
        "f1_score": 0.9288229994266525,
        "confusion_matrix": [
          [
            5461,
            539
          ],
          [
            330,
            5670
          ]
        ],
        "total_samples": 12000,
        "time_seconds": 36.886308908462524
      }
    },
    "sdv15": {
      "no_blur": {
        "dataset_name": "sdv15",
        "blur_mode": "no_blur",
        "accuracy": 0.9933125,
        "precision": 0.9914082928651475,
        "recall": 0.99525,
        "f1_score": 0.9933254319755473,
        "confusion_matrix": [
          [
            7931,
            69
          ],
          [
            38,
            7962
          ]
        ],
        "total_samples": 16000,
        "time_seconds": 36.157130002975464
      },
      "global": {
        "dataset_name": "sdv15",
        "blur_mode": "global",
        "accuracy": 0.9199375,
        "precision": 0.9053939905876675,
        "recall": 0.937875,
        "f1_score": 0.9213483146067416,
        "confusion_matrix": [
          [
            7216,
            784
          ],
          [
            497,
            7503
          ]
        ],
        "total_samples": 16000,
        "time_seconds": 52.096598386764526
      }
    },