{
  "config": {
    "model_path": "teacher_mixed_blur_training/dinov3-vith16plus-pretrain-lvd1689m_blur02/best_teacher_blur_model.pth",
    "blur_mode": "both",
    "batch_size": 256
  },
  "results": {
    "reddit": {
      "no_blur": {
        "dataset_name": "reddit",
        "blur_mode": "no_blur",
        "accuracy": 0.9126666666666666,
        "precision": 0.863689776733255,
        "recall": 0.98,
        "f1_score": 0.9181761399125546,
        "confusion_matrix": [
          [
            634,
            116
          ],
          [
            15,
            735
          ]
        ],
        "total_samples": 1500,
        "time_seconds": 33.43030047416687
      },
      "global": {
        "dataset_name": "reddit",
        "blur_mode": "global",
        "accuracy": 0.7433333333333333,
        "precision": 0.681592039800995,
        "recall": 0.9133333333333333,
        "f1_score": 0.7806267806267806,
        "confusion_matrix": [
          [
            430,
            320
          ],
          [
            65,
            685
          ]
        ],
        "total_samples": 1500,
        "time_seconds": 42.75733733177185
      }
    },
    "facebook": {
      "no_blur": {
        "dataset_name": "facebook",
        "blur_mode": "no_blur",
        "accuracy": 0.85625,
        "precision": 0.796875,
        "recall": 0.95625,
        "f1_score": 0.8693181818181818,
        "confusion_matrix": [
          [
            121,
            39
          ],
          [
            7,
            153
          ]
        ],
        "total_samples": 320,
        "time_seconds": 7.12060284614563
      },
      "global": {
        "dataset_name": "facebook",
        "blur_mode": "global",
        "accuracy": 0.753125,
        "precision": 0.6866359447004609,
        "recall": 0.93125,
        "f1_score": 0.7904509283819628,
        "confusion_matrix": [
          [
            92,
            68
          ],
          [
            11,
            149
          ]
        ],
        "total_samples": 320,
        "time_seconds": 11.176813125610352
      }
    },
    "twitter": {
      "no_blur": {
        "dataset_name": "twitter",
        "blur_mode": "no_blur",
        "accuracy": 0.9168646080760094,
        "precision": 0.8928571428571429,
        "recall": 0.9927797833935018,
        "f1_score": 0.9401709401709402,
        "confusion_matrix": [
          [
            111,
            33
          ],
          [
            2,
            275
          ]
        ],
        "total_samples": 421,
        "time_seconds": 12.246093511581421
      },
      "global": {
        "dataset_name": "twitter",
        "blur_mode": "global",
        "accuracy": 0.8147268408551069,
        "precision": 0.819935691318328,
        "recall": 0.9205776173285198,
        "f1_score": 0.8673469387755102,
        "confusion_matrix": [
          [
            88,
            56
          ],
          [
            22,
            255
          ]
        ],
        "total_samples": 421,
        "time_seconds": 17.834240198135376
      }
    }
  }
}