{
  "config": {
    "model_path": "teacher_blur_training/dinov3-vitl16-pretrain-lvd1689m_blur02/best_teacher_blur_model.pth",
    "blur_mode": "both",
    "batch_size": 256
  },
  "results": {
    "cyclegan": {
      "no_blur": {
        "dataset_name": "cyclegan",
        "blur_mode": "no_blur",
        "accuracy": 0.7982588947766843,
        "precision": 0.9095634095634095,
        "recall": 0.6623769871309614,
        "f1_score": 0.7665352606219886,
        "confusion_matrix": [
          [
            1234,
            87
          ],
          [
            446,
            875
          ]
        ],
        "total_samples": 2642,
        "time_seconds": 11.333081722259521
      },
      "global": {
        "dataset_name": "cyclegan",
        "blur_mode": "global",
        "accuracy": 0.5598031794095383,
        "precision": 0.6390845070422535,
        "recall": 0.2747918243754731,
        "f1_score": 0.38433033350979356,
        "confusion_matrix": [
          [
            1116,
            205
          ],
          [
            958,
            363
          ]
        ],
        "total_samples": 2642,
        "time_seconds": 31.823960542678833
      }
    },
    "progan": {
      "no_blur": {
        "dataset_name": "progan",
        "blur_mode": "no_blur",
        "accuracy": 0.82525,
        "precision": 0.7616653258246179,
        "recall": 0.94675,
        "f1_score": 0.8441818992420865,
        "confusion_matrix": [
          [
            2815,
            1185
          ],
          [
            213,
            3787
          ]
        ],
        "total_samples": 8000,
        "time_seconds": 12.819440126419067
      },
      "global": {
        "dataset_name": "progan",
        "blur_mode": "global",
        "accuracy": 0.707625,
        "precision": 0.7190714850962807,
        "recall": 0.6815,
        "f1_score": 0.6997817995122577,
        "confusion_matrix": [
          [
            2935,
            1065
          ],
          [
            1274,
            2726
          ]
        ],
        "total_samples": 8000,
        "time_seconds": 85.08934307098389
      }
    },
    "stylegan2": {
      "no_blur": {
        "dataset_name": "stylegan2",
        "blur_mode": "no_blur",
        "accuracy": 0.6654356534802204,
        "precision": 0.7476110174255199,
        "recall": 0.49949924887331,
        "f1_score": 0.598874296435272,
        "confusion_matrix": [
          [
            6641,
            1347
          ],
          [
            3998,
            3990
          ]
        ],
        "total_samples": 15976,
        "time_seconds": 29.00093674659729
      },
      "global": {
        "dataset_name": "stylegan2",
        "blur_mode": "global",
        "accuracy": 0.4943665498247371,
        "precision": 0.4814509480626546,
        "recall": 0.14621932899349024,
        "f1_score": 0.22431342423660458,
        "confusion_matrix": [
          [
            6730,
            1258
          ],
          [
            6820,
            1168
          ]
        ],
        "total_samples": 15976,
        "time_seconds": 169.76297760009766
      }
    },
    "stylegan": {
      "no_blur": {
        "dataset_name": "stylegan",
        "blur_mode": "no_blur",
        "accuracy": 0.6492238357536304,
        "precision": 0.752542372881356,
        "recall": 0.44466700050075114,
        "f1_score": 0.559017941454202,
        "confusion_matrix": [
          [
            5115,
            876
          ],
          [
            3327,
            2664
          ]
        ],
        "total_samples": 11982,
        "time_seconds": 21.59929347038269
      },
      "global": {
        "dataset_name": "stylegan",
        "blur_mode": "global",
        "accuracy": 0.49449173760640963,
        "precision": 0.4806565064478312,
        "recall": 0.1368719746286096,
        "f1_score": 0.21307002728335714,
        "confusion_matrix": [
          [
            5105,
            886
          ],
          [
            5171,
            820
          ]
        ],
        "total_samples": 11982,
        "time_seconds": 125.22069501876831
      }
    },
    "adm": {
      "no_blur": {
        "dataset_name": "adm",
        "blur_mode": "no_blur",
        "accuracy": 0.6343333333333333,
        "precision": 0.9167528438469493,
        "recall": 0.2955,
        "f1_score": 0.44693723216536424,
        "confusion_matrix": [
          [
            5839,
            161
          ],
          [
            4227,
            1773
          ]
        ],
        "total_samples": 12000,
        "time_seconds": 20.537034511566162
      },
      "global": {
        "dataset_name": "adm",
        "blur_mode": "global",
        "accuracy": 0.5325,
        "precision": 0.6015625,
        "recall": 0.1925,
        "f1_score": 0.2916666666666667,
        "confusion_matrix": [
          [
            5235,
            765
          ],
          [
            4845,
            1155
          ]
        ],
        "total_samples": 12000,
        "time_seconds": 128.52437257766724
      }
    },
    "vqdm": {
      "no_blur": {
        "dataset_name": "vqdm",
        "blur_mode": "no_blur",
        "accuracy": 0.836,
        "precision": 0.9649446494464945,
        "recall": 0.6973333333333334,
        "f1_score": 0.8095975232198143,
        "confusion_matrix": [
          [
            5848,
            152
          ],
          [
            1816,
            4184
          ]
        ],
        "total_samples": 12000,
        "time_seconds": 19.81654453277588
      },
      "global": {
        "dataset_name": "vqdm",
        "blur_mode": "global",
        "accuracy": 0.6421666666666667,
        "precision": 0.7730473751600512,
        "recall": 0.4025,
        "f1_score": 0.5293730819815871,
        "confusion_matrix": [
          [
            5291,
            709
          ],
          [
            3585,
            2415
          ]
        ],
        "total_samples": 12000,
        "time_seconds": 129.3077414035797
      }
    },
    "sdv14": {
      "no_blur": {
        "dataset_name": "sdv14",
        "blur_mode": "no_blur",
        "accuracy": 0.9770833333333333,
        "precision": 0.9707284986022036,
        "recall": 0.9838333333333333,
        "f1_score": 0.9772369836934028,
        "confusion_matrix": [
          [
            5822,
            178
          ],
          [
            97,
            5903
          ]
        ],
        "total_samples": 12000,
        "time_seconds": 27.506628036499023
      },
      "global": {
        "dataset_name": "sdv14",
        "blur_mode": "global",
        "accuracy": 0.83675,
        "precision": 0.858689863305521,
        "recall": 0.8061666666666667,
        "f1_score": 0.8315997593054242,
        "confusion_matrix": [
          [
            5204,
            796
          ],
          [
            1163,
            4837
          ]
        ],
        "total_samples": 12000,
        "time_seconds": 126.54139542579651
      }
    },
    "sdv15": {
      "no_blur": {
        "dataset_name": "sdv15",
        "blur_mode": "no_blur",
        "accuracy": 0.973375,
        "precision": 0.9707856787667827,
        "recall": 0.976125,
        "f1_score": 0.9734480179506357,
        "confusion_matrix": [
          [
            7765,
            235
          ],
          [
            191,
            7809
          ]
        ],
        "total_samples": 16000,
        "time_seconds": 35.75718569755554
      },
      "global": {
        "dataset_name": "sdv15",
        "blur_mode": "global",
        "accuracy": 0.841875,
        "precision": 0.871199782844734,
        "recall": 0.802375,
        "f1_score": 0.8353722019781364,
        "confusion_matrix": [
          [
            7051,
            949
          ],
          [
            1581,
            6419
          ]
        ],
        "total_samples": 16000,
        "time_seconds": 171.0565664768219
      }
    },