{
  "config": {
    "model_path": "teacher_blur_training/dinov3-vit7b16-pretrain-lvd1689m_blur02/best_teacher_blur_model.pth",
    "blur_mode": "both",
    "batch_size": 256
  },
  "results": {
    "cyclegan": {
      "no_blur": {
        "dataset_name": "cyclegan",
        "blur_mode": "no_blur",
        "accuracy": 0.9182437547312642,
        "precision": 0.9718189581554227,
        "recall": 0.8614685844057532,
        "f1_score": 0.913322632423756,
        "confusion_matrix": [
          [
            1288,
            33
          ],
          [
            183,
            1138
          ]
        ],
        "total_samples": 2642,
        "time_seconds": 30.732995748519897
      },
      "global": {
        "dataset_name": "cyclegan",
        "blur_mode": "global",
        "accuracy": 0.808099924299773,
        "precision": 0.8876190476190476,
        "recall": 0.7055261165783497,
        "f1_score": 0.7861661746098693,
        "confusion_matrix": [
          [
            1203,
            118
          ],
          [
            389,
            932
          ]
        ],
        "total_samples": 2642,
        "time_seconds": 51.3393657207489
      }
    },
    "progan": {
      "no_blur": {
        "dataset_name": "progan",
        "blur_mode": "no_blur",
        "accuracy": 0.956375,
        "precision": 0.9244361776331086,
        "recall": 0.994,
        "f1_score": 0.9579568726659439,
        "confusion_matrix": [
          [
            3675,
            325
          ],
          [
            24,
            3976
          ]
        ],
        "total_samples": 8000,
        "time_seconds": 67.7255699634552
      },
      "global": {
        "dataset_name": "progan",
        "blur_mode": "global",
        "accuracy": 0.906125,
        "precision": 0.8900360144057623,
        "recall": 0.92675,
        "f1_score": 0.9080220453153705,
        "confusion_matrix": [
          [
            3542,
            458
          ],
          [
            293,
            3707
          ]
        ],
        "total_samples": 8000,
        "time_seconds": 148.15052771568298
      }
    },
    "stylegan2": {
      "no_blur": {
        "dataset_name": "stylegan2",
        "blur_mode": "no_blur",
        "accuracy": 0.9029794692038057,
        "precision": 0.9354707792207793,
        "recall": 0.8656735102653981,
        "f1_score": 0.8992197659297789,
        "confusion_matrix": [
          [
            7511,
            477
          ],
          [
            1073,
            6915
          ]
        ],
        "total_samples": 15976,
        "time_seconds": 134.1469488143921
      },
      "global": {
        "dataset_name": "stylegan2",
        "blur_mode": "global",
        "accuracy": 0.7228342513770656,
        "precision": 0.9086317722681359,
        "recall": 0.49549323985978966,
        "f1_score": 0.6412832145171743,
        "confusion_matrix": [
          [
            7590,
            398
          ],
          [
            4030,
            3958
          ]
        ],
        "total_samples": 15976,
        "time_seconds": 288.2168321609497
      }
    },
    "stylegan": {
      "no_blur": {
        "dataset_name": "stylegan",
        "blur_mode": "no_blur",
        "accuracy": 0.8657152395259556,
        "precision": 0.9333465189873418,
        "recall": 0.7876815222834251,
        "f1_score": 0.8543495971757038,
        "confusion_matrix": [
          [
            5654,
            337
          ],
          [
            1272,
            4719
          ]
        ],
        "total_samples": 11982,
        "time_seconds": 102.14663553237915
      },
      "global": {
        "dataset_name": "stylegan",
        "blur_mode": "global",
        "accuracy": 0.685110999833083,
        "precision": 0.9047445255474452,
        "recall": 0.41378734768819897,
        "f1_score": 0.5678616424235483,
        "confusion_matrix": [
          [
            5730,
            261
          ],
          [
            3512,
            2479
          ]
        ],
        "total_samples": 11982,
        "time_seconds": 215.2085030078888
      }
    },
    "adm": {
      "no_blur": {
        "dataset_name": "adm",
        "blur_mode": "no_blur",
        "accuracy": 0.854,
        "precision": 0.9909847434119279,
        "recall": 0.7145,
        "f1_score": 0.8303312027890761,
        "confusion_matrix": [
          [
            5961,
            39
          ],
          [
            1713,
            4287
          ]
        ],
        "total_samples": 12000,
        "time_seconds": 101.00438904762268
      },
      "global": {
        "dataset_name": "adm",
        "blur_mode": "global",
        "accuracy": 0.6884166666666667,
        "precision": 0.8923984727525165,
        "recall": 0.4285,
        "f1_score": 0.5789888526066884,
        "confusion_matrix": [
          [
            5690,
            310
          ],
          [
            3429,
            2571
          ]
        ],
        "total_samples": 12000,
        "time_seconds": 215.4176607131958
      }
    },
    "vqdm": {
      "no_blur": {
        "dataset_name": "vqdm",
        "blur_mode": "no_blur",
        "accuracy": 0.9738333333333333,
        "precision": 0.9959874389392882,
        "recall": 0.9515,
        "f1_score": 0.973235594953972,
        "confusion_matrix": [
          [
            5977,
            23
          ],
          [
            291,
            5709
          ]
        ],
        "total_samples": 12000,
        "time_seconds": 101.41586637496948
      },
      "global": {
        "dataset_name": "vqdm",
        "blur_mode": "global",
        "accuracy": 0.8298333333333333,
        "precision": 0.9334209373631187,
        "recall": 0.7103333333333334,
        "f1_score": 0.806738595494984,
        "confusion_matrix": [
          [
            5696,
            304
          ],
          [
            1738,
            4262
          ]
        ],
        "total_samples": 12000,
        "time_seconds": 216.77451634407043
      }
    },
    "sdv14": {
      "no_blur": {
        "dataset_name": "sdv14",
        "blur_mode": "no_blur",
        "accuracy": 0.9965,
        "precision": 0.9935387673956262,
        "recall": 0.9995,
        "f1_score": 0.9965104685942173,
        "confusion_matrix": [
          [
            5961,
            39
          ],
          [
            3,
            5997
          ]
        ],
        "total_samples": 12000,
        "time_seconds": 100.70349836349487
      },
      "global": {
        "dataset_name": "sdv14",
        "blur_mode": "global",
        "accuracy": 0.93125,
        "precision": 0.9537085744345082,
        "recall": 0.9065,
        "f1_score": 0.9295052550628045,
        "confusion_matrix": [
          [
            5736,
            264
          ],
          [
            561,
            5439
          ]
        ],
        "total_samples": 12000,
        "time_seconds": 219.2679340839386
      }
    },
    "sdv15": {
      "no_blur": {
        "dataset_name": "sdv15",
        "blur_mode": "no_blur",
        "accuracy": 0.99525,
        "precision": 0.9935226706527155,
        "recall": 0.997,
        "f1_score": 0.9952582979785376,
        "confusion_matrix": [
          [
            7948,
            52
          ],
          [
            24,
            7976
          ]
        ],
        "total_samples": 16000,
        "time_seconds": 133.92293882369995
      },
      "global": {
        "dataset_name": "sdv15",
        "blur_mode": "global",
        "accuracy": 0.9178125,
        "precision": 0.9444222842707087,
        "recall": 0.887875,
        "f1_score": 0.9152760775723213,
        "confusion_matrix": [
          [
            7582,
            418
          ],
          [
            897,
            7103
          ]
        ],
        "total_samples": 16000,
        "time_seconds": 290.0534317493439
      }
    },
    "stargan": {
      "no_blur": {
        "dataset_name": "stargan",