{
  "config": {
    "model_path": "teacher_blur_training/dinov3-vit7b16-pretrain-lvd1689m_blur02/best_teacher_blur_model.pth",
    "blur_mode": "both",
    "batch_size": 256
  },
  "results": {
    "reddit": {
      "no_blur": {
        "dataset_name": "reddit",
        "blur_mode": "no_blur",
        "accuracy": 0.9506666666666667,
        "precision": 0.9289340101522843,
        "recall": 0.976,
        "f1_score": 0.951885565669701,
        "confusion_matrix": [
          [
            694,
            56
          ],
          [
            18,
            732
          ]
        ],
        "total_samples": 1500,
        "time_seconds": 42.88073801994324
      },
      "global": {
        "dataset_name": "reddit",
        "blur_mode": "global",
        "accuracy": 0.7933333333333333,
        "precision": 0.7365591397849462,
        "recall": 0.9133333333333333,
        "f1_score": 0.8154761904761905,
        "confusion_matrix": [
          [
            505,
            245
          ],
          [
            65,
            685
          ]
        ],
        "total_samples": 1500,
        "time_seconds": 50.42174029350281
      }
    },
    "facebook": {
      "no_blur": {
        "dataset_name": "facebook",
        "blur_mode": "no_blur",
        "accuracy": 0.909375,
        "precision": 0.8786127167630058,
        "recall": 0.95,
        "f1_score": 0.9129129129129129,
        "confusion_matrix": [
          [
            139,
            21
          ],
          [
            8,
            152
          ]
        ],
        "total_samples": 320,
        "time_seconds": 8.165546417236328
      },
      "global": {
        "dataset_name": "facebook",
        "blur_mode": "global",
        "accuracy": 0.815625,
        "precision": 0.7616580310880829,
        "recall": 0.91875,
        "f1_score": 0.8328611898016998,
        "confusion_matrix": [
          [
            114,
            46
          ],
          [
            13,
            147
          ]
        ],
        "total_samples": 320,
        "time_seconds": 13.185590744018555
      }
    },
    "twitter": {
      "no_blur": {
        "dataset_name": "twitter",
        "blur_mode": "no_blur",
        "accuracy": 0.9572446555819477,
        "precision": 0.96415770609319,
        "recall": 0.9711191335740073,
        "f1_score": 0.9676258992805755,
        "confusion_matrix": [
          [
            134,
            10
          ],
          [
            8,
            269
          ]
        ],
        "total_samples": 421,
        "time_seconds": 14.667093992233276
      },
      "global": {
        "dataset_name": "twitter",
        "blur_mode": "global",
        "accuracy": 0.838479809976247,
        "precision": 0.8591065292096219,
        "recall": 0.9025270758122743,
        "f1_score": 0.8802816901408451,
        "confusion_matrix": [
          [
            103,
            41
          ],
          [
            27,
            250
          ]
        ],
        "total_samples": 421,
        "time_seconds": 20.733914136886597
      }
    }
  }
}